heldout_seed,regression_budget,selected_model,selected_rule,source_rows,source_recoveries,source_regressions,target,other,seed,pid,trial,baseline_correct,raw_router_correct,pairwise_gated_correct,raw_accept,pairwise_accept,policy,packet_id,judge_model,judge_rule,judge_choice
60601,0,mathstral,never,4,0,0,MATH/Llama,MATH/Gemma,60601,0,0,False,False,False,False,False,baseline,,mathstral,never,NOT_ROUTED
60601,0,mathstral,never,4,0,0,MATH/Llama,MATH/Gemma,60601,0,1,False,False,False,False,False,baseline,,mathstral,never,NOT_ROUTED
60601,0,mathstral,never,4,0,0,MATH/Llama,MATH/Gemma,60601,0,2,False,False,False,False,False,baseline,,mathstral,never,NOT_ROUTED
60601,0,mathstral,never,4,0,0,MATH/Llama,MATH/Gemma,60601,0,3,False,False,False,False,False,baseline,,mathstral,never,NOT_ROUTED
60601,0,mathstral,never,4,0,0,MATH/Llama,MATH/Gemma,60601,0,4,False,False,False,False,False,baseline,,mathstral,never,NOT_ROUTED
60601,0,mathstral,never,4,0,0,MATH/Llama,MATH/Gemma,60601,0,5,False,False,False,False,False,baseline,,mathstral,never,NOT_ROUTED
60601,0,mathstral,never,4,0,0,MATH/Llama,MATH/Gemma,60601,0,6,False,False,False,False,False,baseline,,mathstral,never,NOT_ROUTED
60601,0,mathstral,never,4,0,0,MATH/Llama,MATH/Gemma,60601,0,7,False,False,False,False,False,baseline,,mathstral,never,NOT_ROUTED
60601,0,mathstral,never,4,0,0,MATH/Llama,MATH/Gemma,60601,1,0,True,True,True,False,False,baseline,,mathstral,never,NOT_ROUTED
60601,0,mathstral,never,4,0,0,MATH/Llama,MATH/Gemma,60601,1,1,False,False,False,False,False,baseline,,mathstral,never,NOT_ROUTED
60601,0,mathstral,never,4,0,0,MATH/Llama,MATH/Gemma,60601,1,2,False,False,False,False,False,baseline,,mathstral,never,NOT_ROUTED
60601,0,mathstral,never,4,0,0,MATH/Llama,MATH/Gemma,60601,1,3,False,False,False,False,False,baseline,,mathstral,never,NOT_ROUTED
60601,0,mathstral,never,4,0,0,MATH/Llama,MATH/Gemma,60601,1,4,False,False,False,False,False,baseline,,mathstral,never,NOT_ROUTED
60601,0,mathstral,never,4,0,0,MATH/Llama,MATH/Gemma,60601,1,5,False,False,False,False,False,baseline,,mathstral,never,NOT_ROUTED
60601,0,mathstral,never,4,0,0,MATH/Llama,MATH/Gemma,60601,1,6,False,False,False,False,False,baseline,,mathstral,never,NOT_ROUTED
60601,0,mathstral,never,4,0,0,MATH/Llama,MATH/Gemma,60601,1,7,False,False,False,False,False,baseline,,mathstral,never,NOT_ROUTED
60601,0,mathstral,never,4,0,0,MATH/Llama,MATH/Gemma,60601,2,0,True,True,True,False,False,baseline,,mathstral,never,NOT_ROUTED
60601,0,mathstral,never,4,0,0,MATH/Llama,MATH/Gemma,60601,2,1,True,True,True,False,False,baseline,,mathstral,never,NOT_ROUTED
60601,0,mathstral,never,4,0,0,MATH/Llama,MATH/Gemma,60601,2,2,True,True,True,False,False,baseline,,mathstral,never,NOT_ROUTED
60601,0,mathstral,never,4,0,0,MATH/Llama,MATH/Gemma,60601,2,3,True,True,True,False,False,baseline,,mathstral,never,NOT_ROUTED
60601,0,mathstral,never,4,0,0,MATH/Llama,MATH/Gemma,60601,2,4,True,True,True,False,False,baseline,,mathstral,never,NOT_ROUTED
60601,0,mathstral,never,4,0,0,MATH/Llama,MATH/Gemma,60601,2,5,True,True,True,False,False,baseline,,mathstral,never,NOT_ROUTED
60601,0,mathstral,never,4,0,0,MATH/Llama,MATH/Gemma,60601,2,6,True,True,True,False,False,baseline,,mathstral,never,NOT_ROUTED
60601,0,mathstral,never,4,0,0,MATH/Llama,MATH/Gemma,60601,2,7,True,True,True,False,False,baseline,,mathstral,never,NOT_ROUTED
60601,0,mathstral,never,4,0,0,MATH/Llama,MATH/Gemma,60601,3,0,True,True,True,False,False,baseline,,mathstral,never,NOT_ROUTED
60601,0,mathstral,never,4,0,0,MATH/Llama,MATH/Gemma,60601,3,1,True,True,True,False,False,baseline,,mathstral,never,NOT_ROUTED
60601,0,mathstral,never,4,0,0,MATH/Llama,MATH/Gemma,60601,3,2,True,True,True,False,False,baseline,,mathstral,never,NOT_ROUTED
60601,0,mathstral,never,4,0,0,MATH/Llama,MATH/Gemma,60601,3,3,True,True,True,False,False,baseline,,mathstral,never,NOT_ROUTED
60601,0,mathstral,never,4,0,0,MATH/Llama,MATH/Gemma,60601,3,4,True,True,True,False,False,baseline,,mathstral,never,NOT_ROUTED
60601,0,mathstral,never,4,0,0,MATH/Llama,MATH/Gemma,60601,3,5,True,True,True,False,False,baseline,,mathstral,never,NOT_ROUTED
60601,0,mathstral,never,4,0,0,MATH/Llama,MATH/Gemma,60601,3,6,True,True,True,False,False,baseline,,mathstral,never,NOT_ROUTED
60601,0,mathstral,never,4,0,0,MATH/Llama,MATH/Gemma,60601,3,7,True,True,True,False,False,baseline,,mathstral,never,NOT_ROUTED
60601,0,mathstral,never,4,0,0,MATH/Llama,MATH/Gemma,60601,4,0,True,True,True,False,False,baseline,,mathstral,never,NOT_ROUTED
60601,0,mathstral,never,4,0,0,MATH/Llama,MATH/Gemma,60601,4,1,True,True,True,False,False,baseline,,mathstral,never,NOT_ROUTED
60601,0,mathstral,never,4,0,0,MATH/Llama,MATH/Gemma,60601,4,2,True,True,True,False,False,baseline,,mathstral,never,NOT_ROUTED
60601,0,mathstral,never,4,0,0,MATH/Llama,MATH/Gemma,60601,4,3,True,True,True,False,False,baseline,,mathstral,never,NOT_ROUTED
60601,0,mathstral,never,4,0,0,MATH/Llama,MATH/Gemma,60601,4,4,True,True,True,False,False,baseline,,mathstral,never,NOT_ROUTED
60601,0,mathstral,never,4,0,0,MATH/Llama,MATH/Gemma,60601,4,5,True,True,True,False,False,baseline,,mathstral,never,NOT_ROUTED
60601,0,mathstral,never,4,0,0,MATH/Llama,MATH/Gemma,60601,4,6,True,True,True,False,False,baseline,,mathstral,never,NOT_ROUTED
60601,0,mathstral,never,4,0,0,MATH/Llama,MATH/Gemma,60601,4,7,True,True,True,False,False,baseline,,mathstral,never,NOT_ROUTED
60601,0,mathstral,never,4,0,0,MATH/Llama,MATH/Gemma,60601,5,0,True,True,True,False,False,baseline,,mathstral,never,NOT_ROUTED
60601,0,mathstral,never,4,0,0,MATH/Llama,MATH/Gemma,60601,5,1,True,True,True,False,False,baseline,,mathstral,never,NOT_ROUTED
60601,0,mathstral,never,4,0,0,MATH/Llama,MATH/Gemma,60601,5,2,True,True,True,False,False,baseline,,mathstral,never,NOT_ROUTED
60601,0,mathstral,never,4,0,0,MATH/Llama,MATH/Gemma,60601,5,3,False,False,False,False,False,baseline,,mathstral,never,NOT_ROUTED
60601,0,mathstral,never,4,0,0,MATH/Llama,MATH/Gemma,60601,5,4,True,True,True,False,False,baseline,,mathstral,never,NOT_ROUTED
60601,0,mathstral,never,4,0,0,MATH/Llama,MATH/Gemma,60601,5,5,True,True,True,False,False,baseline,,mathstral,never,NOT_ROUTED
60601,0,mathstral,never,4,0,0,MATH/Llama,MATH/Gemma,60601,5,6,False,False,False,False,False,baseline,,mathstral,never,NOT_ROUTED
60601,0,mathstral,never,4,0,0,MATH/Llama,MATH/Gemma,60601,5,7,True,True,True,False,False,baseline,,mathstral,never,NOT_ROUTED
60601,0,mathstral,never,4,0,0,MATH/Llama,MATH/Gemma,60601,7,0,True,True,True,False,False,baseline,,mathstral,never,NOT_ROUTED
60601,0,mathstral,never,4,0,0,MATH/Llama,MATH/Gemma,60601,7,1,True,True,True,False,False,baseline,,mathstral,never,NOT_ROUTED
60601,0,mathstral,never,4,0,0,MATH/Llama,MATH/Gemma,60601,7,2,True,True,True,False,False,baseline,,mathstral,never,NOT_ROUTED
60601,0,mathstral,never,4,0,0,MATH/Llama,MATH/Gemma,60601,7,3,True,True,True,False,False,baseline,,mathstral,never,NOT_ROUTED
60601,0,mathstral,never,4,0,0,MATH/Llama,MATH/Gemma,60601,7,4,True,True,True,False,False,baseline,,mathstral,never,NOT_ROUTED
60601,0,mathstral,never,4,0,0,MATH/Llama,MATH/Gemma,60601,7,5,True,True,True,False,False,baseline,,mathstral,never,NOT_ROUTED
60601,0,mathstral,never,4,0,0,MATH/Llama,MATH/Gemma,60601,7,6,True,True,True,False,False,baseline,,mathstral,never,NOT_ROUTED
60601,0,mathstral,never,4,0,0,MATH/Llama,MATH/Gemma,60601,7,7,True,True,True,False,False,baseline,,mathstral,never,NOT_ROUTED
60601,0,mathstral,never,4,0,0,MATH/Llama,MATH/Gemma,60601,8,0,True,True,True,False,False,baseline,,mathstral,never,NOT_ROUTED
60601,0,mathstral,never,4,0,0,MATH/Llama,MATH/Gemma,60601,8,1,True,True,True,False,False,baseline,,mathstral,never,NOT_ROUTED
60601,0,mathstral,never,4,0,0,MATH/Llama,MATH/Gemma,60601,8,2,True,True,True,False,False,baseline,,mathstral,never,NOT_ROUTED
60601,0,mathstral,never,4,0,0,MATH/Llama,MATH/Gemma,60601,8,3,True,True,True,False,False,baseline,,mathstral,never,NOT_ROUTED
60601,0,mathstral,never,4,0,0,MATH/Llama,MATH/Gemma,60601,8,4,True,True,True,False,False,baseline,,mathstral,never,NOT_ROUTED
60601,0,mathstral,never,4,0,0,MATH/Llama,MATH/Gemma,60601,8,5,True,True,True,False,False,baseline,,mathstral,never,NOT_ROUTED
60601,0,mathstral,never,4,0,0,MATH/Llama,MATH/Gemma,60601,8,6,True,True,True,False,False,baseline,,mathstral,never,NOT_ROUTED
60601,0,mathstral,never,4,0,0,MATH/Llama,MATH/Gemma,60601,8,7,True,True,True,False,False,baseline,,mathstral,never,NOT_ROUTED
60601,0,mathstral,never,4,0,0,MATH/Llama,MATH/Gemma,60601,9,0,True,True,True,False,False,baseline,,mathstral,never,NOT_ROUTED
60601,0,mathstral,never,4,0,0,MATH/Llama,MATH/Gemma,60601,9,1,True,True,True,False,False,baseline,,mathstral,never,NOT_ROUTED
60601,0,mathstral,never,4,0,0,MATH/Llama,MATH/Gemma,60601,9,2,True,True,True,False,False,baseline,,mathstral,never,NOT_ROUTED
60601,0,mathstral,never,4,0,0,MATH/Llama,MATH/Gemma,60601,9,3,True,True,True,False,False,baseline,,mathstral,never,NOT_ROUTED
60601,0,mathstral,never,4,0,0,MATH/Llama,MATH/Gemma,60601,9,4,True,True,True,False,False,baseline,,mathstral,never,NOT_ROUTED
60601,0,mathstral,never,4,0,0,MATH/Llama,MATH/Gemma,60601,9,5,True,True,True,False,False,baseline,,mathstral,never,NOT_ROUTED
60601,0,mathstral,never,4,0,0,MATH/Llama,MATH/Gemma,60601,9,6,True,True,True,False,False,baseline,,mathstral,never,NOT_ROUTED
60601,0,mathstral,never,4,0,0,MATH/Llama,MATH/Gemma,60601,9,7,True,True,True,False,False,baseline,,mathstral,never,NOT_ROUTED
60601,0,mathstral,never,4,0,0,MATH/Llama,MATH/Gemma,60601,10,0,True,True,True,False,False,baseline,,mathstral,never,NOT_ROUTED
60601,0,mathstral,never,4,0,0,MATH/Llama,MATH/Gemma,60601,10,1,True,True,True,False,False,baseline,,mathstral,never,NOT_ROUTED
60601,0,mathstral,never,4,0,0,MATH/Llama,MATH/Gemma,60601,10,2,True,True,True,False,False,baseline,,mathstral,never,NOT_ROUTED
60601,0,mathstral,never,4,0,0,MATH/Llama,MATH/Gemma,60601,10,3,True,True,True,False,False,baseline,,mathstral,never,NOT_ROUTED
60601,0,mathstral,never,4,0,0,MATH/Llama,MATH/Gemma,60601,10,4,True,True,True,False,False,baseline,,mathstral,never,NOT_ROUTED
60601,0,mathstral,never,4,0,0,MATH/Llama,MATH/Gemma,60601,10,5,True,True,True,False,False,baseline,,mathstral,never,NOT_ROUTED
60601,0,mathstral,never,4,0,0,MATH/Llama,MATH/Gemma,60601,10,6,True,True,True,False,False,baseline,,mathstral,never,NOT_ROUTED
60601,0,mathstral,never,4,0,0,MATH/Llama,MATH/Gemma,60601,10,7,True,True,True,False,False,baseline,,mathstral,never,NOT_ROUTED
60601,0,mathstral,never,4,0,0,MATH/Llama,MATH/Gemma,60601,12,0,True,True,True,False,False,baseline,,mathstral,never,NOT_ROUTED
60601,0,mathstral,never,4,0,0,MATH/Llama,MATH/Gemma,60601,12,1,True,True,True,False,False,baseline,,mathstral,never,NOT_ROUTED
60601,0,mathstral,never,4,0,0,MATH/Llama,MATH/Gemma,60601,12,2,True,True,True,False,False,baseline,,mathstral,never,NOT_ROUTED
60601,0,mathstral,never,4,0,0,MATH/Llama,MATH/Gemma,60601,12,3,True,True,True,False,False,baseline,,mathstral,never,NOT_ROUTED
60601,0,mathstral,never,4,0,0,MATH/Llama,MATH/Gemma,60601,12,4,True,True,True,False,False,baseline,,mathstral,never,NOT_ROUTED
60601,0,mathstral,never,4,0,0,MATH/Llama,MATH/Gemma,60601,12,5,True,True,True,False,False,baseline,,mathstral,never,NOT_ROUTED
60601,0,mathstral,never,4,0,0,MATH/Llama,MATH/Gemma,60601,12,6,True,True,True,False,False,baseline,,mathstral,never,NOT_ROUTED
60601,0,mathstral,never,4,0,0,MATH/Llama,MATH/Gemma,60601,12,7,True,True,True,False,False,baseline,,mathstral,never,NOT_ROUTED
60601,0,mathstral,never,4,0,0,MATH/Llama,MATH/Gemma,60601,15,0,False,False,False,False,False,baseline,,mathstral,never,NOT_ROUTED
60601,0,mathstral,never,4,0,0,MATH/Llama,MATH/Gemma,60601,15,1,False,False,False,False,False,baseline,,mathstral,never,NOT_ROUTED
60601,0,mathstral,never,4,0,0,MATH/Llama,MATH/Gemma,60601,15,2,False,False,False,False,False,baseline,,mathstral,never,NOT_ROUTED
60601,0,mathstral,never,4,0,0,MATH/Llama,MATH/Gemma,60601,15,3,False,False,False,False,False,baseline,,mathstral,never,NOT_ROUTED
60601,0,mathstral,never,4,0,0,MATH/Llama,MATH/Gemma,60601,15,4,False,False,False,False,False,baseline,,mathstral,never,NOT_ROUTED
60601,0,mathstral,never,4,0,0,MATH/Llama,MATH/Gemma,60601,15,5,False,False,False,False,False,baseline,,mathstral,never,NOT_ROUTED
60601,0,mathstral,never,4,0,0,MATH/Llama,MATH/Gemma,60601,15,6,False,False,False,False,False,baseline,,mathstral,never,NOT_ROUTED
60601,0,mathstral,never,4,0,0,MATH/Llama,MATH/Gemma,60601,15,7,False,False,False,False,False,baseline,,mathstral,never,NOT_ROUTED
60601,0,mathstral,never,4,0,0,MATH/Llama,MATH/Gemma,60601,17,0,False,False,False,False,False,baseline,,mathstral,never,NOT_ROUTED
60601,0,mathstral,never,4,0,0,MATH/Llama,MATH/Gemma,60601,17,1,False,False,False,False,False,baseline,,mathstral,never,NOT_ROUTED
60601,0,mathstral,never,4,0,0,MATH/Llama,MATH/Gemma,60601,17,2,False,False,False,False,False,baseline,,mathstral,never,NOT_ROUTED
60601,0,mathstral,never,4,0,0,MATH/Llama,MATH/Gemma,60601,17,3,False,False,False,False,False,baseline,,mathstral,never,NOT_ROUTED
60601,0,mathstral,never,4,0,0,MATH/Llama,MATH/Gemma,60601,17,4,False,False,False,False,False,baseline,,mathstral,never,NOT_ROUTED
60601,0,mathstral,never,4,0,0,MATH/Llama,MATH/Gemma,60601,17,5,False,False,False,False,False,baseline,,mathstral,never,NOT_ROUTED
60601,0,mathstral,never,4,0,0,MATH/Llama,MATH/Gemma,60601,17,6,False,False,False,False,False,baseline,,mathstral,never,NOT_ROUTED
60601,0,mathstral,never,4,0,0,MATH/Llama,MATH/Gemma,60601,17,7,False,False,False,False,False,baseline,,mathstral,never,NOT_ROUTED
60601,0,mathstral,never,4,0,0,MATH/Llama,MATH/Gemma,60601,18,0,False,False,False,False,False,baseline,,mathstral,never,NOT_ROUTED
60601,0,mathstral,never,4,0,0,MATH/Llama,MATH/Gemma,60601,18,1,False,False,False,False,False,baseline,,mathstral,never,NOT_ROUTED
60601,0,mathstral,never,4,0,0,MATH/Llama,MATH/Gemma,60601,18,2,False,False,False,False,False,baseline,,mathstral,never,NOT_ROUTED
60601,0,mathstral,never,4,0,0,MATH/Llama,MATH/Gemma,60601,18,3,False,False,False,False,False,baseline,,mathstral,never,NOT_ROUTED
60601,0,mathstral,never,4,0,0,MATH/Llama,MATH/Gemma,60601,18,4,False,False,False,False,False,baseline,,mathstral,never,NOT_ROUTED
60601,0,mathstral,never,4,0,0,MATH/Llama,MATH/Gemma,60601,18,5,False,False,False,False,False,baseline,,mathstral,never,NOT_ROUTED
60601,0,mathstral,never,4,0,0,MATH/Llama,MATH/Gemma,60601,18,6,False,False,False,False,False,baseline,,mathstral,never,NOT_ROUTED
60601,0,mathstral,never,4,0,0,MATH/Llama,MATH/Gemma,60601,18,7,False,False,False,False,False,baseline,,mathstral,never,NOT_ROUTED
60601,0,mathstral,never,4,0,0,MATH/Llama,MATH/Gemma,60601,19,0,True,True,True,False,False,baseline,,mathstral,never,NOT_ROUTED
60601,0,mathstral,never,4,0,0,MATH/Llama,MATH/Gemma,60601,19,1,True,True,True,False,False,baseline,,mathstral,never,NOT_ROUTED
60601,0,mathstral,never,4,0,0,MATH/Llama,MATH/Gemma,60601,19,2,True,True,True,False,False,baseline,,mathstral,never,NOT_ROUTED
60601,0,mathstral,never,4,0,0,MATH/Llama,MATH/Gemma,60601,19,3,True,True,True,False,False,baseline,,mathstral,never,NOT_ROUTED
60601,0,mathstral,never,4,0,0,MATH/Llama,MATH/Gemma,60601,19,4,True,True,True,False,False,baseline,,mathstral,never,NOT_ROUTED
60601,0,mathstral,never,4,0,0,MATH/Llama,MATH/Gemma,60601,19,5,True,True,True,False,False,baseline,,mathstral,never,NOT_ROUTED
60601,0,mathstral,never,4,0,0,MATH/Llama,MATH/Gemma,60601,19,6,True,True,True,False,False,baseline,,mathstral,never,NOT_ROUTED
60601,0,mathstral,never,4,0,0,MATH/Llama,MATH/Gemma,60601,19,7,True,True,True,False,False,baseline,,mathstral,never,NOT_ROUTED
60601,0,mathstral,never,4,0,0,MATH/Llama,MATH/Gemma,60601,20,0,False,False,False,False,False,baseline,,mathstral,never,NOT_ROUTED
60601,0,mathstral,never,4,0,0,MATH/Llama,MATH/Gemma,60601,20,1,False,False,False,False,False,baseline,,mathstral,never,NOT_ROUTED
60601,0,mathstral,never,4,0,0,MATH/Llama,MATH/Gemma,60601,20,2,True,True,True,False,False,baseline,,mathstral,never,NOT_ROUTED
60601,0,mathstral,never,4,0,0,MATH/Llama,MATH/Gemma,60601,20,3,False,False,False,False,False,baseline,,mathstral,never,NOT_ROUTED
60601,0,mathstral,never,4,0,0,MATH/Llama,MATH/Gemma,60601,20,4,True,True,True,False,False,baseline,,mathstral,never,NOT_ROUTED
60601,0,mathstral,never,4,0,0,MATH/Llama,MATH/Gemma,60601,20,5,False,False,False,False,False,baseline,,mathstral,never,NOT_ROUTED
60601,0,mathstral,never,4,0,0,MATH/Llama,MATH/Gemma,60601,20,6,False,False,False,False,False,baseline,,mathstral,never,NOT_ROUTED
60601,0,mathstral,never,4,0,0,MATH/Llama,MATH/Gemma,60601,20,7,False,False,False,False,False,baseline,,mathstral,never,NOT_ROUTED
60601,0,mathstral,never,4,0,0,MATH/Llama,MATH/Gemma,60601,21,0,True,True,True,False,False,baseline,,mathstral,never,NOT_ROUTED
60601,0,mathstral,never,4,0,0,MATH/Llama,MATH/Gemma,60601,21,1,True,True,True,False,False,baseline,,mathstral,never,NOT_ROUTED
60601,0,mathstral,never,4,0,0,MATH/Llama,MATH/Gemma,60601,21,2,True,True,True,False,False,baseline,,mathstral,never,NOT_ROUTED
60601,0,mathstral,never,4,0,0,MATH/Llama,MATH/Gemma,60601,21,3,True,True,True,False,False,baseline,,mathstral,never,NOT_ROUTED
60601,0,mathstral,never,4,0,0,MATH/Llama,MATH/Gemma,60601,21,4,True,True,True,False,False,baseline,,mathstral,never,NOT_ROUTED
60601,0,mathstral,never,4,0,0,MATH/Llama,MATH/Gemma,60601,21,5,True,True,True,False,False,baseline,,mathstral,never,NOT_ROUTED
60601,0,mathstral,never,4,0,0,MATH/Llama,MATH/Gemma,60601,21,6,True,True,True,False,False,baseline,,mathstral,never,NOT_ROUTED
60601,0,mathstral,never,4,0,0,MATH/Llama,MATH/Gemma,60601,21,7,True,True,True,False,False,baseline,,mathstral,never,NOT_ROUTED
60601,0,mathstral,never,4,0,0,MATH/Llama,MATH/Gemma,60601,22,0,True,True,True,False,False,baseline,,mathstral,never,NOT_ROUTED
60601,0,mathstral,never,4,0,0,MATH/Llama,MATH/Gemma,60601,22,1,True,True,True,False,False,baseline,,mathstral,never,NOT_ROUTED
60601,0,mathstral,never,4,0,0,MATH/Llama,MATH/Gemma,60601,22,2,True,True,True,False,False,baseline,,mathstral,never,NOT_ROUTED
60601,0,mathstral,never,4,0,0,MATH/Llama,MATH/Gemma,60601,22,3,True,True,True,False,False,baseline,,mathstral,never,NOT_ROUTED
60601,0,mathstral,never,4,0,0,MATH/Llama,MATH/Gemma,60601,22,4,True,True,True,False,False,baseline,,mathstral,never,NOT_ROUTED
60601,0,mathstral,never,4,0,0,MATH/Llama,MATH/Gemma,60601,22,5,True,True,True,False,False,baseline,,mathstral,never,NOT_ROUTED
60601,0,mathstral,never,4,0,0,MATH/Llama,MATH/Gemma,60601,22,6,True,True,True,False,False,baseline,,mathstral,never,NOT_ROUTED
60601,0,mathstral,never,4,0,0,MATH/Llama,MATH/Gemma,60601,22,7,True,True,True,False,False,baseline,,mathstral,never,NOT_ROUTED
60601,0,mathstral,never,4,0,0,MATH/Llama,MATH/Gemma,60601,23,0,True,True,True,False,False,baseline,,mathstral,never,NOT_ROUTED
60601,0,mathstral,never,4,0,0,MATH/Llama,MATH/Gemma,60601,23,1,False,False,False,False,False,baseline,,mathstral,never,NOT_ROUTED
60601,0,mathstral,never,4,0,0,MATH/Llama,MATH/Gemma,60601,23,2,True,True,True,False,False,baseline,,mathstral,never,NOT_ROUTED
60601,0,mathstral,never,4,0,0,MATH/Llama,MATH/Gemma,60601,23,3,True,True,True,False,False,baseline,,mathstral,never,NOT_ROUTED
60601,0,mathstral,never,4,0,0,MATH/Llama,MATH/Gemma,60601,23,4,True,True,True,False,False,baseline,,mathstral,never,NOT_ROUTED
60601,0,mathstral,never,4,0,0,MATH/Llama,MATH/Gemma,60601,23,5,True,True,True,False,False,baseline,,mathstral,never,NOT_ROUTED
60601,0,mathstral,never,4,0,0,MATH/Llama,MATH/Gemma,60601,23,6,True,True,True,False,False,baseline,,mathstral,never,NOT_ROUTED
60601,0,mathstral,never,4,0,0,MATH/Llama,MATH/Gemma,60601,23,7,True,True,True,False,False,baseline,,mathstral,never,NOT_ROUTED
60601,0,mathstral,never,4,0,0,MATH/Llama,MATH/Gemma,60601,25,0,True,True,True,False,False,baseline,,mathstral,never,NOT_ROUTED
60601,0,mathstral,never,4,0,0,MATH/Llama,MATH/Gemma,60601,25,1,True,True,True,False,False,baseline,,mathstral,never,NOT_ROUTED
60601,0,mathstral,never,4,0,0,MATH/Llama,MATH/Gemma,60601,25,2,True,True,True,False,False,baseline,,mathstral,never,NOT_ROUTED
60601,0,mathstral,never,4,0,0,MATH/Llama,MATH/Gemma,60601,25,3,True,True,True,False,False,baseline,,mathstral,never,NOT_ROUTED
60601,0,mathstral,never,4,0,0,MATH/Llama,MATH/Gemma,60601,25,4,True,True,True,False,False,baseline,,mathstral,never,NOT_ROUTED
60601,0,mathstral,never,4,0,0,MATH/Llama,MATH/Gemma,60601,25,5,True,True,True,False,False,baseline,,mathstral,never,NOT_ROUTED
60601,0,mathstral,never,4,0,0,MATH/Llama,MATH/Gemma,60601,25,6,True,True,True,False,False,baseline,,mathstral,never,NOT_ROUTED
60601,0,mathstral,never,4,0,0,MATH/Llama,MATH/Gemma,60601,25,7,True,True,True,False,False,baseline,,mathstral,never,NOT_ROUTED
60601,0,mathstral,never,4,0,0,MATH/Llama,MATH/Gemma,60601,27,0,True,True,True,False,False,baseline,,mathstral,never,NOT_ROUTED
60601,0,mathstral,never,4,0,0,MATH/Llama,MATH/Gemma,60601,27,1,True,True,True,False,False,baseline,,mathstral,never,NOT_ROUTED
60601,0,mathstral,never,4,0,0,MATH/Llama,MATH/Gemma,60601,27,2,True,True,True,False,False,baseline,,mathstral,never,NOT_ROUTED
60601,0,mathstral,never,4,0,0,MATH/Llama,MATH/Gemma,60601,27,3,True,True,True,False,False,baseline,,mathstral,never,NOT_ROUTED
60601,0,mathstral,never,4,0,0,MATH/Llama,MATH/Gemma,60601,27,4,True,True,True,False,False,baseline,,mathstral,never,NOT_ROUTED
60601,0,mathstral,never,4,0,0,MATH/Llama,MATH/Gemma,60601,27,5,True,True,True,False,False,baseline,,mathstral,never,NOT_ROUTED
60601,0,mathstral,never,4,0,0,MATH/Llama,MATH/Gemma,60601,27,6,True,True,True,False,False,baseline,,mathstral,never,NOT_ROUTED
60601,0,mathstral,never,4,0,0,MATH/Llama,MATH/Gemma,60601,27,7,True,True,True,False,False,baseline,,mathstral,never,NOT_ROUTED
60601,0,mathstral,never,4,0,0,MATH/Llama,MATH/Gemma,60601,29,0,True,True,True,False,False,baseline,,mathstral,never,NOT_ROUTED
60601,0,mathstral,never,4,0,0,MATH/Llama,MATH/Gemma,60601,29,1,True,True,True,False,False,baseline,,mathstral,never,NOT_ROUTED
60601,0,mathstral,never,4,0,0,MATH/Llama,MATH/Gemma,60601,29,2,True,True,True,False,False,baseline,,mathstral,never,NOT_ROUTED
60601,0,mathstral,never,4,0,0,MATH/Llama,MATH/Gemma,60601,29,3,True,True,True,False,False,baseline,,mathstral,never,NOT_ROUTED
60601,0,mathstral,never,4,0,0,MATH/Llama,MATH/Gemma,60601,29,4,True,True,True,False,False,baseline,,mathstral,never,NOT_ROUTED
60601,0,mathstral,never,4,0,0,MATH/Llama,MATH/Gemma,60601,29,5,True,True,True,False,False,baseline,,mathstral,never,NOT_ROUTED
60601,0,mathstral,never,4,0,0,MATH/Llama,MATH/Gemma,60601,29,6,True,True,True,False,False,baseline,,mathstral,never,NOT_ROUTED
60601,0,mathstral,never,4,0,0,MATH/Llama,MATH/Gemma,60601,29,7,True,True,True,False,False,baseline,,mathstral,never,NOT_ROUTED
60601,0,mathstral,never,4,0,0,MATH/Llama,MATH/Gemma,60601,30,0,True,True,True,False,False,baseline,,mathstral,never,NOT_ROUTED
60601,0,mathstral,never,4,0,0,MATH/Llama,MATH/Gemma,60601,30,1,True,True,True,False,False,baseline,,mathstral,never,NOT_ROUTED
60601,0,mathstral,never,4,0,0,MATH/Llama,MATH/Gemma,60601,30,2,True,True,True,False,False,baseline,,mathstral,never,NOT_ROUTED
60601,0,mathstral,never,4,0,0,MATH/Llama,MATH/Gemma,60601,30,3,True,True,True,False,False,baseline,,mathstral,never,NOT_ROUTED
60601,0,mathstral,never,4,0,0,MATH/Llama,MATH/Gemma,60601,30,4,True,True,True,False,False,baseline,,mathstral,never,NOT_ROUTED
60601,0,mathstral,never,4,0,0,MATH/Llama,MATH/Gemma,60601,30,5,True,True,True,False,False,baseline,,mathstral,never,NOT_ROUTED
60601,0,mathstral,never,4,0,0,MATH/Llama,MATH/Gemma,60601,30,6,True,True,True,False,False,baseline,,mathstral,never,NOT_ROUTED
60601,0,mathstral,never,4,0,0,MATH/Llama,MATH/Gemma,60601,30,7,True,True,True,False,False,baseline,,mathstral,never,NOT_ROUTED
60601,0,mathstral,never,4,0,0,MATH/Llama,MATH/Gemma,60601,31,0,False,False,False,False,False,baseline,,mathstral,never,NOT_ROUTED
60601,0,mathstral,never,4,0,0,MATH/Llama,MATH/Gemma,60601,31,1,False,False,False,False,False,baseline,,mathstral,never,NOT_ROUTED
60601,0,mathstral,never,4,0,0,MATH/Llama,MATH/Gemma,60601,31,2,False,False,False,False,False,baseline,,mathstral,never,NOT_ROUTED
60601,0,mathstral,never,4,0,0,MATH/Llama,MATH/Gemma,60601,31,3,False,False,False,False,False,baseline,,mathstral,never,NOT_ROUTED
60601,0,mathstral,never,4,0,0,MATH/Llama,MATH/Gemma,60601,31,4,False,False,False,False,False,baseline,,mathstral,never,NOT_ROUTED
60601,0,mathstral,never,4,0,0,MATH/Llama,MATH/Gemma,60601,31,5,False,False,False,False,False,baseline,,mathstral,never,NOT_ROUTED
60601,0,mathstral,never,4,0,0,MATH/Llama,MATH/Gemma,60601,31,6,False,False,False,False,False,baseline,,mathstral,never,NOT_ROUTED
60601,0,mathstral,never,4,0,0,MATH/Llama,MATH/Gemma,60601,31,7,False,False,False,False,False,baseline,,mathstral,never,NOT_ROUTED
60601,0,mathstral,never,4,0,0,MATH/Llama,MATH/Gemma,60601,33,0,False,False,False,False,False,baseline,,mathstral,never,NOT_ROUTED
60601,0,mathstral,never,4,0,0,MATH/Llama,MATH/Gemma,60601,33,1,False,False,False,False,False,baseline,,mathstral,never,NOT_ROUTED
60601,0,mathstral,never,4,0,0,MATH/Llama,MATH/Gemma,60601,33,2,False,False,False,False,False,baseline,,mathstral,never,NOT_ROUTED
60601,0,mathstral,never,4,0,0,MATH/Llama,MATH/Gemma,60601,33,3,False,False,False,False,False,baseline,,mathstral,never,NOT_ROUTED
60601,0,mathstral,never,4,0,0,MATH/Llama,MATH/Gemma,60601,33,4,False,False,False,False,False,baseline,,mathstral,never,NOT_ROUTED
60601,0,mathstral,never,4,0,0,MATH/Llama,MATH/Gemma,60601,33,5,False,False,False,False,False,baseline,,mathstral,never,NOT_ROUTED
60601,0,mathstral,never,4,0,0,MATH/Llama,MATH/Gemma,60601,33,6,False,False,False,False,False,baseline,,mathstral,never,NOT_ROUTED
60601,0,mathstral,never,4,0,0,MATH/Llama,MATH/Gemma,60601,33,7,False,False,False,False,False,baseline,,mathstral,never,NOT_ROUTED
60601,0,mathstral,never,4,0,0,MATH/Llama,MATH/Gemma,60601,36,0,False,False,False,False,False,baseline,,mathstral,never,NOT_ROUTED
60601,0,mathstral,never,4,0,0,MATH/Llama,MATH/Gemma,60601,36,1,False,False,False,False,False,baseline,,mathstral,never,NOT_ROUTED
60601,0,mathstral,never,4,0,0,MATH/Llama,MATH/Gemma,60601,36,2,False,False,False,False,False,baseline,,mathstral,never,NOT_ROUTED
60601,0,mathstral,never,4,0,0,MATH/Llama,MATH/Gemma,60601,36,3,False,False,False,False,False,baseline,,mathstral,never,NOT_ROUTED
60601,0,mathstral,never,4,0,0,MATH/Llama,MATH/Gemma,60601,36,4,False,False,False,False,False,baseline,,mathstral,never,NOT_ROUTED
60601,0,mathstral,never,4,0,0,MATH/Llama,MATH/Gemma,60601,36,5,False,False,False,False,False,baseline,,mathstral,never,NOT_ROUTED
60601,0,mathstral,never,4,0,0,MATH/Llama,MATH/Gemma,60601,36,6,False,False,False,False,False,baseline,,mathstral,never,NOT_ROUTED
60601,0,mathstral,never,4,0,0,MATH/Llama,MATH/Gemma,60601,36,7,False,False,False,False,False,baseline,,mathstral,never,NOT_ROUTED
60601,0,mathstral,never,4,0,0,MATH/Llama,MATH/Gemma,60601,37,0,True,True,True,False,False,baseline,,mathstral,never,NOT_ROUTED
60601,0,mathstral,never,4,0,0,MATH/Llama,MATH/Gemma,60601,37,1,True,True,True,False,False,baseline,,mathstral,never,NOT_ROUTED
60601,0,mathstral,never,4,0,0,MATH/Llama,MATH/Gemma,60601,37,2,True,True,True,False,False,baseline,,mathstral,never,NOT_ROUTED
60601,0,mathstral,never,4,0,0,MATH/Llama,MATH/Gemma,60601,37,3,True,True,True,False,False,baseline,,mathstral,never,NOT_ROUTED
60601,0,mathstral,never,4,0,0,MATH/Llama,MATH/Gemma,60601,37,4,True,True,True,False,False,baseline,,mathstral,never,NOT_ROUTED
60601,0,mathstral,never,4,0,0,MATH/Llama,MATH/Gemma,60601,37,5,True,True,True,False,False,baseline,,mathstral,never,NOT_ROUTED
60601,0,mathstral,never,4,0,0,MATH/Llama,MATH/Gemma,60601,37,6,True,True,True,False,False,baseline,,mathstral,never,NOT_ROUTED
60601,0,mathstral,never,4,0,0,MATH/Llama,MATH/Gemma,60601,37,7,True,True,True,False,False,baseline,,mathstral,never,NOT_ROUTED
60601,0,mathstral,never,4,0,0,MATH/Llama,MATH/Gemma,60601,38,0,True,True,True,False,False,baseline,,mathstral,never,NOT_ROUTED
60601,0,mathstral,never,4,0,0,MATH/Llama,MATH/Gemma,60601,38,1,True,True,True,False,False,baseline,,mathstral,never,NOT_ROUTED
60601,0,mathstral,never,4,0,0,MATH/Llama,MATH/Gemma,60601,38,2,True,True,True,False,False,baseline,,mathstral,never,NOT_ROUTED
60601,0,mathstral,never,4,0,0,MATH/Llama,MATH/Gemma,60601,38,3,True,True,True,False,False,baseline,,mathstral,never,NOT_ROUTED
60601,0,mathstral,never,4,0,0,MATH/Llama,MATH/Gemma,60601,38,4,True,True,True,False,False,baseline,,mathstral,never,NOT_ROUTED
60601,0,mathstral,never,4,0,0,MATH/Llama,MATH/Gemma,60601,38,5,True,True,True,False,False,baseline,,mathstral,never,NOT_ROUTED
60601,0,mathstral,never,4,0,0,MATH/Llama,MATH/Gemma,60601,38,6,True,True,True,False,False,baseline,,mathstral,never,NOT_ROUTED
60601,0,mathstral,never,4,0,0,MATH/Llama,MATH/Gemma,60601,38,7,True,True,True,False,False,baseline,,mathstral,never,NOT_ROUTED
60601,0,mathstral,never,4,0,0,MATH/Llama,MATH/Gemma,60601,43,0,True,True,True,False,False,baseline,,mathstral,never,NOT_ROUTED
60601,0,mathstral,never,4,0,0,MATH/Llama,MATH/Gemma,60601,43,1,True,True,True,False,False,baseline,,mathstral,never,NOT_ROUTED
60601,0,mathstral,never,4,0,0,MATH/Llama,MATH/Gemma,60601,43,2,True,True,True,False,False,baseline,,mathstral,never,NOT_ROUTED
60601,0,mathstral,never,4,0,0,MATH/Llama,MATH/Gemma,60601,43,3,True,True,True,False,False,baseline,,mathstral,never,NOT_ROUTED
60601,0,mathstral,never,4,0,0,MATH/Llama,MATH/Gemma,60601,43,4,True,True,True,False,False,baseline,,mathstral,never,NOT_ROUTED
60601,0,mathstral,never,4,0,0,MATH/Llama,MATH/Gemma,60601,43,5,True,True,True,False,False,baseline,,mathstral,never,NOT_ROUTED
60601,0,mathstral,never,4,0,0,MATH/Llama,MATH/Gemma,60601,43,6,True,True,True,False,False,baseline,,mathstral,never,NOT_ROUTED
60601,0,mathstral,never,4,0,0,MATH/Llama,MATH/Gemma,60601,43,7,True,True,True,False,False,baseline,,mathstral,never,NOT_ROUTED
60601,0,mathstral,never,4,0,0,MATH/Llama,MATH/Gemma,60601,47,0,True,True,True,False,False,baseline,,mathstral,never,NOT_ROUTED
60601,0,mathstral,never,4,0,0,MATH/Llama,MATH/Gemma,60601,47,1,True,True,True,False,False,baseline,,mathstral,never,NOT_ROUTED
60601,0,mathstral,never,4,0,0,MATH/Llama,MATH/Gemma,60601,47,2,True,True,True,False,False,baseline,,mathstral,never,NOT_ROUTED
60601,0,mathstral,never,4,0,0,MATH/Llama,MATH/Gemma,60601,47,3,True,True,True,False,False,baseline,,mathstral,never,NOT_ROUTED
60601,0,mathstral,never,4,0,0,MATH/Llama,MATH/Gemma,60601,47,4,False,False,False,False,False,baseline,,mathstral,never,NOT_ROUTED
60601,0,mathstral,never,4,0,0,MATH/Llama,MATH/Gemma,60601,47,5,True,True,True,False,False,baseline,,mathstral,never,NOT_ROUTED
60601,0,mathstral,never,4,0,0,MATH/Llama,MATH/Gemma,60601,47,6,True,True,True,False,False,baseline,,mathstral,never,NOT_ROUTED
60601,0,mathstral,never,4,0,0,MATH/Llama,MATH/Gemma,60601,47,7,False,False,False,False,False,baseline,,mathstral,never,NOT_ROUTED
60601,0,mathstral,never,4,0,0,MATH/Llama,MATH/Gemma,60601,48,0,False,False,False,False,False,baseline,,mathstral,never,NOT_ROUTED
60601,0,mathstral,never,4,0,0,MATH/Llama,MATH/Gemma,60601,48,1,False,False,False,False,False,baseline,,mathstral,never,NOT_ROUTED
60601,0,mathstral,never,4,0,0,MATH/Llama,MATH/Gemma,60601,48,2,True,True,True,False,False,baseline,,mathstral,never,NOT_ROUTED
60601,0,mathstral,never,4,0,0,MATH/Llama,MATH/Gemma,60601,48,3,False,False,False,False,False,baseline,,mathstral,never,NOT_ROUTED
60601,0,mathstral,never,4,0,0,MATH/Llama,MATH/Gemma,60601,48,4,True,True,True,False,False,baseline,,mathstral,never,NOT_ROUTED
60601,0,mathstral,never,4,0,0,MATH/Llama,MATH/Gemma,60601,48,5,True,True,True,False,False,baseline,,mathstral,never,NOT_ROUTED
60601,0,mathstral,never,4,0,0,MATH/Llama,MATH/Gemma,60601,48,6,False,False,False,False,False,baseline,,mathstral,never,NOT_ROUTED
60601,0,mathstral,never,4,0,0,MATH/Llama,MATH/Gemma,60601,48,7,False,False,False,False,False,baseline,,mathstral,never,NOT_ROUTED
60601,0,mathstral,never,4,0,0,MATH/Llama,MATH/Gemma,60601,49,0,False,False,False,False,False,baseline,,mathstral,never,NOT_ROUTED
60601,0,mathstral,never,4,0,0,MATH/Llama,MATH/Gemma,60601,49,1,False,False,False,False,False,baseline,,mathstral,never,NOT_ROUTED
60601,0,mathstral,never,4,0,0,MATH/Llama,MATH/Gemma,60601,49,2,False,False,False,False,False,baseline,,mathstral,never,NOT_ROUTED
60601,0,mathstral,never,4,0,0,MATH/Llama,MATH/Gemma,60601,49,3,False,False,False,False,False,baseline,,mathstral,never,NOT_ROUTED
60601,0,mathstral,never,4,0,0,MATH/Llama,MATH/Gemma,60601,49,4,False,False,False,False,False,baseline,,mathstral,never,NOT_ROUTED
60601,0,mathstral,never,4,0,0,MATH/Llama,MATH/Gemma,60601,49,5,False,False,False,False,False,baseline,,mathstral,never,NOT_ROUTED
60601,0,mathstral,never,4,0,0,MATH/Llama,MATH/Gemma,60601,49,6,False,False,False,False,False,baseline,,mathstral,never,NOT_ROUTED
60601,0,mathstral,never,4,0,0,MATH/Llama,MATH/Gemma,60601,49,7,False,False,False,False,False,baseline,,mathstral,never,NOT_ROUTED
60601,0,mathstral,never,4,0,0,MATH/Llama,MATH/Gemma,60601,53,0,False,False,False,False,False,baseline,,mathstral,never,NOT_ROUTED
60601,0,mathstral,never,4,0,0,MATH/Llama,MATH/Gemma,60601,53,1,False,False,False,False,False,baseline,,mathstral,never,NOT_ROUTED
60601,0,mathstral,never,4,0,0,MATH/Llama,MATH/Gemma,60601,53,2,False,False,False,False,False,baseline,,mathstral,never,NOT_ROUTED
60601,0,mathstral,never,4,0,0,MATH/Llama,MATH/Gemma,60601,53,3,False,False,False,False,False,baseline,,mathstral,never,NOT_ROUTED
60601,0,mathstral,never,4,0,0,MATH/Llama,MATH/Gemma,60601,53,4,False,False,False,False,False,baseline,,mathstral,never,NOT_ROUTED
60601,0,mathstral,never,4,0,0,MATH/Llama,MATH/Gemma,60601,53,5,False,False,False,False,False,baseline,,mathstral,never,NOT_ROUTED
60601,0,mathstral,never,4,0,0,MATH/Llama,MATH/Gemma,60601,53,6,False,False,False,False,False,baseline,,mathstral,never,NOT_ROUTED
60601,0,mathstral,never,4,0,0,MATH/Llama,MATH/Gemma,60601,53,7,False,False,False,False,False,baseline,,mathstral,never,NOT_ROUTED
60601,0,mathstral,never,4,0,0,MATH/Llama,MATH/Gemma,60601,54,0,False,False,False,False,False,baseline,,mathstral,never,NOT_ROUTED
60601,0,mathstral,never,4,0,0,MATH/Llama,MATH/Gemma,60601,54,1,True,True,True,False,False,baseline,,mathstral,never,NOT_ROUTED
60601,0,mathstral,never,4,0,0,MATH/Llama,MATH/Gemma,60601,54,2,True,True,True,False,False,baseline,,mathstral,never,NOT_ROUTED
60601,0,mathstral,never,4,0,0,MATH/Llama,MATH/Gemma,60601,54,3,False,False,False,False,False,baseline,,mathstral,never,NOT_ROUTED
60601,0,mathstral,never,4,0,0,MATH/Llama,MATH/Gemma,60601,54,4,True,True,True,False,False,baseline,,mathstral,never,NOT_ROUTED
60601,0,mathstral,never,4,0,0,MATH/Llama,MATH/Gemma,60601,54,5,False,False,False,False,False,baseline,,mathstral,never,NOT_ROUTED
60601,0,mathstral,never,4,0,0,MATH/Llama,MATH/Gemma,60601,54,6,True,True,True,False,False,baseline,,mathstral,never,NOT_ROUTED
60601,0,mathstral,never,4,0,0,MATH/Llama,MATH/Gemma,60601,54,7,False,False,False,False,False,baseline,,mathstral,never,NOT_ROUTED
60601,0,mathstral,never,4,0,0,MATH/Llama,MATH/Gemma,60601,55,0,False,False,False,False,False,baseline,,mathstral,never,NOT_ROUTED
60601,0,mathstral,never,4,0,0,MATH/Llama,MATH/Gemma,60601,55,1,False,False,False,False,False,baseline,,mathstral,never,NOT_ROUTED
60601,0,mathstral,never,4,0,0,MATH/Llama,MATH/Gemma,60601,55,2,False,False,False,False,False,baseline,,mathstral,never,NOT_ROUTED
60601,0,mathstral,never,4,0,0,MATH/Llama,MATH/Gemma,60601,55,3,False,False,False,False,False,baseline,,mathstral,never,NOT_ROUTED
60601,0,mathstral,never,4,0,0,MATH/Llama,MATH/Gemma,60601,55,4,False,False,False,False,False,baseline,,mathstral,never,NOT_ROUTED
60601,0,mathstral,never,4,0,0,MATH/Llama,MATH/Gemma,60601,55,5,False,False,False,False,False,baseline,,mathstral,never,NOT_ROUTED
60601,0,mathstral,never,4,0,0,MATH/Llama,MATH/Gemma,60601,55,6,False,False,False,False,False,baseline,,mathstral,never,NOT_ROUTED
60601,0,mathstral,never,4,0,0,MATH/Llama,MATH/Gemma,60601,55,7,False,False,False,False,False,baseline,,mathstral,never,NOT_ROUTED
60601,0,mathstral,never,4,0,0,MATH/Llama,MATH/Gemma,60601,56,0,False,False,False,False,False,baseline,,mathstral,never,NOT_ROUTED
60601,0,mathstral,never,4,0,0,MATH/Llama,MATH/Gemma,60601,56,1,False,False,False,False,False,baseline,,mathstral,never,NOT_ROUTED
60601,0,mathstral,never,4,0,0,MATH/Llama,MATH/Gemma,60601,56,2,False,False,False,False,False,baseline,,mathstral,never,NOT_ROUTED
60601,0,mathstral,never,4,0,0,MATH/Llama,MATH/Gemma,60601,56,3,False,False,False,False,False,baseline,,mathstral,never,NOT_ROUTED
60601,0,mathstral,never,4,0,0,MATH/Llama,MATH/Gemma,60601,56,4,False,False,False,False,False,baseline,,mathstral,never,NOT_ROUTED
60601,0,mathstral,never,4,0,0,MATH/Llama,MATH/Gemma,60601,56,5,False,False,False,False,False,baseline,,mathstral,never,NOT_ROUTED
60601,0,mathstral,never,4,0,0,MATH/Llama,MATH/Gemma,60601,56,6,False,False,False,False,False,baseline,,mathstral,never,NOT_ROUTED
60601,0,mathstral,never,4,0,0,MATH/Llama,MATH/Gemma,60601,56,7,False,False,False,False,False,baseline,,mathstral,never,NOT_ROUTED
60601,0,mathstral,never,4,0,0,MATH/Llama,MATH/Gemma,60601,57,0,False,False,False,False,False,baseline,,mathstral,never,NOT_ROUTED
60601,0,mathstral,never,4,0,0,MATH/Llama,MATH/Gemma,60601,57,1,False,False,False,False,False,baseline,,mathstral,never,NOT_ROUTED
60601,0,mathstral,never,4,0,0,MATH/Llama,MATH/Gemma,60601,57,2,False,False,False,False,False,baseline,,mathstral,never,NOT_ROUTED
60601,0,mathstral,never,4,0,0,MATH/Llama,MATH/Gemma,60601,57,3,False,False,False,False,False,baseline,,mathstral,never,NOT_ROUTED
60601,0,mathstral,never,4,0,0,MATH/Llama,MATH/Gemma,60601,57,4,False,False,False,False,False,baseline,,mathstral,never,NOT_ROUTED
60601,0,mathstral,never,4,0,0,MATH/Llama,MATH/Gemma,60601,57,5,False,False,False,False,False,baseline,,mathstral,never,NOT_ROUTED
60601,0,mathstral,never,4,0,0,MATH/Llama,MATH/Gemma,60601,57,6,False,False,False,False,False,baseline,,mathstral,never,NOT_ROUTED
60601,0,mathstral,never,4,0,0,MATH/Llama,MATH/Gemma,60601,57,7,False,False,False,False,False,baseline,,mathstral,never,NOT_ROUTED
60601,0,mathstral,never,4,0,0,MATH/Llama,MATH/Gemma,60601,58,0,True,True,True,False,False,baseline,,mathstral,never,NOT_ROUTED
60601,0,mathstral,never,4,0,0,MATH/Llama,MATH/Gemma,60601,58,1,True,True,True,False,False,baseline,,mathstral,never,NOT_ROUTED
60601,0,mathstral,never,4,0,0,MATH/Llama,MATH/Gemma,60601,58,2,True,True,True,False,False,baseline,,mathstral,never,NOT_ROUTED
60601,0,mathstral,never,4,0,0,MATH/Llama,MATH/Gemma,60601,58,3,True,True,True,False,False,baseline,,mathstral,never,NOT_ROUTED
60601,0,mathstral,never,4,0,0,MATH/Llama,MATH/Gemma,60601,58,4,True,True,True,False,False,baseline,,mathstral,never,NOT_ROUTED
60601,0,mathstral,never,4,0,0,MATH/Llama,MATH/Gemma,60601,58,5,True,True,True,False,False,baseline,,mathstral,never,NOT_ROUTED
60601,0,mathstral,never,4,0,0,MATH/Llama,MATH/Gemma,60601,58,6,True,True,True,False,False,baseline,,mathstral,never,NOT_ROUTED
60601,0,mathstral,never,4,0,0,MATH/Llama,MATH/Gemma,60601,58,7,True,True,True,False,False,baseline,,mathstral,never,NOT_ROUTED
60601,0,mathstral,never,4,0,0,MATH/Llama,MATH/Gemma,60601,59,0,False,False,False,False,False,baseline,,mathstral,never,NOT_ROUTED
60601,0,mathstral,never,4,0,0,MATH/Llama,MATH/Gemma,60601,59,1,False,False,False,False,False,baseline,,mathstral,never,NOT_ROUTED
60601,0,mathstral,never,4,0,0,MATH/Llama,MATH/Gemma,60601,59,2,False,False,False,False,False,baseline,,mathstral,never,NOT_ROUTED
60601,0,mathstral,never,4,0,0,MATH/Llama,MATH/Gemma,60601,59,3,False,False,False,False,False,baseline,,mathstral,never,NOT_ROUTED
60601,0,mathstral,never,4,0,0,MATH/Llama,MATH/Gemma,60601,59,4,False,False,False,False,False,baseline,,mathstral,never,NOT_ROUTED
60601,0,mathstral,never,4,0,0,MATH/Llama,MATH/Gemma,60601,59,5,False,False,False,False,False,baseline,,mathstral,never,NOT_ROUTED
60601,0,mathstral,never,4,0,0,MATH/Llama,MATH/Gemma,60601,59,6,False,False,False,False,False,baseline,,mathstral,never,NOT_ROUTED
60601,0,mathstral,never,4,0,0,MATH/Llama,MATH/Gemma,60601,59,7,False,False,False,False,False,baseline,,mathstral,never,NOT_ROUTED
60601,0,mathstral,never,4,0,0,MATH/Llama,MATH/Gemma,60601,60,0,False,False,False,False,False,baseline,,mathstral,never,NOT_ROUTED
60601,0,mathstral,never,4,0,0,MATH/Llama,MATH/Gemma,60601,60,1,False,False,False,False,False,baseline,,mathstral,never,NOT_ROUTED
60601,0,mathstral,never,4,0,0,MATH/Llama,MATH/Gemma,60601,60,2,False,False,False,False,False,baseline,,mathstral,never,NOT_ROUTED
60601,0,mathstral,never,4,0,0,MATH/Llama,MATH/Gemma,60601,60,3,False,False,False,False,False,baseline,,mathstral,never,NOT_ROUTED
60601,0,mathstral,never,4,0,0,MATH/Llama,MATH/Gemma,60601,60,4,False,False,False,False,False,baseline,,mathstral,never,NOT_ROUTED
60601,0,mathstral,never,4,0,0,MATH/Llama,MATH/Gemma,60601,60,5,False,False,False,False,False,baseline,,mathstral,never,NOT_ROUTED
60601,0,mathstral,never,4,0,0,MATH/Llama,MATH/Gemma,60601,60,6,False,False,False,False,False,baseline,,mathstral,never,NOT_ROUTED
60601,0,mathstral,never,4,0,0,MATH/Llama,MATH/Gemma,60601,60,7,False,False,False,False,False,baseline,,mathstral,never,NOT_ROUTED
60601,0,mathstral,never,4,0,0,MATH/Llama,MATH/Gemma,60601,61,0,False,False,False,False,False,baseline,,mathstral,never,NOT_ROUTED
60601,0,mathstral,never,4,0,0,MATH/Llama,MATH/Gemma,60601,61,1,False,False,False,False,False,baseline,,mathstral,never,NOT_ROUTED
60601,0,mathstral,never,4,0,0,MATH/Llama,MATH/Gemma,60601,61,2,False,False,False,False,False,baseline,,mathstral,never,NOT_ROUTED
60601,0,mathstral,never,4,0,0,MATH/Llama,MATH/Gemma,60601,61,3,False,False,False,False,False,baseline,,mathstral,never,NOT_ROUTED
60601,0,mathstral,never,4,0,0,MATH/Llama,MATH/Gemma,60601,61,4,False,False,False,False,False,baseline,,mathstral,never,NOT_ROUTED
60601,0,mathstral,never,4,0,0,MATH/Llama,MATH/Gemma,60601,61,5,False,False,False,False,False,baseline,,mathstral,never,NOT_ROUTED
60601,0,mathstral,never,4,0,0,MATH/Llama,MATH/Gemma,60601,61,6,False,False,False,False,False,baseline,,mathstral,never,NOT_ROUTED
60601,0,mathstral,never,4,0,0,MATH/Llama,MATH/Gemma,60601,61,7,False,False,False,False,False,baseline,,mathstral,never,NOT_ROUTED
60601,0,mathstral,never,4,0,0,MATH/Llama,MATH/Gemma,60601,64,0,True,True,True,False,False,baseline,,mathstral,never,NOT_ROUTED
60601,0,mathstral,never,4,0,0,MATH/Llama,MATH/Gemma,60601,64,1,True,True,True,False,False,baseline,,mathstral,never,NOT_ROUTED
60601,0,mathstral,never,4,0,0,MATH/Llama,MATH/Gemma,60601,64,2,True,True,True,False,False,baseline,,mathstral,never,NOT_ROUTED
60601,0,mathstral,never,4,0,0,MATH/Llama,MATH/Gemma,60601,64,3,True,True,True,False,False,baseline,,mathstral,never,NOT_ROUTED
60601,0,mathstral,never,4,0,0,MATH/Llama,MATH/Gemma,60601,64,4,True,True,True,False,False,baseline,,mathstral,never,NOT_ROUTED
60601,0,mathstral,never,4,0,0,MATH/Llama,MATH/Gemma,60601,64,5,True,True,True,False,False,baseline,,mathstral,never,NOT_ROUTED
60601,0,mathstral,never,4,0,0,MATH/Llama,MATH/Gemma,60601,64,6,True,True,True,False,False,baseline,,mathstral,never,NOT_ROUTED
60601,0,mathstral,never,4,0,0,MATH/Llama,MATH/Gemma,60601,64,7,True,True,True,False,False,baseline,,mathstral,never,NOT_ROUTED
60601,0,mathstral,never,4,0,0,MATH/Llama,MATH/Gemma,60601,65,0,False,False,False,False,False,baseline,,mathstral,never,NOT_ROUTED
60601,0,mathstral,never,4,0,0,MATH/Llama,MATH/Gemma,60601,65,1,False,False,False,False,False,baseline,,mathstral,never,NOT_ROUTED
60601,0,mathstral,never,4,0,0,MATH/Llama,MATH/Gemma,60601,65,2,False,False,False,False,False,baseline,,mathstral,never,NOT_ROUTED
60601,0,mathstral,never,4,0,0,MATH/Llama,MATH/Gemma,60601,65,3,False,False,False,False,False,baseline,,mathstral,never,NOT_ROUTED
60601,0,mathstral,never,4,0,0,MATH/Llama,MATH/Gemma,60601,65,4,False,False,False,False,False,baseline,,mathstral,never,NOT_ROUTED
60601,0,mathstral,never,4,0,0,MATH/Llama,MATH/Gemma,60601,65,5,False,False,False,False,False,baseline,,mathstral,never,NOT_ROUTED
60601,0,mathstral,never,4,0,0,MATH/Llama,MATH/Gemma,60601,65,6,False,False,False,False,False,baseline,,mathstral,never,NOT_ROUTED
60601,0,mathstral,never,4,0,0,MATH/Llama,MATH/Gemma,60601,65,7,False,False,False,False,False,baseline,,mathstral,never,NOT_ROUTED
60601,0,mathstral,never,4,0,0,MATH/Llama,MATH/Gemma,60601,66,0,False,False,False,False,False,baseline,,mathstral,never,NOT_ROUTED
60601,0,mathstral,never,4,0,0,MATH/Llama,MATH/Gemma,60601,66,1,False,False,False,False,False,baseline,,mathstral,never,NOT_ROUTED
60601,0,mathstral,never,4,0,0,MATH/Llama,MATH/Gemma,60601,66,2,False,False,False,False,False,baseline,,mathstral,never,NOT_ROUTED
60601,0,mathstral,never,4,0,0,MATH/Llama,MATH/Gemma,60601,66,3,False,False,False,False,False,baseline,,mathstral,never,NOT_ROUTED
60601,0,mathstral,never,4,0,0,MATH/Llama,MATH/Gemma,60601,66,4,False,False,False,False,False,baseline,,mathstral,never,NOT_ROUTED
60601,0,mathstral,never,4,0,0,MATH/Llama,MATH/Gemma,60601,66,5,False,False,False,False,False,baseline,,mathstral,never,NOT_ROUTED
60601,0,mathstral,never,4,0,0,MATH/Llama,MATH/Gemma,60601,66,6,False,False,False,False,False,baseline,,mathstral,never,NOT_ROUTED
60601,0,mathstral,never,4,0,0,MATH/Llama,MATH/Gemma,60601,66,7,False,False,False,False,False,baseline,,mathstral,never,NOT_ROUTED
60601,0,mathstral,never,4,0,0,MATH/Llama,MATH/Gemma,60601,70,0,False,False,False,False,False,baseline,,mathstral,never,NOT_ROUTED
60601,0,mathstral,never,4,0,0,MATH/Llama,MATH/Gemma,60601,70,1,False,False,False,False,False,baseline,,mathstral,never,NOT_ROUTED
60601,0,mathstral,never,4,0,0,MATH/Llama,MATH/Gemma,60601,70,2,False,False,False,False,False,baseline,,mathstral,never,NOT_ROUTED
60601,0,mathstral,never,4,0,0,MATH/Llama,MATH/Gemma,60601,70,3,False,False,False,False,False,baseline,,mathstral,never,NOT_ROUTED
60601,0,mathstral,never,4,0,0,MATH/Llama,MATH/Gemma,60601,70,4,False,False,False,False,False,baseline,,mathstral,never,NOT_ROUTED
60601,0,mathstral,never,4,0,0,MATH/Llama,MATH/Gemma,60601,70,5,False,False,False,False,False,baseline,,mathstral,never,NOT_ROUTED
60601,0,mathstral,never,4,0,0,MATH/Llama,MATH/Gemma,60601,70,6,False,False,False,False,False,baseline,,mathstral,never,NOT_ROUTED
60601,0,mathstral,never,4,0,0,MATH/Llama,MATH/Gemma,60601,70,7,False,False,False,False,False,baseline,,mathstral,never,NOT_ROUTED
60601,0,mathstral,never,4,0,0,MATH/Llama,MATH/Gemma,60601,72,0,False,False,False,False,False,baseline,,mathstral,never,NOT_ROUTED
60601,0,mathstral,never,4,0,0,MATH/Llama,MATH/Gemma,60601,72,1,False,False,False,False,False,baseline,,mathstral,never,NOT_ROUTED
60601,0,mathstral,never,4,0,0,MATH/Llama,MATH/Gemma,60601,72,2,False,False,False,False,False,baseline,,mathstral,never,NOT_ROUTED
60601,0,mathstral,never,4,0,0,MATH/Llama,MATH/Gemma,60601,72,3,False,False,False,False,False,baseline,,mathstral,never,NOT_ROUTED
60601,0,mathstral,never,4,0,0,MATH/Llama,MATH/Gemma,60601,72,4,False,False,False,False,False,baseline,,mathstral,never,NOT_ROUTED
60601,0,mathstral,never,4,0,0,MATH/Llama,MATH/Gemma,60601,72,5,False,False,False,False,False,baseline,,mathstral,never,NOT_ROUTED
60601,0,mathstral,never,4,0,0,MATH/Llama,MATH/Gemma,60601,72,6,False,False,False,False,False,baseline,,mathstral,never,NOT_ROUTED
60601,0,mathstral,never,4,0,0,MATH/Llama,MATH/Gemma,60601,72,7,False,False,False,False,False,baseline,,mathstral,never,NOT_ROUTED
60601,0,mathstral,never,4,0,0,MATH/Llama,MATH/Gemma,60601,75,0,False,False,False,False,False,baseline,,mathstral,never,NOT_ROUTED
60601,0,mathstral,never,4,0,0,MATH/Llama,MATH/Gemma,60601,75,1,False,False,False,False,False,baseline,,mathstral,never,NOT_ROUTED
60601,0,mathstral,never,4,0,0,MATH/Llama,MATH/Gemma,60601,75,2,False,False,False,False,False,baseline,,mathstral,never,NOT_ROUTED
60601,0,mathstral,never,4,0,0,MATH/Llama,MATH/Gemma,60601,75,3,False,False,False,False,False,baseline,,mathstral,never,NOT_ROUTED
60601,0,mathstral,never,4,0,0,MATH/Llama,MATH/Gemma,60601,75,4,False,False,False,False,False,baseline,,mathstral,never,NOT_ROUTED
60601,0,mathstral,never,4,0,0,MATH/Llama,MATH/Gemma,60601,75,5,False,False,False,False,False,baseline,,mathstral,never,NOT_ROUTED
60601,0,mathstral,never,4,0,0,MATH/Llama,MATH/Gemma,60601,75,6,False,False,False,False,False,baseline,,mathstral,never,NOT_ROUTED
60601,0,mathstral,never,4,0,0,MATH/Llama,MATH/Gemma,60601,75,7,False,False,False,False,False,baseline,,mathstral,never,NOT_ROUTED
60601,0,mathstral,never,4,0,0,MATH/Llama,MATH/Gemma,60601,77,0,False,False,False,False,False,baseline,,mathstral,never,NOT_ROUTED
60601,0,mathstral,never,4,0,0,MATH/Llama,MATH/Gemma,60601,77,1,False,False,False,False,False,baseline,,mathstral,never,NOT_ROUTED
60601,0,mathstral,never,4,0,0,MATH/Llama,MATH/Gemma,60601,77,2,False,False,False,False,False,baseline,,mathstral,never,NOT_ROUTED
60601,0,mathstral,never,4,0,0,MATH/Llama,MATH/Gemma,60601,77,3,False,False,False,False,False,baseline,,mathstral,never,NOT_ROUTED
60601,0,mathstral,never,4,0,0,MATH/Llama,MATH/Gemma,60601,77,4,False,False,False,False,False,baseline,,mathstral,never,NOT_ROUTED
60601,0,mathstral,never,4,0,0,MATH/Llama,MATH/Gemma,60601,77,5,False,False,False,False,False,baseline,,mathstral,never,NOT_ROUTED
60601,0,mathstral,never,4,0,0,MATH/Llama,MATH/Gemma,60601,77,6,False,False,False,False,False,baseline,,mathstral,never,NOT_ROUTED
60601,0,mathstral,never,4,0,0,MATH/Llama,MATH/Gemma,60601,77,7,False,False,False,False,False,baseline,,mathstral,never,NOT_ROUTED
60601,0,mathstral,never,4,0,0,MATH/Llama,MATH/Gemma,60601,78,0,False,False,False,False,False,baseline,,mathstral,never,NOT_ROUTED
60601,0,mathstral,never,4,0,0,MATH/Llama,MATH/Gemma,60601,78,1,False,False,False,False,False,baseline,,mathstral,never,NOT_ROUTED
60601,0,mathstral,never,4,0,0,MATH/Llama,MATH/Gemma,60601,78,2,False,False,False,False,False,baseline,,mathstral,never,NOT_ROUTED
60601,0,mathstral,never,4,0,0,MATH/Llama,MATH/Gemma,60601,78,3,False,False,False,False,False,baseline,,mathstral,never,NOT_ROUTED
60601,0,mathstral,never,4,0,0,MATH/Llama,MATH/Gemma,60601,78,4,False,False,False,False,False,baseline,,mathstral,never,NOT_ROUTED
60601,0,mathstral,never,4,0,0,MATH/Llama,MATH/Gemma,60601,78,5,False,False,False,False,False,baseline,,mathstral,never,NOT_ROUTED
60601,0,mathstral,never,4,0,0,MATH/Llama,MATH/Gemma,60601,78,6,False,False,False,False,False,baseline,,mathstral,never,NOT_ROUTED
60601,0,mathstral,never,4,0,0,MATH/Llama,MATH/Gemma,60601,78,7,False,False,False,False,False,baseline,,mathstral,never,NOT_ROUTED
60601,0,mathstral,never,4,0,0,MATH/Llama,MATH/Gemma,60601,81,0,False,False,False,False,False,baseline,,mathstral,never,NOT_ROUTED
60601,0,mathstral,never,4,0,0,MATH/Llama,MATH/Gemma,60601,81,1,False,False,False,False,False,baseline,,mathstral,never,NOT_ROUTED
60601,0,mathstral,never,4,0,0,MATH/Llama,MATH/Gemma,60601,81,2,False,False,False,False,False,baseline,,mathstral,never,NOT_ROUTED
60601,0,mathstral,never,4,0,0,MATH/Llama,MATH/Gemma,60601,81,3,False,False,False,False,False,baseline,,mathstral,never,NOT_ROUTED
60601,0,mathstral,never,4,0,0,MATH/Llama,MATH/Gemma,60601,81,4,False,False,False,False,False,baseline,,mathstral,never,NOT_ROUTED
60601,0,mathstral,never,4,0,0,MATH/Llama,MATH/Gemma,60601,81,5,False,False,False,False,False,baseline,,mathstral,never,NOT_ROUTED
60601,0,mathstral,never,4,0,0,MATH/Llama,MATH/Gemma,60601,81,6,False,False,False,False,False,baseline,,mathstral,never,NOT_ROUTED
60601,0,mathstral,never,4,0,0,MATH/Llama,MATH/Gemma,60601,81,7,False,False,False,False,False,baseline,,mathstral,never,NOT_ROUTED
60601,0,mathstral,never,4,0,0,MATH/Llama,MATH/Gemma,60601,87,0,False,False,False,False,False,baseline,,mathstral,never,NOT_ROUTED
60601,0,mathstral,never,4,0,0,MATH/Llama,MATH/Gemma,60601,87,1,False,False,False,False,False,baseline,,mathstral,never,NOT_ROUTED
60601,0,mathstral,never,4,0,0,MATH/Llama,MATH/Gemma,60601,87,2,False,False,False,False,False,baseline,,mathstral,never,NOT_ROUTED
60601,0,mathstral,never,4,0,0,MATH/Llama,MATH/Gemma,60601,87,3,False,False,False,False,False,baseline,,mathstral,never,NOT_ROUTED
60601,0,mathstral,never,4,0,0,MATH/Llama,MATH/Gemma,60601,87,4,False,False,False,False,False,baseline,,mathstral,never,NOT_ROUTED
60601,0,mathstral,never,4,0,0,MATH/Llama,MATH/Gemma,60601,87,5,False,False,False,False,False,baseline,,mathstral,never,NOT_ROUTED
60601,0,mathstral,never,4,0,0,MATH/Llama,MATH/Gemma,60601,87,6,False,False,False,False,False,baseline,,mathstral,never,NOT_ROUTED
60601,0,mathstral,never,4,0,0,MATH/Llama,MATH/Gemma,60601,87,7,False,False,False,False,False,baseline,,mathstral,never,NOT_ROUTED
60601,0,mathstral,never,4,0,0,MATH/Llama,MATH/Gemma,60601,88,0,False,False,False,False,False,baseline,,mathstral,never,NOT_ROUTED
60601,0,mathstral,never,4,0,0,MATH/Llama,MATH/Gemma,60601,88,1,False,False,False,False,False,baseline,,mathstral,never,NOT_ROUTED
60601,0,mathstral,never,4,0,0,MATH/Llama,MATH/Gemma,60601,88,2,False,False,False,False,False,baseline,,mathstral,never,NOT_ROUTED
60601,0,mathstral,never,4,0,0,MATH/Llama,MATH/Gemma,60601,88,3,False,False,False,False,False,baseline,,mathstral,never,NOT_ROUTED
60601,0,mathstral,never,4,0,0,MATH/Llama,MATH/Gemma,60601,88,4,False,False,False,False,False,baseline,,mathstral,never,NOT_ROUTED
60601,0,mathstral,never,4,0,0,MATH/Llama,MATH/Gemma,60601,88,5,False,False,False,False,False,baseline,,mathstral,never,NOT_ROUTED
60601,0,mathstral,never,4,0,0,MATH/Llama,MATH/Gemma,60601,88,6,False,False,False,False,False,baseline,,mathstral,never,NOT_ROUTED
60601,0,mathstral,never,4,0,0,MATH/Llama,MATH/Gemma,60601,88,7,False,False,False,False,False,baseline,,mathstral,never,NOT_ROUTED
60601,0,mathstral,never,4,0,0,MATH/Llama,MATH/Gemma,60601,89,0,False,False,False,False,False,baseline,,mathstral,never,NOT_ROUTED
60601,0,mathstral,never,4,0,0,MATH/Llama,MATH/Gemma,60601,89,1,False,False,False,False,False,baseline,,mathstral,never,NOT_ROUTED
60601,0,mathstral,never,4,0,0,MATH/Llama,MATH/Gemma,60601,89,2,False,False,False,False,False,baseline,,mathstral,never,NOT_ROUTED
60601,0,mathstral,never,4,0,0,MATH/Llama,MATH/Gemma,60601,89,3,False,False,False,False,False,baseline,,mathstral,never,NOT_ROUTED
60601,0,mathstral,never,4,0,0,MATH/Llama,MATH/Gemma,60601,89,4,False,False,False,False,False,baseline,,mathstral,never,NOT_ROUTED
60601,0,mathstral,never,4,0,0,MATH/Llama,MATH/Gemma,60601,89,5,False,False,False,False,False,baseline,,mathstral,never,NOT_ROUTED
60601,0,mathstral,never,4,0,0,MATH/Llama,MATH/Gemma,60601,89,6,False,False,False,False,False,baseline,,mathstral,never,NOT_ROUTED
60601,0,mathstral,never,4,0,0,MATH/Llama,MATH/Gemma,60601,89,7,False,False,False,False,False,baseline,,mathstral,never,NOT_ROUTED
60601,0,mathstral,never,4,0,0,MATH/Llama,MATH/Gemma,60601,93,0,True,True,True,False,False,baseline,,mathstral,never,NOT_ROUTED
60601,0,mathstral,never,4,0,0,MATH/Llama,MATH/Gemma,60601,93,1,True,True,True,False,False,baseline,,mathstral,never,NOT_ROUTED
60601,0,mathstral,never,4,0,0,MATH/Llama,MATH/Gemma,60601,93,2,True,True,True,False,False,baseline,,mathstral,never,NOT_ROUTED
60601,0,mathstral,never,4,0,0,MATH/Llama,MATH/Gemma,60601,93,3,True,True,True,False,False,baseline,,mathstral,never,NOT_ROUTED
60601,0,mathstral,never,4,0,0,MATH/Llama,MATH/Gemma,60601,93,4,True,True,True,False,False,baseline,,mathstral,never,NOT_ROUTED
60601,0,mathstral,never,4,0,0,MATH/Llama,MATH/Gemma,60601,93,5,True,True,True,False,False,baseline,,mathstral,never,NOT_ROUTED
60601,0,mathstral,never,4,0,0,MATH/Llama,MATH/Gemma,60601,93,6,True,True,True,False,False,baseline,,mathstral,never,NOT_ROUTED
60601,0,mathstral,never,4,0,0,MATH/Llama,MATH/Gemma,60601,93,7,True,True,True,False,False,baseline,,mathstral,never,NOT_ROUTED
60601,0,mathstral,never,4,0,0,MATH/Llama,MATH/Gemma,60601,96,0,True,True,True,False,False,baseline,,mathstral,never,NOT_ROUTED
60601,0,mathstral,never,4,0,0,MATH/Llama,MATH/Gemma,60601,96,1,True,True,True,False,False,baseline,,mathstral,never,NOT_ROUTED
60601,0,mathstral,never,4,0,0,MATH/Llama,MATH/Gemma,60601,96,2,True,True,True,False,False,baseline,,mathstral,never,NOT_ROUTED
60601,0,mathstral,never,4,0,0,MATH/Llama,MATH/Gemma,60601,96,3,True,True,True,False,False,baseline,,mathstral,never,NOT_ROUTED
60601,0,mathstral,never,4,0,0,MATH/Llama,MATH/Gemma,60601,96,4,True,True,True,False,False,baseline,,mathstral,never,NOT_ROUTED
60601,0,mathstral,never,4,0,0,MATH/Llama,MATH/Gemma,60601,96,5,True,True,True,False,False,baseline,,mathstral,never,NOT_ROUTED
60601,0,mathstral,never,4,0,0,MATH/Llama,MATH/Gemma,60601,96,6,True,True,True,False,False,baseline,,mathstral,never,NOT_ROUTED
60601,0,mathstral,never,4,0,0,MATH/Llama,MATH/Gemma,60601,96,7,True,True,True,False,False,baseline,,mathstral,never,NOT_ROUTED
60601,0,mathstral,never,4,0,0,MATH/Llama,MATH/Gemma,60601,98,0,True,True,True,False,False,baseline,,mathstral,never,NOT_ROUTED
60601,0,mathstral,never,4,0,0,MATH/Llama,MATH/Gemma,60601,98,1,True,True,True,False,False,baseline,,mathstral,never,NOT_ROUTED
60601,0,mathstral,never,4,0,0,MATH/Llama,MATH/Gemma,60601,98,2,True,True,True,False,False,baseline,,mathstral,never,NOT_ROUTED
60601,0,mathstral,never,4,0,0,MATH/Llama,MATH/Gemma,60601,98,3,True,True,True,False,False,baseline,,mathstral,never,NOT_ROUTED
60601,0,mathstral,never,4,0,0,MATH/Llama,MATH/Gemma,60601,98,4,False,False,False,False,False,baseline,,mathstral,never,NOT_ROUTED
60601,0,mathstral,never,4,0,0,MATH/Llama,MATH/Gemma,60601,98,5,True,True,True,False,False,baseline,,mathstral,never,NOT_ROUTED
60601,0,mathstral,never,4,0,0,MATH/Llama,MATH/Gemma,60601,98,6,True,True,True,False,False,baseline,,mathstral,never,NOT_ROUTED
60601,0,mathstral,never,4,0,0,MATH/Llama,MATH/Gemma,60601,98,7,True,True,True,False,False,baseline,,mathstral,never,NOT_ROUTED
60601,0,mathstral,never,4,0,0,MATH/Llama,MATH/Gemma,60601,100,0,True,True,True,False,False,baseline,,mathstral,never,NOT_ROUTED
60601,0,mathstral,never,4,0,0,MATH/Llama,MATH/Gemma,60601,100,1,True,True,True,False,False,baseline,,mathstral,never,NOT_ROUTED
60601,0,mathstral,never,4,0,0,MATH/Llama,MATH/Gemma,60601,100,2,True,True,True,False,False,baseline,,mathstral,never,NOT_ROUTED
60601,0,mathstral,never,4,0,0,MATH/Llama,MATH/Gemma,60601,100,3,True,True,True,False,False,baseline,,mathstral,never,NOT_ROUTED
60601,0,mathstral,never,4,0,0,MATH/Llama,MATH/Gemma,60601,100,4,True,True,True,False,False,baseline,,mathstral,never,NOT_ROUTED
60601,0,mathstral,never,4,0,0,MATH/Llama,MATH/Gemma,60601,100,5,True,True,True,False,False,baseline,,mathstral,never,NOT_ROUTED
60601,0,mathstral,never,4,0,0,MATH/Llama,MATH/Gemma,60601,100,6,True,True,True,False,False,baseline,,mathstral,never,NOT_ROUTED
60601,0,mathstral,never,4,0,0,MATH/Llama,MATH/Gemma,60601,100,7,True,True,True,False,False,baseline,,mathstral,never,NOT_ROUTED
60601,0,mathstral,never,4,0,0,MATH/Llama,MATH/Gemma,60601,101,0,True,True,True,False,False,baseline,,mathstral,never,NOT_ROUTED
60601,0,mathstral,never,4,0,0,MATH/Llama,MATH/Gemma,60601,101,1,True,True,True,False,False,baseline,,mathstral,never,NOT_ROUTED
60601,0,mathstral,never,4,0,0,MATH/Llama,MATH/Gemma,60601,101,2,True,True,True,False,False,baseline,,mathstral,never,NOT_ROUTED
60601,0,mathstral,never,4,0,0,MATH/Llama,MATH/Gemma,60601,101,3,True,True,True,False,False,baseline,,mathstral,never,NOT_ROUTED
60601,0,mathstral,never,4,0,0,MATH/Llama,MATH/Gemma,60601,101,4,True,True,True,False,False,baseline,,mathstral,never,NOT_ROUTED
60601,0,mathstral,never,4,0,0,MATH/Llama,MATH/Gemma,60601,101,5,True,True,True,False,False,baseline,,mathstral,never,NOT_ROUTED
60601,0,mathstral,never,4,0,0,MATH/Llama,MATH/Gemma,60601,101,6,True,True,True,False,False,baseline,,mathstral,never,NOT_ROUTED
60601,0,mathstral,never,4,0,0,MATH/Llama,MATH/Gemma,60601,101,7,True,True,True,False,False,baseline,,mathstral,never,NOT_ROUTED
60601,0,mathstral,never,4,0,0,MATH/Llama,MATH/Gemma,60601,102,0,True,True,True,False,False,baseline,,mathstral,never,NOT_ROUTED
60601,0,mathstral,never,4,0,0,MATH/Llama,MATH/Gemma,60601,102,1,True,True,True,False,False,baseline,,mathstral,never,NOT_ROUTED
60601,0,mathstral,never,4,0,0,MATH/Llama,MATH/Gemma,60601,102,2,True,True,True,False,False,baseline,,mathstral,never,NOT_ROUTED
60601,0,mathstral,never,4,0,0,MATH/Llama,MATH/Gemma,60601,102,3,True,True,True,False,False,baseline,,mathstral,never,NOT_ROUTED
60601,0,mathstral,never,4,0,0,MATH/Llama,MATH/Gemma,60601,102,4,True,True,True,False,False,baseline,,mathstral,never,NOT_ROUTED
60601,0,mathstral,never,4,0,0,MATH/Llama,MATH/Gemma,60601,102,5,True,True,True,False,False,baseline,,mathstral,never,NOT_ROUTED
60601,0,mathstral,never,4,0,0,MATH/Llama,MATH/Gemma,60601,102,6,True,True,True,False,False,baseline,,mathstral,never,NOT_ROUTED
60601,0,mathstral,never,4,0,0,MATH/Llama,MATH/Gemma,60601,102,7,True,True,True,False,False,baseline,,mathstral,never,NOT_ROUTED
60601,0,mathstral,never,4,0,0,MATH/Llama,MATH/Gemma,60601,103,0,True,True,True,False,False,baseline,,mathstral,never,NOT_ROUTED
60601,0,mathstral,never,4,0,0,MATH/Llama,MATH/Gemma,60601,103,1,True,True,True,False,False,baseline,,mathstral,never,NOT_ROUTED
60601,0,mathstral,never,4,0,0,MATH/Llama,MATH/Gemma,60601,103,2,True,True,True,False,False,baseline,,mathstral,never,NOT_ROUTED
60601,0,mathstral,never,4,0,0,MATH/Llama,MATH/Gemma,60601,103,3,True,True,True,False,False,baseline,,mathstral,never,NOT_ROUTED
60601,0,mathstral,never,4,0,0,MATH/Llama,MATH/Gemma,60601,103,4,True,True,True,False,False,baseline,,mathstral,never,NOT_ROUTED
60601,0,mathstral,never,4,0,0,MATH/Llama,MATH/Gemma,60601,103,5,True,True,True,False,False,baseline,,mathstral,never,NOT_ROUTED
60601,0,mathstral,never,4,0,0,MATH/Llama,MATH/Gemma,60601,103,6,True,True,True,False,False,baseline,,mathstral,never,NOT_ROUTED
60601,0,mathstral,never,4,0,0,MATH/Llama,MATH/Gemma,60601,103,7,True,True,True,False,False,baseline,,mathstral,never,NOT_ROUTED
60601,0,mathstral,never,4,0,0,MATH/Llama,MATH/Gemma,60601,106,0,True,True,True,False,False,baseline,,mathstral,never,NOT_ROUTED
60601,0,mathstral,never,4,0,0,MATH/Llama,MATH/Gemma,60601,106,1,True,True,True,False,False,baseline,,mathstral,never,NOT_ROUTED
60601,0,mathstral,never,4,0,0,MATH/Llama,MATH/Gemma,60601,106,2,True,True,True,False,False,baseline,,mathstral,never,NOT_ROUTED
60601,0,mathstral,never,4,0,0,MATH/Llama,MATH/Gemma,60601,106,3,True,True,True,False,False,baseline,,mathstral,never,NOT_ROUTED
60601,0,mathstral,never,4,0,0,MATH/Llama,MATH/Gemma,60601,106,4,True,True,True,False,False,baseline,,mathstral,never,NOT_ROUTED
60601,0,mathstral,never,4,0,0,MATH/Llama,MATH/Gemma,60601,106,5,True,True,True,False,False,baseline,,mathstral,never,NOT_ROUTED
60601,0,mathstral,never,4,0,0,MATH/Llama,MATH/Gemma,60601,106,6,True,True,True,False,False,baseline,,mathstral,never,NOT_ROUTED
60601,0,mathstral,never,4,0,0,MATH/Llama,MATH/Gemma,60601,106,7,True,True,True,False,False,baseline,,mathstral,never,NOT_ROUTED
60601,0,mathstral,never,4,0,0,MATH/Llama,MATH/Gemma,60601,109,0,True,True,True,False,False,baseline,,mathstral,never,NOT_ROUTED
60601,0,mathstral,never,4,0,0,MATH/Llama,MATH/Gemma,60601,109,1,True,True,True,False,False,baseline,,mathstral,never,NOT_ROUTED
60601,0,mathstral,never,4,0,0,MATH/Llama,MATH/Gemma,60601,109,2,True,True,True,False,False,baseline,,mathstral,never,NOT_ROUTED
60601,0,mathstral,never,4,0,0,MATH/Llama,MATH/Gemma,60601,109,3,True,True,True,False,False,baseline,,mathstral,never,NOT_ROUTED
60601,0,mathstral,never,4,0,0,MATH/Llama,MATH/Gemma,60601,109,4,True,True,True,False,False,baseline,,mathstral,never,NOT_ROUTED
60601,0,mathstral,never,4,0,0,MATH/Llama,MATH/Gemma,60601,109,5,True,True,True,False,False,baseline,,mathstral,never,NOT_ROUTED
60601,0,mathstral,never,4,0,0,MATH/Llama,MATH/Gemma,60601,109,6,True,True,True,False,False,baseline,,mathstral,never,NOT_ROUTED
60601,0,mathstral,never,4,0,0,MATH/Llama,MATH/Gemma,60601,109,7,True,True,True,False,False,baseline,,mathstral,never,NOT_ROUTED
60601,0,mathstral,never,4,0,0,MATH/Llama,MATH/Gemma,60601,111,0,True,True,True,False,False,baseline,,mathstral,never,NOT_ROUTED
60601,0,mathstral,never,4,0,0,MATH/Llama,MATH/Gemma,60601,111,1,True,True,True,False,False,baseline,,mathstral,never,NOT_ROUTED
60601,0,mathstral,never,4,0,0,MATH/Llama,MATH/Gemma,60601,111,2,True,True,True,False,False,baseline,,mathstral,never,NOT_ROUTED
60601,0,mathstral,never,4,0,0,MATH/Llama,MATH/Gemma,60601,111,3,True,True,True,False,False,baseline,,mathstral,never,NOT_ROUTED
60601,0,mathstral,never,4,0,0,MATH/Llama,MATH/Gemma,60601,111,4,True,True,True,False,False,baseline,,mathstral,never,NOT_ROUTED
60601,0,mathstral,never,4,0,0,MATH/Llama,MATH/Gemma,60601,111,5,True,True,True,False,False,baseline,,mathstral,never,NOT_ROUTED
60601,0,mathstral,never,4,0,0,MATH/Llama,MATH/Gemma,60601,111,6,True,True,True,False,False,baseline,,mathstral,never,NOT_ROUTED
60601,0,mathstral,never,4,0,0,MATH/Llama,MATH/Gemma,60601,111,7,True,True,True,False,False,baseline,,mathstral,never,NOT_ROUTED
60601,0,mathstral,never,4,0,0,MATH/Llama,MATH/Gemma,60601,112,0,False,False,False,False,False,baseline,,mathstral,never,NOT_ROUTED
60601,0,mathstral,never,4,0,0,MATH/Llama,MATH/Gemma,60601,112,1,False,False,False,False,False,baseline,,mathstral,never,NOT_ROUTED
60601,0,mathstral,never,4,0,0,MATH/Llama,MATH/Gemma,60601,112,2,False,False,False,False,False,baseline,,mathstral,never,NOT_ROUTED
60601,0,mathstral,never,4,0,0,MATH/Llama,MATH/Gemma,60601,112,3,False,False,False,False,False,baseline,,mathstral,never,NOT_ROUTED
60601,0,mathstral,never,4,0,0,MATH/Llama,MATH/Gemma,60601,112,4,False,False,False,False,False,baseline,,mathstral,never,NOT_ROUTED
60601,0,mathstral,never,4,0,0,MATH/Llama,MATH/Gemma,60601,112,5,False,False,False,False,False,baseline,,mathstral,never,NOT_ROUTED
60601,0,mathstral,never,4,0,0,MATH/Llama,MATH/Gemma,60601,112,6,False,False,False,False,False,baseline,,mathstral,never,NOT_ROUTED
60601,0,mathstral,never,4,0,0,MATH/Llama,MATH/Gemma,60601,112,7,False,False,False,False,False,baseline,,mathstral,never,NOT_ROUTED
60601,0,mathstral,never,4,0,0,MATH/Llama,MATH/Gemma,60601,115,0,False,False,False,False,False,baseline,,mathstral,never,NOT_ROUTED
60601,0,mathstral,never,4,0,0,MATH/Llama,MATH/Gemma,60601,115,1,False,False,False,False,False,baseline,,mathstral,never,NOT_ROUTED
60601,0,mathstral,never,4,0,0,MATH/Llama,MATH/Gemma,60601,115,2,False,False,False,False,False,baseline,,mathstral,never,NOT_ROUTED
60601,0,mathstral,never,4,0,0,MATH/Llama,MATH/Gemma,60601,115,3,False,False,False,False,False,baseline,,mathstral,never,NOT_ROUTED
60601,0,mathstral,never,4,0,0,MATH/Llama,MATH/Gemma,60601,115,4,False,False,False,False,False,baseline,,mathstral,never,NOT_ROUTED
60601,0,mathstral,never,4,0,0,MATH/Llama,MATH/Gemma,60601,115,5,False,False,False,False,False,baseline,,mathstral,never,NOT_ROUTED
60601,0,mathstral,never,4,0,0,MATH/Llama,MATH/Gemma,60601,115,6,False,False,False,False,False,baseline,,mathstral,never,NOT_ROUTED
60601,0,mathstral,never,4,0,0,MATH/Llama,MATH/Gemma,60601,115,7,False,False,False,False,False,baseline,,mathstral,never,NOT_ROUTED
60601,0,mathstral,never,4,0,0,MATH/Llama,MATH/Gemma,60601,117,0,False,False,False,False,False,baseline,,mathstral,never,NOT_ROUTED
60601,0,mathstral,never,4,0,0,MATH/Llama,MATH/Gemma,60601,117,1,False,False,False,False,False,baseline,,mathstral,never,NOT_ROUTED
60601,0,mathstral,never,4,0,0,MATH/Llama,MATH/Gemma,60601,117,2,False,False,False,False,False,baseline,,mathstral,never,NOT_ROUTED
60601,0,mathstral,never,4,0,0,MATH/Llama,MATH/Gemma,60601,117,3,False,False,False,False,False,baseline,,mathstral,never,NOT_ROUTED
60601,0,mathstral,never,4,0,0,MATH/Llama,MATH/Gemma,60601,117,4,False,False,False,False,False,baseline,,mathstral,never,NOT_ROUTED
60601,0,mathstral,never,4,0,0,MATH/Llama,MATH/Gemma,60601,117,5,False,False,False,False,False,baseline,,mathstral,never,NOT_ROUTED
60601,0,mathstral,never,4,0,0,MATH/Llama,MATH/Gemma,60601,117,6,False,False,False,False,False,baseline,,mathstral,never,NOT_ROUTED
60601,0,mathstral,never,4,0,0,MATH/Llama,MATH/Gemma,60601,117,7,False,False,False,False,False,baseline,,mathstral,never,NOT_ROUTED
60601,0,mathstral,never,4,0,0,MATH/Llama,MATH/Gemma,60601,118,0,False,False,False,False,False,baseline,,mathstral,never,NOT_ROUTED
60601,0,mathstral,never,4,0,0,MATH/Llama,MATH/Gemma,60601,118,1,False,False,False,False,False,baseline,,mathstral,never,NOT_ROUTED
60601,0,mathstral,never,4,0,0,MATH/Llama,MATH/Gemma,60601,118,2,True,True,True,False,False,baseline,,mathstral,never,NOT_ROUTED
60601,0,mathstral,never,4,0,0,MATH/Llama,MATH/Gemma,60601,118,3,False,False,False,False,False,baseline,,mathstral,never,NOT_ROUTED
60601,0,mathstral,never,4,0,0,MATH/Llama,MATH/Gemma,60601,118,4,False,False,False,False,False,baseline,,mathstral,never,NOT_ROUTED
60601,0,mathstral,never,4,0,0,MATH/Llama,MATH/Gemma,60601,118,5,True,True,True,False,False,baseline,,mathstral,never,NOT_ROUTED
60601,0,mathstral,never,4,0,0,MATH/Llama,MATH/Gemma,60601,118,6,True,True,True,False,False,baseline,,mathstral,never,NOT_ROUTED
60601,0,mathstral,never,4,0,0,MATH/Llama,MATH/Gemma,60601,118,7,True,True,True,False,False,baseline,,mathstral,never,NOT_ROUTED
60601,0,mathstral,never,4,0,0,MATH/Llama,MATH/Gemma,60601,120,0,False,False,False,False,False,baseline,,mathstral,never,NOT_ROUTED
60601,0,mathstral,never,4,0,0,MATH/Llama,MATH/Gemma,60601,120,1,False,False,False,False,False,baseline,,mathstral,never,NOT_ROUTED
60601,0,mathstral,never,4,0,0,MATH/Llama,MATH/Gemma,60601,120,2,False,False,False,False,False,baseline,,mathstral,never,NOT_ROUTED
60601,0,mathstral,never,4,0,0,MATH/Llama,MATH/Gemma,60601,120,3,False,False,False,False,False,baseline,,mathstral,never,NOT_ROUTED
60601,0,mathstral,never,4,0,0,MATH/Llama,MATH/Gemma,60601,120,4,False,False,False,False,False,baseline,,mathstral,never,NOT_ROUTED
60601,0,mathstral,never,4,0,0,MATH/Llama,MATH/Gemma,60601,120,5,False,False,False,False,False,baseline,,mathstral,never,NOT_ROUTED
60601,0,mathstral,never,4,0,0,MATH/Llama,MATH/Gemma,60601,120,6,False,False,False,False,False,baseline,,mathstral,never,NOT_ROUTED
60601,0,mathstral,never,4,0,0,MATH/Llama,MATH/Gemma,60601,120,7,False,False,False,False,False,baseline,,mathstral,never,NOT_ROUTED
60601,0,mathstral,never,4,0,0,MATH/Llama,MATH/Gemma,60601,121,0,False,False,False,False,False,baseline,,mathstral,never,NOT_ROUTED
60601,0,mathstral,never,4,0,0,MATH/Llama,MATH/Gemma,60601,121,1,False,False,False,False,False,baseline,,mathstral,never,NOT_ROUTED
60601,0,mathstral,never,4,0,0,MATH/Llama,MATH/Gemma,60601,121,2,False,False,False,False,False,baseline,,mathstral,never,NOT_ROUTED
60601,0,mathstral,never,4,0,0,MATH/Llama,MATH/Gemma,60601,121,3,False,False,False,False,False,baseline,,mathstral,never,NOT_ROUTED
60601,0,mathstral,never,4,0,0,MATH/Llama,MATH/Gemma,60601,121,4,False,False,False,False,False,baseline,,mathstral,never,NOT_ROUTED
60601,0,mathstral,never,4,0,0,MATH/Llama,MATH/Gemma,60601,121,5,False,False,False,False,False,baseline,,mathstral,never,NOT_ROUTED
60601,0,mathstral,never,4,0,0,MATH/Llama,MATH/Gemma,60601,121,6,False,False,False,False,False,baseline,,mathstral,never,NOT_ROUTED
60601,0,mathstral,never,4,0,0,MATH/Llama,MATH/Gemma,60601,121,7,False,False,False,False,False,baseline,,mathstral,never,NOT_ROUTED
60601,0,mathstral,never,4,0,0,MATH/Llama,MATH/Gemma,60601,122,0,False,False,False,False,False,baseline,,mathstral,never,NOT_ROUTED
60601,0,mathstral,never,4,0,0,MATH/Llama,MATH/Gemma,60601,122,1,False,False,False,False,False,baseline,,mathstral,never,NOT_ROUTED
60601,0,mathstral,never,4,0,0,MATH/Llama,MATH/Gemma,60601,122,2,False,False,False,False,False,baseline,,mathstral,never,NOT_ROUTED
60601,0,mathstral,never,4,0,0,MATH/Llama,MATH/Gemma,60601,122,3,False,False,False,False,False,baseline,,mathstral,never,NOT_ROUTED
60601,0,mathstral,never,4,0,0,MATH/Llama,MATH/Gemma,60601,122,4,False,False,False,False,False,baseline,,mathstral,never,NOT_ROUTED
60601,0,mathstral,never,4,0,0,MATH/Llama,MATH/Gemma,60601,122,5,False,False,False,False,False,baseline,,mathstral,never,NOT_ROUTED
60601,0,mathstral,never,4,0,0,MATH/Llama,MATH/Gemma,60601,122,6,False,False,False,False,False,baseline,,mathstral,never,NOT_ROUTED
60601,0,mathstral,never,4,0,0,MATH/Llama,MATH/Gemma,60601,122,7,False,False,False,False,False,baseline,,mathstral,never,NOT_ROUTED
60601,0,mathstral,never,4,0,0,MATH/Llama,MATH/Gemma,60601,123,0,False,False,False,False,False,baseline,,mathstral,never,NOT_ROUTED
60601,0,mathstral,never,4,0,0,MATH/Llama,MATH/Gemma,60601,123,1,False,False,False,False,False,baseline,,mathstral,never,NOT_ROUTED
60601,0,mathstral,never,4,0,0,MATH/Llama,MATH/Gemma,60601,123,2,False,False,False,False,False,baseline,,mathstral,never,NOT_ROUTED
60601,0,mathstral,never,4,0,0,MATH/Llama,MATH/Gemma,60601,123,3,False,False,False,False,False,baseline,,mathstral,never,NOT_ROUTED
60601,0,mathstral,never,4,0,0,MATH/Llama,MATH/Gemma,60601,123,4,False,False,False,False,False,baseline,,mathstral,never,NOT_ROUTED
60601,0,mathstral,never,4,0,0,MATH/Llama,MATH/Gemma,60601,123,5,False,False,False,False,False,baseline,,mathstral,never,NOT_ROUTED
60601,0,mathstral,never,4,0,0,MATH/Llama,MATH/Gemma,60601,123,6,False,False,False,False,False,baseline,,mathstral,never,NOT_ROUTED
60601,0,mathstral,never,4,0,0,MATH/Llama,MATH/Gemma,60601,123,7,False,False,False,False,False,baseline,,mathstral,never,NOT_ROUTED
60601,0,mathstral,never,4,0,0,MATH/Llama,MATH/Gemma,60601,124,0,False,False,False,False,False,baseline,,mathstral,never,NOT_ROUTED
60601,0,mathstral,never,4,0,0,MATH/Llama,MATH/Gemma,60601,124,1,False,False,False,False,False,baseline,,mathstral,never,NOT_ROUTED
60601,0,mathstral,never,4,0,0,MATH/Llama,MATH/Gemma,60601,124,2,False,False,False,False,False,baseline,,mathstral,never,NOT_ROUTED
60601,0,mathstral,never,4,0,0,MATH/Llama,MATH/Gemma,60601,124,3,False,False,False,False,False,baseline,,mathstral,never,NOT_ROUTED
60601,0,mathstral,never,4,0,0,MATH/Llama,MATH/Gemma,60601,124,4,False,False,False,False,False,baseline,,mathstral,never,NOT_ROUTED
60601,0,mathstral,never,4,0,0,MATH/Llama,MATH/Gemma,60601,124,5,False,False,False,False,False,baseline,,mathstral,never,NOT_ROUTED
60601,0,mathstral,never,4,0,0,MATH/Llama,MATH/Gemma,60601,124,6,False,False,False,False,False,baseline,,mathstral,never,NOT_ROUTED
60601,0,mathstral,never,4,0,0,MATH/Llama,MATH/Gemma,60601,124,7,False,False,False,False,False,baseline,,mathstral,never,NOT_ROUTED
60601,0,mathstral,never,4,0,0,MATH/Llama,MATH/Gemma,60601,126,0,False,False,False,False,False,baseline,,mathstral,never,NOT_ROUTED
60601,0,mathstral,never,4,0,0,MATH/Llama,MATH/Gemma,60601,126,1,False,False,False,False,False,baseline,,mathstral,never,NOT_ROUTED
60601,0,mathstral,never,4,0,0,MATH/Llama,MATH/Gemma,60601,126,2,False,False,False,False,False,baseline,,mathstral,never,NOT_ROUTED
60601,0,mathstral,never,4,0,0,MATH/Llama,MATH/Gemma,60601,126,3,False,False,False,False,False,baseline,,mathstral,never,NOT_ROUTED
60601,0,mathstral,never,4,0,0,MATH/Llama,MATH/Gemma,60601,126,4,False,False,False,False,False,baseline,,mathstral,never,NOT_ROUTED
60601,0,mathstral,never,4,0,0,MATH/Llama,MATH/Gemma,60601,126,5,False,False,False,False,False,baseline,,mathstral,never,NOT_ROUTED
60601,0,mathstral,never,4,0,0,MATH/Llama,MATH/Gemma,60601,126,6,False,False,False,False,False,baseline,,mathstral,never,NOT_ROUTED
60601,0,mathstral,never,4,0,0,MATH/Llama,MATH/Gemma,60601,126,7,False,False,False,False,False,baseline,,mathstral,never,NOT_ROUTED
60601,0,mathstral,never,4,0,0,MATH/Llama,MATH/Gemma,60601,127,0,False,False,False,False,False,baseline,,mathstral,never,NOT_ROUTED
60601,0,mathstral,never,4,0,0,MATH/Llama,MATH/Gemma,60601,127,1,False,False,False,False,False,baseline,,mathstral,never,NOT_ROUTED
60601,0,mathstral,never,4,0,0,MATH/Llama,MATH/Gemma,60601,127,2,False,False,False,False,False,baseline,,mathstral,never,NOT_ROUTED
60601,0,mathstral,never,4,0,0,MATH/Llama,MATH/Gemma,60601,127,3,False,False,False,False,False,baseline,,mathstral,never,NOT_ROUTED
60601,0,mathstral,never,4,0,0,MATH/Llama,MATH/Gemma,60601,127,4,False,False,False,False,False,baseline,,mathstral,never,NOT_ROUTED
60601,0,mathstral,never,4,0,0,MATH/Llama,MATH/Gemma,60601,127,5,False,False,False,False,False,baseline,,mathstral,never,NOT_ROUTED
60601,0,mathstral,never,4,0,0,MATH/Llama,MATH/Gemma,60601,127,6,False,False,False,False,False,baseline,,mathstral,never,NOT_ROUTED
60601,0,mathstral,never,4,0,0,MATH/Llama,MATH/Gemma,60601,127,7,False,False,False,False,False,baseline,,mathstral,never,NOT_ROUTED
60601,1,mathstral,never,4,0,0,MATH/Llama,MATH/Gemma,60601,0,0,False,False,False,False,False,baseline,,mathstral,never,NOT_ROUTED
60601,1,mathstral,never,4,0,0,MATH/Llama,MATH/Gemma,60601,0,1,False,False,False,False,False,baseline,,mathstral,never,NOT_ROUTED
60601,1,mathstral,never,4,0,0,MATH/Llama,MATH/Gemma,60601,0,2,False,False,False,False,False,baseline,,mathstral,never,NOT_ROUTED
60601,1,mathstral,never,4,0,0,MATH/Llama,MATH/Gemma,60601,0,3,False,False,False,False,False,baseline,,mathstral,never,NOT_ROUTED
60601,1,mathstral,never,4,0,0,MATH/Llama,MATH/Gemma,60601,0,4,False,False,False,False,False,baseline,,mathstral,never,NOT_ROUTED
60601,1,mathstral,never,4,0,0,MATH/Llama,MATH/Gemma,60601,0,5,False,False,False,False,False,baseline,,mathstral,never,NOT_ROUTED
60601,1,mathstral,never,4,0,0,MATH/Llama,MATH/Gemma,60601,0,6,False,False,False,False,False,baseline,,mathstral,never,NOT_ROUTED
60601,1,mathstral,never,4,0,0,MATH/Llama,MATH/Gemma,60601,0,7,False,False,False,False,False,baseline,,mathstral,never,NOT_ROUTED
60601,1,mathstral,never,4,0,0,MATH/Llama,MATH/Gemma,60601,1,0,True,True,True,False,False,baseline,,mathstral,never,NOT_ROUTED
60601,1,mathstral,never,4,0,0,MATH/Llama,MATH/Gemma,60601,1,1,False,False,False,False,False,baseline,,mathstral,never,NOT_ROUTED
60601,1,mathstral,never,4,0,0,MATH/Llama,MATH/Gemma,60601,1,2,False,False,False,False,False,baseline,,mathstral,never,NOT_ROUTED
60601,1,mathstral,never,4,0,0,MATH/Llama,MATH/Gemma,60601,1,3,False,False,False,False,False,baseline,,mathstral,never,NOT_ROUTED
60601,1,mathstral,never,4,0,0,MATH/Llama,MATH/Gemma,60601,1,4,False,False,False,False,False,baseline,,mathstral,never,NOT_ROUTED
60601,1,mathstral,never,4,0,0,MATH/Llama,MATH/Gemma,60601,1,5,False,False,False,False,False,baseline,,mathstral,never,NOT_ROUTED
60601,1,mathstral,never,4,0,0,MATH/Llama,MATH/Gemma,60601,1,6,False,False,False,False,False,baseline,,mathstral,never,NOT_ROUTED
60601,1,mathstral,never,4,0,0,MATH/Llama,MATH/Gemma,60601,1,7,False,False,False,False,False,baseline,,mathstral,never,NOT_ROUTED
60601,1,mathstral,never,4,0,0,MATH/Llama,MATH/Gemma,60601,2,0,True,True,True,False,False,baseline,,mathstral,never,NOT_ROUTED
60601,1,mathstral,never,4,0,0,MATH/Llama,MATH/Gemma,60601,2,1,True,True,True,False,False,baseline,,mathstral,never,NOT_ROUTED
60601,1,mathstral,never,4,0,0,MATH/Llama,MATH/Gemma,60601,2,2,True,True,True,False,False,baseline,,mathstral,never,NOT_ROUTED
60601,1,mathstral,never,4,0,0,MATH/Llama,MATH/Gemma,60601,2,3,True,True,True,False,False,baseline,,mathstral,never,NOT_ROUTED
60601,1,mathstral,never,4,0,0,MATH/Llama,MATH/Gemma,60601,2,4,True,True,True,False,False,baseline,,mathstral,never,NOT_ROUTED
60601,1,mathstral,never,4,0,0,MATH/Llama,MATH/Gemma,60601,2,5,True,True,True,False,False,baseline,,mathstral,never,NOT_ROUTED
60601,1,mathstral,never,4,0,0,MATH/Llama,MATH/Gemma,60601,2,6,True,True,True,False,False,baseline,,mathstral,never,NOT_ROUTED
60601,1,mathstral,never,4,0,0,MATH/Llama,MATH/Gemma,60601,2,7,True,True,True,False,False,baseline,,mathstral,never,NOT_ROUTED
60601,1,mathstral,never,4,0,0,MATH/Llama,MATH/Gemma,60601,3,0,True,True,True,False,False,baseline,,mathstral,never,NOT_ROUTED
60601,1,mathstral,never,4,0,0,MATH/Llama,MATH/Gemma,60601,3,1,True,True,True,False,False,baseline,,mathstral,never,NOT_ROUTED
60601,1,mathstral,never,4,0,0,MATH/Llama,MATH/Gemma,60601,3,2,True,True,True,False,False,baseline,,mathstral,never,NOT_ROUTED
60601,1,mathstral,never,4,0,0,MATH/Llama,MATH/Gemma,60601,3,3,True,True,True,False,False,baseline,,mathstral,never,NOT_ROUTED
60601,1,mathstral,never,4,0,0,MATH/Llama,MATH/Gemma,60601,3,4,True,True,True,False,False,baseline,,mathstral,never,NOT_ROUTED
60601,1,mathstral,never,4,0,0,MATH/Llama,MATH/Gemma,60601,3,5,True,True,True,False,False,baseline,,mathstral,never,NOT_ROUTED
60601,1,mathstral,never,4,0,0,MATH/Llama,MATH/Gemma,60601,3,6,True,True,True,False,False,baseline,,mathstral,never,NOT_ROUTED
60601,1,mathstral,never,4,0,0,MATH/Llama,MATH/Gemma,60601,3,7,True,True,True,False,False,baseline,,mathstral,never,NOT_ROUTED
60601,1,mathstral,never,4,0,0,MATH/Llama,MATH/Gemma,60601,4,0,True,True,True,False,False,baseline,,mathstral,never,NOT_ROUTED
60601,1,mathstral,never,4,0,0,MATH/Llama,MATH/Gemma,60601,4,1,True,True,True,False,False,baseline,,mathstral,never,NOT_ROUTED
60601,1,mathstral,never,4,0,0,MATH/Llama,MATH/Gemma,60601,4,2,True,True,True,False,False,baseline,,mathstral,never,NOT_ROUTED
60601,1,mathstral,never,4,0,0,MATH/Llama,MATH/Gemma,60601,4,3,True,True,True,False,False,baseline,,mathstral,never,NOT_ROUTED
60601,1,mathstral,never,4,0,0,MATH/Llama,MATH/Gemma,60601,4,4,True,True,True,False,False,baseline,,mathstral,never,NOT_ROUTED
60601,1,mathstral,never,4,0,0,MATH/Llama,MATH/Gemma,60601,4,5,True,True,True,False,False,baseline,,mathstral,never,NOT_ROUTED
60601,1,mathstral,never,4,0,0,MATH/Llama,MATH/Gemma,60601,4,6,True,True,True,False,False,baseline,,mathstral,never,NOT_ROUTED
60601,1,mathstral,never,4,0,0,MATH/Llama,MATH/Gemma,60601,4,7,True,True,True,False,False,baseline,,mathstral,never,NOT_ROUTED
60601,1,mathstral,never,4,0,0,MATH/Llama,MATH/Gemma,60601,5,0,True,True,True,False,False,baseline,,mathstral,never,NOT_ROUTED
60601,1,mathstral,never,4,0,0,MATH/Llama,MATH/Gemma,60601,5,1,True,True,True,False,False,baseline,,mathstral,never,NOT_ROUTED
60601,1,mathstral,never,4,0,0,MATH/Llama,MATH/Gemma,60601,5,2,True,True,True,False,False,baseline,,mathstral,never,NOT_ROUTED
60601,1,mathstral,never,4,0,0,MATH/Llama,MATH/Gemma,60601,5,3,False,False,False,False,False,baseline,,mathstral,never,NOT_ROUTED
60601,1,mathstral,never,4,0,0,MATH/Llama,MATH/Gemma,60601,5,4,True,True,True,False,False,baseline,,mathstral,never,NOT_ROUTED
60601,1,mathstral,never,4,0,0,MATH/Llama,MATH/Gemma,60601,5,5,True,True,True,False,False,baseline,,mathstral,never,NOT_ROUTED
60601,1,mathstral,never,4,0,0,MATH/Llama,MATH/Gemma,60601,5,6,False,False,False,False,False,baseline,,mathstral,never,NOT_ROUTED
60601,1,mathstral,never,4,0,0,MATH/Llama,MATH/Gemma,60601,5,7,True,True,True,False,False,baseline,,mathstral,never,NOT_ROUTED
60601,1,mathstral,never,4,0,0,MATH/Llama,MATH/Gemma,60601,7,0,True,True,True,False,False,baseline,,mathstral,never,NOT_ROUTED
60601,1,mathstral,never,4,0,0,MATH/Llama,MATH/Gemma,60601,7,1,True,True,True,False,False,baseline,,mathstral,never,NOT_ROUTED
60601,1,mathstral,never,4,0,0,MATH/Llama,MATH/Gemma,60601,7,2,True,True,True,False,False,baseline,,mathstral,never,NOT_ROUTED
60601,1,mathstral,never,4,0,0,MATH/Llama,MATH/Gemma,60601,7,3,True,True,True,False,False,baseline,,mathstral,never,NOT_ROUTED
60601,1,mathstral,never,4,0,0,MATH/Llama,MATH/Gemma,60601,7,4,True,True,True,False,False,baseline,,mathstral,never,NOT_ROUTED
60601,1,mathstral,never,4,0,0,MATH/Llama,MATH/Gemma,60601,7,5,True,True,True,False,False,baseline,,mathstral,never,NOT_ROUTED
60601,1,mathstral,never,4,0,0,MATH/Llama,MATH/Gemma,60601,7,6,True,True,True,False,False,baseline,,mathstral,never,NOT_ROUTED
60601,1,mathstral,never,4,0,0,MATH/Llama,MATH/Gemma,60601,7,7,True,True,True,False,False,baseline,,mathstral,never,NOT_ROUTED
60601,1,mathstral,never,4,0,0,MATH/Llama,MATH/Gemma,60601,8,0,True,True,True,False,False,baseline,,mathstral,never,NOT_ROUTED
60601,1,mathstral,never,4,0,0,MATH/Llama,MATH/Gemma,60601,8,1,True,True,True,False,False,baseline,,mathstral,never,NOT_ROUTED
60601,1,mathstral,never,4,0,0,MATH/Llama,MATH/Gemma,60601,8,2,True,True,True,False,False,baseline,,mathstral,never,NOT_ROUTED
60601,1,mathstral,never,4,0,0,MATH/Llama,MATH/Gemma,60601,8,3,True,True,True,False,False,baseline,,mathstral,never,NOT_ROUTED
60601,1,mathstral,never,4,0,0,MATH/Llama,MATH/Gemma,60601,8,4,True,True,True,False,False,baseline,,mathstral,never,NOT_ROUTED
60601,1,mathstral,never,4,0,0,MATH/Llama,MATH/Gemma,60601,8,5,True,True,True,False,False,baseline,,mathstral,never,NOT_ROUTED
60601,1,mathstral,never,4,0,0,MATH/Llama,MATH/Gemma,60601,8,6,True,True,True,False,False,baseline,,mathstral,never,NOT_ROUTED
60601,1,mathstral,never,4,0,0,MATH/Llama,MATH/Gemma,60601,8,7,True,True,True,False,False,baseline,,mathstral,never,NOT_ROUTED
60601,1,mathstral,never,4,0,0,MATH/Llama,MATH/Gemma,60601,9,0,True,True,True,False,False,baseline,,mathstral,never,NOT_ROUTED
60601,1,mathstral,never,4,0,0,MATH/Llama,MATH/Gemma,60601,9,1,True,True,True,False,False,baseline,,mathstral,never,NOT_ROUTED
60601,1,mathstral,never,4,0,0,MATH/Llama,MATH/Gemma,60601,9,2,True,True,True,False,False,baseline,,mathstral,never,NOT_ROUTED
60601,1,mathstral,never,4,0,0,MATH/Llama,MATH/Gemma,60601,9,3,True,True,True,False,False,baseline,,mathstral,never,NOT_ROUTED
60601,1,mathstral,never,4,0,0,MATH/Llama,MATH/Gemma,60601,9,4,True,True,True,False,False,baseline,,mathstral,never,NOT_ROUTED
60601,1,mathstral,never,4,0,0,MATH/Llama,MATH/Gemma,60601,9,5,True,True,True,False,False,baseline,,mathstral,never,NOT_ROUTED
60601,1,mathstral,never,4,0,0,MATH/Llama,MATH/Gemma,60601,9,6,True,True,True,False,False,baseline,,mathstral,never,NOT_ROUTED
60601,1,mathstral,never,4,0,0,MATH/Llama,MATH/Gemma,60601,9,7,True,True,True,False,False,baseline,,mathstral,never,NOT_ROUTED
60601,1,mathstral,never,4,0,0,MATH/Llama,MATH/Gemma,60601,10,0,True,True,True,False,False,baseline,,mathstral,never,NOT_ROUTED
60601,1,mathstral,never,4,0,0,MATH/Llama,MATH/Gemma,60601,10,1,True,True,True,False,False,baseline,,mathstral,never,NOT_ROUTED
60601,1,mathstral,never,4,0,0,MATH/Llama,MATH/Gemma,60601,10,2,True,True,True,False,False,baseline,,mathstral,never,NOT_ROUTED
60601,1,mathstral,never,4,0,0,MATH/Llama,MATH/Gemma,60601,10,3,True,True,True,False,False,baseline,,mathstral,never,NOT_ROUTED
60601,1,mathstral,never,4,0,0,MATH/Llama,MATH/Gemma,60601,10,4,True,True,True,False,False,baseline,,mathstral,never,NOT_ROUTED
60601,1,mathstral,never,4,0,0,MATH/Llama,MATH/Gemma,60601,10,5,True,True,True,False,False,baseline,,mathstral,never,NOT_ROUTED
60601,1,mathstral,never,4,0,0,MATH/Llama,MATH/Gemma,60601,10,6,True,True,True,False,False,baseline,,mathstral,never,NOT_ROUTED
60601,1,mathstral,never,4,0,0,MATH/Llama,MATH/Gemma,60601,10,7,True,True,True,False,False,baseline,,mathstral,never,NOT_ROUTED
60601,1,mathstral,never,4,0,0,MATH/Llama,MATH/Gemma,60601,12,0,True,True,True,False,False,baseline,,mathstral,never,NOT_ROUTED
60601,1,mathstral,never,4,0,0,MATH/Llama,MATH/Gemma,60601,12,1,True,True,True,False,False,baseline,,mathstral,never,NOT_ROUTED
60601,1,mathstral,never,4,0,0,MATH/Llama,MATH/Gemma,60601,12,2,True,True,True,False,False,baseline,,mathstral,never,NOT_ROUTED
60601,1,mathstral,never,4,0,0,MATH/Llama,MATH/Gemma,60601,12,3,True,True,True,False,False,baseline,,mathstral,never,NOT_ROUTED
60601,1,mathstral,never,4,0,0,MATH/Llama,MATH/Gemma,60601,12,4,True,True,True,False,False,baseline,,mathstral,never,NOT_ROUTED
60601,1,mathstral,never,4,0,0,MATH/Llama,MATH/Gemma,60601,12,5,True,True,True,False,False,baseline,,mathstral,never,NOT_ROUTED
60601,1,mathstral,never,4,0,0,MATH/Llama,MATH/Gemma,60601,12,6,True,True,True,False,False,baseline,,mathstral,never,NOT_ROUTED
60601,1,mathstral,never,4,0,0,MATH/Llama,MATH/Gemma,60601,12,7,True,True,True,False,False,baseline,,mathstral,never,NOT_ROUTED
60601,1,mathstral,never,4,0,0,MATH/Llama,MATH/Gemma,60601,15,0,False,False,False,False,False,baseline,,mathstral,never,NOT_ROUTED
60601,1,mathstral,never,4,0,0,MATH/Llama,MATH/Gemma,60601,15,1,False,False,False,False,False,baseline,,mathstral,never,NOT_ROUTED
60601,1,mathstral,never,4,0,0,MATH/Llama,MATH/Gemma,60601,15,2,False,False,False,False,False,baseline,,mathstral,never,NOT_ROUTED
60601,1,mathstral,never,4,0,0,MATH/Llama,MATH/Gemma,60601,15,3,False,False,False,False,False,baseline,,mathstral,never,NOT_ROUTED
60601,1,mathstral,never,4,0,0,MATH/Llama,MATH/Gemma,60601,15,4,False,False,False,False,False,baseline,,mathstral,never,NOT_ROUTED
60601,1,mathstral,never,4,0,0,MATH/Llama,MATH/Gemma,60601,15,5,False,False,False,False,False,baseline,,mathstral,never,NOT_ROUTED
60601,1,mathstral,never,4,0,0,MATH/Llama,MATH/Gemma,60601,15,6,False,False,False,False,False,baseline,,mathstral,never,NOT_ROUTED
60601,1,mathstral,never,4,0,0,MATH/Llama,MATH/Gemma,60601,15,7,False,False,False,False,False,baseline,,mathstral,never,NOT_ROUTED
60601,1,mathstral,never,4,0,0,MATH/Llama,MATH/Gemma,60601,17,0,False,False,False,False,False,baseline,,mathstral,never,NOT_ROUTED
60601,1,mathstral,never,4,0,0,MATH/Llama,MATH/Gemma,60601,17,1,False,False,False,False,False,baseline,,mathstral,never,NOT_ROUTED
60601,1,mathstral,never,4,0,0,MATH/Llama,MATH/Gemma,60601,17,2,False,False,False,False,False,baseline,,mathstral,never,NOT_ROUTED
60601,1,mathstral,never,4,0,0,MATH/Llama,MATH/Gemma,60601,17,3,False,False,False,False,False,baseline,,mathstral,never,NOT_ROUTED
60601,1,mathstral,never,4,0,0,MATH/Llama,MATH/Gemma,60601,17,4,False,False,False,False,False,baseline,,mathstral,never,NOT_ROUTED
60601,1,mathstral,never,4,0,0,MATH/Llama,MATH/Gemma,60601,17,5,False,False,False,False,False,baseline,,mathstral,never,NOT_ROUTED
60601,1,mathstral,never,4,0,0,MATH/Llama,MATH/Gemma,60601,17,6,False,False,False,False,False,baseline,,mathstral,never,NOT_ROUTED
60601,1,mathstral,never,4,0,0,MATH/Llama,MATH/Gemma,60601,17,7,False,False,False,False,False,baseline,,mathstral,never,NOT_ROUTED
60601,1,mathstral,never,4,0,0,MATH/Llama,MATH/Gemma,60601,18,0,False,False,False,False,False,baseline,,mathstral,never,NOT_ROUTED
60601,1,mathstral,never,4,0,0,MATH/Llama,MATH/Gemma,60601,18,1,False,False,False,False,False,baseline,,mathstral,never,NOT_ROUTED
60601,1,mathstral,never,4,0,0,MATH/Llama,MATH/Gemma,60601,18,2,False,False,False,False,False,baseline,,mathstral,never,NOT_ROUTED
60601,1,mathstral,never,4,0,0,MATH/Llama,MATH/Gemma,60601,18,3,False,False,False,False,False,baseline,,mathstral,never,NOT_ROUTED
60601,1,mathstral,never,4,0,0,MATH/Llama,MATH/Gemma,60601,18,4,False,False,False,False,False,baseline,,mathstral,never,NOT_ROUTED
60601,1,mathstral,never,4,0,0,MATH/Llama,MATH/Gemma,60601,18,5,False,False,False,False,False,baseline,,mathstral,never,NOT_ROUTED
60601,1,mathstral,never,4,0,0,MATH/Llama,MATH/Gemma,60601,18,6,False,False,False,False,False,baseline,,mathstral,never,NOT_ROUTED
60601,1,mathstral,never,4,0,0,MATH/Llama,MATH/Gemma,60601,18,7,False,False,False,False,False,baseline,,mathstral,never,NOT_ROUTED
60601,1,mathstral,never,4,0,0,MATH/Llama,MATH/Gemma,60601,19,0,True,True,True,False,False,baseline,,mathstral,never,NOT_ROUTED
60601,1,mathstral,never,4,0,0,MATH/Llama,MATH/Gemma,60601,19,1,True,True,True,False,False,baseline,,mathstral,never,NOT_ROUTED
60601,1,mathstral,never,4,0,0,MATH/Llama,MATH/Gemma,60601,19,2,True,True,True,False,False,baseline,,mathstral,never,NOT_ROUTED
60601,1,mathstral,never,4,0,0,MATH/Llama,MATH/Gemma,60601,19,3,True,True,True,False,False,baseline,,mathstral,never,NOT_ROUTED
60601,1,mathstral,never,4,0,0,MATH/Llama,MATH/Gemma,60601,19,4,True,True,True,False,False,baseline,,mathstral,never,NOT_ROUTED
60601,1,mathstral,never,4,0,0,MATH/Llama,MATH/Gemma,60601,19,5,True,True,True,False,False,baseline,,mathstral,never,NOT_ROUTED
60601,1,mathstral,never,4,0,0,MATH/Llama,MATH/Gemma,60601,19,6,True,True,True,False,False,baseline,,mathstral,never,NOT_ROUTED
60601,1,mathstral,never,4,0,0,MATH/Llama,MATH/Gemma,60601,19,7,True,True,True,False,False,baseline,,mathstral,never,NOT_ROUTED
60601,1,mathstral,never,4,0,0,MATH/Llama,MATH/Gemma,60601,20,0,False,False,False,False,False,baseline,,mathstral,never,NOT_ROUTED
60601,1,mathstral,never,4,0,0,MATH/Llama,MATH/Gemma,60601,20,1,False,False,False,False,False,baseline,,mathstral,never,NOT_ROUTED
60601,1,mathstral,never,4,0,0,MATH/Llama,MATH/Gemma,60601,20,2,True,True,True,False,False,baseline,,mathstral,never,NOT_ROUTED
60601,1,mathstral,never,4,0,0,MATH/Llama,MATH/Gemma,60601,20,3,False,False,False,False,False,baseline,,mathstral,never,NOT_ROUTED
60601,1,mathstral,never,4,0,0,MATH/Llama,MATH/Gemma,60601,20,4,True,True,True,False,False,baseline,,mathstral,never,NOT_ROUTED
60601,1,mathstral,never,4,0,0,MATH/Llama,MATH/Gemma,60601,20,5,False,False,False,False,False,baseline,,mathstral,never,NOT_ROUTED
60601,1,mathstral,never,4,0,0,MATH/Llama,MATH/Gemma,60601,20,6,False,False,False,False,False,baseline,,mathstral,never,NOT_ROUTED
60601,1,mathstral,never,4,0,0,MATH/Llama,MATH/Gemma,60601,20,7,False,False,False,False,False,baseline,,mathstral,never,NOT_ROUTED
60601,1,mathstral,never,4,0,0,MATH/Llama,MATH/Gemma,60601,21,0,True,True,True,False,False,baseline,,mathstral,never,NOT_ROUTED
60601,1,mathstral,never,4,0,0,MATH/Llama,MATH/Gemma,60601,21,1,True,True,True,False,False,baseline,,mathstral,never,NOT_ROUTED
60601,1,mathstral,never,4,0,0,MATH/Llama,MATH/Gemma,60601,21,2,True,True,True,False,False,baseline,,mathstral,never,NOT_ROUTED
60601,1,mathstral,never,4,0,0,MATH/Llama,MATH/Gemma,60601,21,3,True,True,True,False,False,baseline,,mathstral,never,NOT_ROUTED
60601,1,mathstral,never,4,0,0,MATH/Llama,MATH/Gemma,60601,21,4,True,True,True,False,False,baseline,,mathstral,never,NOT_ROUTED
60601,1,mathstral,never,4,0,0,MATH/Llama,MATH/Gemma,60601,21,5,True,True,True,False,False,baseline,,mathstral,never,NOT_ROUTED
60601,1,mathstral,never,4,0,0,MATH/Llama,MATH/Gemma,60601,21,6,True,True,True,False,False,baseline,,mathstral,never,NOT_ROUTED
60601,1,mathstral,never,4,0,0,MATH/Llama,MATH/Gemma,60601,21,7,True,True,True,False,False,baseline,,mathstral,never,NOT_ROUTED
60601,1,mathstral,never,4,0,0,MATH/Llama,MATH/Gemma,60601,22,0,True,True,True,False,False,baseline,,mathstral,never,NOT_ROUTED
60601,1,mathstral,never,4,0,0,MATH/Llama,MATH/Gemma,60601,22,1,True,True,True,False,False,baseline,,mathstral,never,NOT_ROUTED
60601,1,mathstral,never,4,0,0,MATH/Llama,MATH/Gemma,60601,22,2,True,True,True,False,False,baseline,,mathstral,never,NOT_ROUTED
60601,1,mathstral,never,4,0,0,MATH/Llama,MATH/Gemma,60601,22,3,True,True,True,False,False,baseline,,mathstral,never,NOT_ROUTED
60601,1,mathstral,never,4,0,0,MATH/Llama,MATH/Gemma,60601,22,4,True,True,True,False,False,baseline,,mathstral,never,NOT_ROUTED
60601,1,mathstral,never,4,0,0,MATH/Llama,MATH/Gemma,60601,22,5,True,True,True,False,False,baseline,,mathstral,never,NOT_ROUTED
60601,1,mathstral,never,4,0,0,MATH/Llama,MATH/Gemma,60601,22,6,True,True,True,False,False,baseline,,mathstral,never,NOT_ROUTED
60601,1,mathstral,never,4,0,0,MATH/Llama,MATH/Gemma,60601,22,7,True,True,True,False,False,baseline,,mathstral,never,NOT_ROUTED
60601,1,mathstral,never,4,0,0,MATH/Llama,MATH/Gemma,60601,23,0,True,True,True,False,False,baseline,,mathstral,never,NOT_ROUTED
60601,1,mathstral,never,4,0,0,MATH/Llama,MATH/Gemma,60601,23,1,False,False,False,False,False,baseline,,mathstral,never,NOT_ROUTED
60601,1,mathstral,never,4,0,0,MATH/Llama,MATH/Gemma,60601,23,2,True,True,True,False,False,baseline,,mathstral,never,NOT_ROUTED
60601,1,mathstral,never,4,0,0,MATH/Llama,MATH/Gemma,60601,23,3,True,True,True,False,False,baseline,,mathstral,never,NOT_ROUTED
60601,1,mathstral,never,4,0,0,MATH/Llama,MATH/Gemma,60601,23,4,True,True,True,False,False,baseline,,mathstral,never,NOT_ROUTED
60601,1,mathstral,never,4,0,0,MATH/Llama,MATH/Gemma,60601,23,5,True,True,True,False,False,baseline,,mathstral,never,NOT_ROUTED
60601,1,mathstral,never,4,0,0,MATH/Llama,MATH/Gemma,60601,23,6,True,True,True,False,False,baseline,,mathstral,never,NOT_ROUTED
60601,1,mathstral,never,4,0,0,MATH/Llama,MATH/Gemma,60601,23,7,True,True,True,False,False,baseline,,mathstral,never,NOT_ROUTED
60601,1,mathstral,never,4,0,0,MATH/Llama,MATH/Gemma,60601,25,0,True,True,True,False,False,baseline,,mathstral,never,NOT_ROUTED
60601,1,mathstral,never,4,0,0,MATH/Llama,MATH/Gemma,60601,25,1,True,True,True,False,False,baseline,,mathstral,never,NOT_ROUTED
60601,1,mathstral,never,4,0,0,MATH/Llama,MATH/Gemma,60601,25,2,True,True,True,False,False,baseline,,mathstral,never,NOT_ROUTED
60601,1,mathstral,never,4,0,0,MATH/Llama,MATH/Gemma,60601,25,3,True,True,True,False,False,baseline,,mathstral,never,NOT_ROUTED
60601,1,mathstral,never,4,0,0,MATH/Llama,MATH/Gemma,60601,25,4,True,True,True,False,False,baseline,,mathstral,never,NOT_ROUTED
60601,1,mathstral,never,4,0,0,MATH/Llama,MATH/Gemma,60601,25,5,True,True,True,False,False,baseline,,mathstral,never,NOT_ROUTED
60601,1,mathstral,never,4,0,0,MATH/Llama,MATH/Gemma,60601,25,6,True,True,True,False,False,baseline,,mathstral,never,NOT_ROUTED
60601,1,mathstral,never,4,0,0,MATH/Llama,MATH/Gemma,60601,25,7,True,True,True,False,False,baseline,,mathstral,never,NOT_ROUTED
60601,1,mathstral,never,4,0,0,MATH/Llama,MATH/Gemma,60601,27,0,True,True,True,False,False,baseline,,mathstral,never,NOT_ROUTED
60601,1,mathstral,never,4,0,0,MATH/Llama,MATH/Gemma,60601,27,1,True,True,True,False,False,baseline,,mathstral,never,NOT_ROUTED
60601,1,mathstral,never,4,0,0,MATH/Llama,MATH/Gemma,60601,27,2,True,True,True,False,False,baseline,,mathstral,never,NOT_ROUTED
60601,1,mathstral,never,4,0,0,MATH/Llama,MATH/Gemma,60601,27,3,True,True,True,False,False,baseline,,mathstral,never,NOT_ROUTED
60601,1,mathstral,never,4,0,0,MATH/Llama,MATH/Gemma,60601,27,4,True,True,True,False,False,baseline,,mathstral,never,NOT_ROUTED
60601,1,mathstral,never,4,0,0,MATH/Llama,MATH/Gemma,60601,27,5,True,True,True,False,False,baseline,,mathstral,never,NOT_ROUTED
60601,1,mathstral,never,4,0,0,MATH/Llama,MATH/Gemma,60601,27,6,True,True,True,False,False,baseline,,mathstral,never,NOT_ROUTED
60601,1,mathstral,never,4,0,0,MATH/Llama,MATH/Gemma,60601,27,7,True,True,True,False,False,baseline,,mathstral,never,NOT_ROUTED
60601,1,mathstral,never,4,0,0,MATH/Llama,MATH/Gemma,60601,29,0,True,True,True,False,False,baseline,,mathstral,never,NOT_ROUTED
60601,1,mathstral,never,4,0,0,MATH/Llama,MATH/Gemma,60601,29,1,True,True,True,False,False,baseline,,mathstral,never,NOT_ROUTED
60601,1,mathstral,never,4,0,0,MATH/Llama,MATH/Gemma,60601,29,2,True,True,True,False,False,baseline,,mathstral,never,NOT_ROUTED
60601,1,mathstral,never,4,0,0,MATH/Llama,MATH/Gemma,60601,29,3,True,True,True,False,False,baseline,,mathstral,never,NOT_ROUTED
60601,1,mathstral,never,4,0,0,MATH/Llama,MATH/Gemma,60601,29,4,True,True,True,False,False,baseline,,mathstral,never,NOT_ROUTED
60601,1,mathstral,never,4,0,0,MATH/Llama,MATH/Gemma,60601,29,5,True,True,True,False,False,baseline,,mathstral,never,NOT_ROUTED
60601,1,mathstral,never,4,0,0,MATH/Llama,MATH/Gemma,60601,29,6,True,True,True,False,False,baseline,,mathstral,never,NOT_ROUTED
60601,1,mathstral,never,4,0,0,MATH/Llama,MATH/Gemma,60601,29,7,True,True,True,False,False,baseline,,mathstral,never,NOT_ROUTED
60601,1,mathstral,never,4,0,0,MATH/Llama,MATH/Gemma,60601,30,0,True,True,True,False,False,baseline,,mathstral,never,NOT_ROUTED
60601,1,mathstral,never,4,0,0,MATH/Llama,MATH/Gemma,60601,30,1,True,True,True,False,False,baseline,,mathstral,never,NOT_ROUTED
60601,1,mathstral,never,4,0,0,MATH/Llama,MATH/Gemma,60601,30,2,True,True,True,False,False,baseline,,mathstral,never,NOT_ROUTED
60601,1,mathstral,never,4,0,0,MATH/Llama,MATH/Gemma,60601,30,3,True,True,True,False,False,baseline,,mathstral,never,NOT_ROUTED
60601,1,mathstral,never,4,0,0,MATH/Llama,MATH/Gemma,60601,30,4,True,True,True,False,False,baseline,,mathstral,never,NOT_ROUTED
60601,1,mathstral,never,4,0,0,MATH/Llama,MATH/Gemma,60601,30,5,True,True,True,False,False,baseline,,mathstral,never,NOT_ROUTED
60601,1,mathstral,never,4,0,0,MATH/Llama,MATH/Gemma,60601,30,6,True,True,True,False,False,baseline,,mathstral,never,NOT_ROUTED
60601,1,mathstral,never,4,0,0,MATH/Llama,MATH/Gemma,60601,30,7,True,True,True,False,False,baseline,,mathstral,never,NOT_ROUTED
60601,1,mathstral,never,4,0,0,MATH/Llama,MATH/Gemma,60601,31,0,False,False,False,False,False,baseline,,mathstral,never,NOT_ROUTED
60601,1,mathstral,never,4,0,0,MATH/Llama,MATH/Gemma,60601,31,1,False,False,False,False,False,baseline,,mathstral,never,NOT_ROUTED
60601,1,mathstral,never,4,0,0,MATH/Llama,MATH/Gemma,60601,31,2,False,False,False,False,False,baseline,,mathstral,never,NOT_ROUTED
60601,1,mathstral,never,4,0,0,MATH/Llama,MATH/Gemma,60601,31,3,False,False,False,False,False,baseline,,mathstral,never,NOT_ROUTED
60601,1,mathstral,never,4,0,0,MATH/Llama,MATH/Gemma,60601,31,4,False,False,False,False,False,baseline,,mathstral,never,NOT_ROUTED
60601,1,mathstral,never,4,0,0,MATH/Llama,MATH/Gemma,60601,31,5,False,False,False,False,False,baseline,,mathstral,never,NOT_ROUTED
60601,1,mathstral,never,4,0,0,MATH/Llama,MATH/Gemma,60601,31,6,False,False,False,False,False,baseline,,mathstral,never,NOT_ROUTED
60601,1,mathstral,never,4,0,0,MATH/Llama,MATH/Gemma,60601,31,7,False,False,False,False,False,baseline,,mathstral,never,NOT_ROUTED
60601,1,mathstral,never,4,0,0,MATH/Llama,MATH/Gemma,60601,33,0,False,False,False,False,False,baseline,,mathstral,never,NOT_ROUTED
60601,1,mathstral,never,4,0,0,MATH/Llama,MATH/Gemma,60601,33,1,False,False,False,False,False,baseline,,mathstral,never,NOT_ROUTED
60601,1,mathstral,never,4,0,0,MATH/Llama,MATH/Gemma,60601,33,2,False,False,False,False,False,baseline,,mathstral,never,NOT_ROUTED
60601,1,mathstral,never,4,0,0,MATH/Llama,MATH/Gemma,60601,33,3,False,False,False,False,False,baseline,,mathstral,never,NOT_ROUTED
60601,1,mathstral,never,4,0,0,MATH/Llama,MATH/Gemma,60601,33,4,False,False,False,False,False,baseline,,mathstral,never,NOT_ROUTED
60601,1,mathstral,never,4,0,0,MATH/Llama,MATH/Gemma,60601,33,5,False,False,False,False,False,baseline,,mathstral,never,NOT_ROUTED
60601,1,mathstral,never,4,0,0,MATH/Llama,MATH/Gemma,60601,33,6,False,False,False,False,False,baseline,,mathstral,never,NOT_ROUTED
60601,1,mathstral,never,4,0,0,MATH/Llama,MATH/Gemma,60601,33,7,False,False,False,False,False,baseline,,mathstral,never,NOT_ROUTED
60601,1,mathstral,never,4,0,0,MATH/Llama,MATH/Gemma,60601,36,0,False,False,False,False,False,baseline,,mathstral,never,NOT_ROUTED
60601,1,mathstral,never,4,0,0,MATH/Llama,MATH/Gemma,60601,36,1,False,False,False,False,False,baseline,,mathstral,never,NOT_ROUTED
60601,1,mathstral,never,4,0,0,MATH/Llama,MATH/Gemma,60601,36,2,False,False,False,False,False,baseline,,mathstral,never,NOT_ROUTED
60601,1,mathstral,never,4,0,0,MATH/Llama,MATH/Gemma,60601,36,3,False,False,False,False,False,baseline,,mathstral,never,NOT_ROUTED
60601,1,mathstral,never,4,0,0,MATH/Llama,MATH/Gemma,60601,36,4,False,False,False,False,False,baseline,,mathstral,never,NOT_ROUTED
60601,1,mathstral,never,4,0,0,MATH/Llama,MATH/Gemma,60601,36,5,False,False,False,False,False,baseline,,mathstral,never,NOT_ROUTED
60601,1,mathstral,never,4,0,0,MATH/Llama,MATH/Gemma,60601,36,6,False,False,False,False,False,baseline,,mathstral,never,NOT_ROUTED
60601,1,mathstral,never,4,0,0,MATH/Llama,MATH/Gemma,60601,36,7,False,False,False,False,False,baseline,,mathstral,never,NOT_ROUTED
60601,1,mathstral,never,4,0,0,MATH/Llama,MATH/Gemma,60601,37,0,True,True,True,False,False,baseline,,mathstral,never,NOT_ROUTED
60601,1,mathstral,never,4,0,0,MATH/Llama,MATH/Gemma,60601,37,1,True,True,True,False,False,baseline,,mathstral,never,NOT_ROUTED
60601,1,mathstral,never,4,0,0,MATH/Llama,MATH/Gemma,60601,37,2,True,True,True,False,False,baseline,,mathstral,never,NOT_ROUTED
60601,1,mathstral,never,4,0,0,MATH/Llama,MATH/Gemma,60601,37,3,True,True,True,False,False,baseline,,mathstral,never,NOT_ROUTED
60601,1,mathstral,never,4,0,0,MATH/Llama,MATH/Gemma,60601,37,4,True,True,True,False,False,baseline,,mathstral,never,NOT_ROUTED
60601,1,mathstral,never,4,0,0,MATH/Llama,MATH/Gemma,60601,37,5,True,True,True,False,False,baseline,,mathstral,never,NOT_ROUTED
60601,1,mathstral,never,4,0,0,MATH/Llama,MATH/Gemma,60601,37,6,True,True,True,False,False,baseline,,mathstral,never,NOT_ROUTED
60601,1,mathstral,never,4,0,0,MATH/Llama,MATH/Gemma,60601,37,7,True,True,True,False,False,baseline,,mathstral,never,NOT_ROUTED
60601,1,mathstral,never,4,0,0,MATH/Llama,MATH/Gemma,60601,38,0,True,True,True,False,False,baseline,,mathstral,never,NOT_ROUTED
60601,1,mathstral,never,4,0,0,MATH/Llama,MATH/Gemma,60601,38,1,True,True,True,False,False,baseline,,mathstral,never,NOT_ROUTED
60601,1,mathstral,never,4,0,0,MATH/Llama,MATH/Gemma,60601,38,2,True,True,True,False,False,baseline,,mathstral,never,NOT_ROUTED
60601,1,mathstral,never,4,0,0,MATH/Llama,MATH/Gemma,60601,38,3,True,True,True,False,False,baseline,,mathstral,never,NOT_ROUTED
60601,1,mathstral,never,4,0,0,MATH/Llama,MATH/Gemma,60601,38,4,True,True,True,False,False,baseline,,mathstral,never,NOT_ROUTED
60601,1,mathstral,never,4,0,0,MATH/Llama,MATH/Gemma,60601,38,5,True,True,True,False,False,baseline,,mathstral,never,NOT_ROUTED
60601,1,mathstral,never,4,0,0,MATH/Llama,MATH/Gemma,60601,38,6,True,True,True,False,False,baseline,,mathstral,never,NOT_ROUTED
60601,1,mathstral,never,4,0,0,MATH/Llama,MATH/Gemma,60601,38,7,True,True,True,False,False,baseline,,mathstral,never,NOT_ROUTED
60601,1,mathstral,never,4,0,0,MATH/Llama,MATH/Gemma,60601,43,0,True,True,True,False,False,baseline,,mathstral,never,NOT_ROUTED
60601,1,mathstral,never,4,0,0,MATH/Llama,MATH/Gemma,60601,43,1,True,True,True,False,False,baseline,,mathstral,never,NOT_ROUTED
60601,1,mathstral,never,4,0,0,MATH/Llama,MATH/Gemma,60601,43,2,True,True,True,False,False,baseline,,mathstral,never,NOT_ROUTED
60601,1,mathstral,never,4,0,0,MATH/Llama,MATH/Gemma,60601,43,3,True,True,True,False,False,baseline,,mathstral,never,NOT_ROUTED
60601,1,mathstral,never,4,0,0,MATH/Llama,MATH/Gemma,60601,43,4,True,True,True,False,False,baseline,,mathstral,never,NOT_ROUTED
60601,1,mathstral,never,4,0,0,MATH/Llama,MATH/Gemma,60601,43,5,True,True,True,False,False,baseline,,mathstral,never,NOT_ROUTED
60601,1,mathstral,never,4,0,0,MATH/Llama,MATH/Gemma,60601,43,6,True,True,True,False,False,baseline,,mathstral,never,NOT_ROUTED
60601,1,mathstral,never,4,0,0,MATH/Llama,MATH/Gemma,60601,43,7,True,True,True,False,False,baseline,,mathstral,never,NOT_ROUTED
60601,1,mathstral,never,4,0,0,MATH/Llama,MATH/Gemma,60601,47,0,True,True,True,False,False,baseline,,mathstral,never,NOT_ROUTED
60601,1,mathstral,never,4,0,0,MATH/Llama,MATH/Gemma,60601,47,1,True,True,True,False,False,baseline,,mathstral,never,NOT_ROUTED
60601,1,mathstral,never,4,0,0,MATH/Llama,MATH/Gemma,60601,47,2,True,True,True,False,False,baseline,,mathstral,never,NOT_ROUTED
60601,1,mathstral,never,4,0,0,MATH/Llama,MATH/Gemma,60601,47,3,True,True,True,False,False,baseline,,mathstral,never,NOT_ROUTED
60601,1,mathstral,never,4,0,0,MATH/Llama,MATH/Gemma,60601,47,4,False,False,False,False,False,baseline,,mathstral,never,NOT_ROUTED
60601,1,mathstral,never,4,0,0,MATH/Llama,MATH/Gemma,60601,47,5,True,True,True,False,False,baseline,,mathstral,never,NOT_ROUTED
60601,1,mathstral,never,4,0,0,MATH/Llama,MATH/Gemma,60601,47,6,True,True,True,False,False,baseline,,mathstral,never,NOT_ROUTED
60601,1,mathstral,never,4,0,0,MATH/Llama,MATH/Gemma,60601,47,7,False,False,False,False,False,baseline,,mathstral,never,NOT_ROUTED
60601,1,mathstral,never,4,0,0,MATH/Llama,MATH/Gemma,60601,48,0,False,False,False,False,False,baseline,,mathstral,never,NOT_ROUTED
60601,1,mathstral,never,4,0,0,MATH/Llama,MATH/Gemma,60601,48,1,False,False,False,False,False,baseline,,mathstral,never,NOT_ROUTED
60601,1,mathstral,never,4,0,0,MATH/Llama,MATH/Gemma,60601,48,2,True,True,True,False,False,baseline,,mathstral,never,NOT_ROUTED
60601,1,mathstral,never,4,0,0,MATH/Llama,MATH/Gemma,60601,48,3,False,False,False,False,False,baseline,,mathstral,never,NOT_ROUTED
60601,1,mathstral,never,4,0,0,MATH/Llama,MATH/Gemma,60601,48,4,True,True,True,False,False,baseline,,mathstral,never,NOT_ROUTED
60601,1,mathstral,never,4,0,0,MATH/Llama,MATH/Gemma,60601,48,5,True,True,True,False,False,baseline,,mathstral,never,NOT_ROUTED
60601,1,mathstral,never,4,0,0,MATH/Llama,MATH/Gemma,60601,48,6,False,False,False,False,False,baseline,,mathstral,never,NOT_ROUTED
60601,1,mathstral,never,4,0,0,MATH/Llama,MATH/Gemma,60601,48,7,False,False,False,False,False,baseline,,mathstral,never,NOT_ROUTED
60601,1,mathstral,never,4,0,0,MATH/Llama,MATH/Gemma,60601,49,0,False,False,False,False,False,baseline,,mathstral,never,NOT_ROUTED
60601,1,mathstral,never,4,0,0,MATH/Llama,MATH/Gemma,60601,49,1,False,False,False,False,False,baseline,,mathstral,never,NOT_ROUTED
60601,1,mathstral,never,4,0,0,MATH/Llama,MATH/Gemma,60601,49,2,False,False,False,False,False,baseline,,mathstral,never,NOT_ROUTED
60601,1,mathstral,never,4,0,0,MATH/Llama,MATH/Gemma,60601,49,3,False,False,False,False,False,baseline,,mathstral,never,NOT_ROUTED
60601,1,mathstral,never,4,0,0,MATH/Llama,MATH/Gemma,60601,49,4,False,False,False,False,False,baseline,,mathstral,never,NOT_ROUTED
60601,1,mathstral,never,4,0,0,MATH/Llama,MATH/Gemma,60601,49,5,False,False,False,False,False,baseline,,mathstral,never,NOT_ROUTED
60601,1,mathstral,never,4,0,0,MATH/Llama,MATH/Gemma,60601,49,6,False,False,False,False,False,baseline,,mathstral,never,NOT_ROUTED
60601,1,mathstral,never,4,0,0,MATH/Llama,MATH/Gemma,60601,49,7,False,False,False,False,False,baseline,,mathstral,never,NOT_ROUTED
60601,1,mathstral,never,4,0,0,MATH/Llama,MATH/Gemma,60601,53,0,False,False,False,False,False,baseline,,mathstral,never,NOT_ROUTED
60601,1,mathstral,never,4,0,0,MATH/Llama,MATH/Gemma,60601,53,1,False,False,False,False,False,baseline,,mathstral,never,NOT_ROUTED
60601,1,mathstral,never,4,0,0,MATH/Llama,MATH/Gemma,60601,53,2,False,False,False,False,False,baseline,,mathstral,never,NOT_ROUTED
60601,1,mathstral,never,4,0,0,MATH/Llama,MATH/Gemma,60601,53,3,False,False,False,False,False,baseline,,mathstral,never,NOT_ROUTED
60601,1,mathstral,never,4,0,0,MATH/Llama,MATH/Gemma,60601,53,4,False,False,False,False,False,baseline,,mathstral,never,NOT_ROUTED
60601,1,mathstral,never,4,0,0,MATH/Llama,MATH/Gemma,60601,53,5,False,False,False,False,False,baseline,,mathstral,never,NOT_ROUTED
60601,1,mathstral,never,4,0,0,MATH/Llama,MATH/Gemma,60601,53,6,False,False,False,False,False,baseline,,mathstral,never,NOT_ROUTED
60601,1,mathstral,never,4,0,0,MATH/Llama,MATH/Gemma,60601,53,7,False,False,False,False,False,baseline,,mathstral,never,NOT_ROUTED
60601,1,mathstral,never,4,0,0,MATH/Llama,MATH/Gemma,60601,54,0,False,False,False,False,False,baseline,,mathstral,never,NOT_ROUTED
60601,1,mathstral,never,4,0,0,MATH/Llama,MATH/Gemma,60601,54,1,True,True,True,False,False,baseline,,mathstral,never,NOT_ROUTED
60601,1,mathstral,never,4,0,0,MATH/Llama,MATH/Gemma,60601,54,2,True,True,True,False,False,baseline,,mathstral,never,NOT_ROUTED
60601,1,mathstral,never,4,0,0,MATH/Llama,MATH/Gemma,60601,54,3,False,False,False,False,False,baseline,,mathstral,never,NOT_ROUTED
60601,1,mathstral,never,4,0,0,MATH/Llama,MATH/Gemma,60601,54,4,True,True,True,False,False,baseline,,mathstral,never,NOT_ROUTED
60601,1,mathstral,never,4,0,0,MATH/Llama,MATH/Gemma,60601,54,5,False,False,False,False,False,baseline,,mathstral,never,NOT_ROUTED
60601,1,mathstral,never,4,0,0,MATH/Llama,MATH/Gemma,60601,54,6,True,True,True,False,False,baseline,,mathstral,never,NOT_ROUTED
60601,1,mathstral,never,4,0,0,MATH/Llama,MATH/Gemma,60601,54,7,False,False,False,False,False,baseline,,mathstral,never,NOT_ROUTED
60601,1,mathstral,never,4,0,0,MATH/Llama,MATH/Gemma,60601,55,0,False,False,False,False,False,baseline,,mathstral,never,NOT_ROUTED
60601,1,mathstral,never,4,0,0,MATH/Llama,MATH/Gemma,60601,55,1,False,False,False,False,False,baseline,,mathstral,never,NOT_ROUTED
60601,1,mathstral,never,4,0,0,MATH/Llama,MATH/Gemma,60601,55,2,False,False,False,False,False,baseline,,mathstral,never,NOT_ROUTED
60601,1,mathstral,never,4,0,0,MATH/Llama,MATH/Gemma,60601,55,3,False,False,False,False,False,baseline,,mathstral,never,NOT_ROUTED
60601,1,mathstral,never,4,0,0,MATH/Llama,MATH/Gemma,60601,55,4,False,False,False,False,False,baseline,,mathstral,never,NOT_ROUTED
60601,1,mathstral,never,4,0,0,MATH/Llama,MATH/Gemma,60601,55,5,False,False,False,False,False,baseline,,mathstral,never,NOT_ROUTED
60601,1,mathstral,never,4,0,0,MATH/Llama,MATH/Gemma,60601,55,6,False,False,False,False,False,baseline,,mathstral,never,NOT_ROUTED
60601,1,mathstral,never,4,0,0,MATH/Llama,MATH/Gemma,60601,55,7,False,False,False,False,False,baseline,,mathstral,never,NOT_ROUTED
60601,1,mathstral,never,4,0,0,MATH/Llama,MATH/Gemma,60601,56,0,False,False,False,False,False,baseline,,mathstral,never,NOT_ROUTED
60601,1,mathstral,never,4,0,0,MATH/Llama,MATH/Gemma,60601,56,1,False,False,False,False,False,baseline,,mathstral,never,NOT_ROUTED
60601,1,mathstral,never,4,0,0,MATH/Llama,MATH/Gemma,60601,56,2,False,False,False,False,False,baseline,,mathstral,never,NOT_ROUTED
60601,1,mathstral,never,4,0,0,MATH/Llama,MATH/Gemma,60601,56,3,False,False,False,False,False,baseline,,mathstral,never,NOT_ROUTED
60601,1,mathstral,never,4,0,0,MATH/Llama,MATH/Gemma,60601,56,4,False,False,False,False,False,baseline,,mathstral,never,NOT_ROUTED
60601,1,mathstral,never,4,0,0,MATH/Llama,MATH/Gemma,60601,56,5,False,False,False,False,False,baseline,,mathstral,never,NOT_ROUTED
60601,1,mathstral,never,4,0,0,MATH/Llama,MATH/Gemma,60601,56,6,False,False,False,False,False,baseline,,mathstral,never,NOT_ROUTED
60601,1,mathstral,never,4,0,0,MATH/Llama,MATH/Gemma,60601,56,7,False,False,False,False,False,baseline,,mathstral,never,NOT_ROUTED
60601,1,mathstral,never,4,0,0,MATH/Llama,MATH/Gemma,60601,57,0,False,False,False,False,False,baseline,,mathstral,never,NOT_ROUTED
60601,1,mathstral,never,4,0,0,MATH/Llama,MATH/Gemma,60601,57,1,False,False,False,False,False,baseline,,mathstral,never,NOT_ROUTED
60601,1,mathstral,never,4,0,0,MATH/Llama,MATH/Gemma,60601,57,2,False,False,False,False,False,baseline,,mathstral,never,NOT_ROUTED
60601,1,mathstral,never,4,0,0,MATH/Llama,MATH/Gemma,60601,57,3,False,False,False,False,False,baseline,,mathstral,never,NOT_ROUTED
60601,1,mathstral,never,4,0,0,MATH/Llama,MATH/Gemma,60601,57,4,False,False,False,False,False,baseline,,mathstral,never,NOT_ROUTED
60601,1,mathstral,never,4,0,0,MATH/Llama,MATH/Gemma,60601,57,5,False,False,False,False,False,baseline,,mathstral,never,NOT_ROUTED
60601,1,mathstral,never,4,0,0,MATH/Llama,MATH/Gemma,60601,57,6,False,False,False,False,False,baseline,,mathstral,never,NOT_ROUTED
60601,1,mathstral,never,4,0,0,MATH/Llama,MATH/Gemma,60601,57,7,False,False,False,False,False,baseline,,mathstral,never,NOT_ROUTED
60601,1,mathstral,never,4,0,0,MATH/Llama,MATH/Gemma,60601,58,0,True,True,True,False,False,baseline,,mathstral,never,NOT_ROUTED
60601,1,mathstral,never,4,0,0,MATH/Llama,MATH/Gemma,60601,58,1,True,True,True,False,False,baseline,,mathstral,never,NOT_ROUTED
60601,1,mathstral,never,4,0,0,MATH/Llama,MATH/Gemma,60601,58,2,True,True,True,False,False,baseline,,mathstral,never,NOT_ROUTED
60601,1,mathstral,never,4,0,0,MATH/Llama,MATH/Gemma,60601,58,3,True,True,True,False,False,baseline,,mathstral,never,NOT_ROUTED
60601,1,mathstral,never,4,0,0,MATH/Llama,MATH/Gemma,60601,58,4,True,True,True,False,False,baseline,,mathstral,never,NOT_ROUTED
60601,1,mathstral,never,4,0,0,MATH/Llama,MATH/Gemma,60601,58,5,True,True,True,False,False,baseline,,mathstral,never,NOT_ROUTED
60601,1,mathstral,never,4,0,0,MATH/Llama,MATH/Gemma,60601,58,6,True,True,True,False,False,baseline,,mathstral,never,NOT_ROUTED
60601,1,mathstral,never,4,0,0,MATH/Llama,MATH/Gemma,60601,58,7,True,True,True,False,False,baseline,,mathstral,never,NOT_ROUTED
60601,1,mathstral,never,4,0,0,MATH/Llama,MATH/Gemma,60601,59,0,False,False,False,False,False,baseline,,mathstral,never,NOT_ROUTED
60601,1,mathstral,never,4,0,0,MATH/Llama,MATH/Gemma,60601,59,1,False,False,False,False,False,baseline,,mathstral,never,NOT_ROUTED
60601,1,mathstral,never,4,0,0,MATH/Llama,MATH/Gemma,60601,59,2,False,False,False,False,False,baseline,,mathstral,never,NOT_ROUTED
60601,1,mathstral,never,4,0,0,MATH/Llama,MATH/Gemma,60601,59,3,False,False,False,False,False,baseline,,mathstral,never,NOT_ROUTED
60601,1,mathstral,never,4,0,0,MATH/Llama,MATH/Gemma,60601,59,4,False,False,False,False,False,baseline,,mathstral,never,NOT_ROUTED
60601,1,mathstral,never,4,0,0,MATH/Llama,MATH/Gemma,60601,59,5,False,False,False,False,False,baseline,,mathstral,never,NOT_ROUTED
60601,1,mathstral,never,4,0,0,MATH/Llama,MATH/Gemma,60601,59,6,False,False,False,False,False,baseline,,mathstral,never,NOT_ROUTED
60601,1,mathstral,never,4,0,0,MATH/Llama,MATH/Gemma,60601,59,7,False,False,False,False,False,baseline,,mathstral,never,NOT_ROUTED
60601,1,mathstral,never,4,0,0,MATH/Llama,MATH/Gemma,60601,60,0,False,False,False,False,False,baseline,,mathstral,never,NOT_ROUTED
60601,1,mathstral,never,4,0,0,MATH/Llama,MATH/Gemma,60601,60,1,False,False,False,False,False,baseline,,mathstral,never,NOT_ROUTED
60601,1,mathstral,never,4,0,0,MATH/Llama,MATH/Gemma,60601,60,2,False,False,False,False,False,baseline,,mathstral,never,NOT_ROUTED
60601,1,mathstral,never,4,0,0,MATH/Llama,MATH/Gemma,60601,60,3,False,False,False,False,False,baseline,,mathstral,never,NOT_ROUTED
60601,1,mathstral,never,4,0,0,MATH/Llama,MATH/Gemma,60601,60,4,False,False,False,False,False,baseline,,mathstral,never,NOT_ROUTED
60601,1,mathstral,never,4,0,0,MATH/Llama,MATH/Gemma,60601,60,5,False,False,False,False,False,baseline,,mathstral,never,NOT_ROUTED
60601,1,mathstral,never,4,0,0,MATH/Llama,MATH/Gemma,60601,60,6,False,False,False,False,False,baseline,,mathstral,never,NOT_ROUTED
60601,1,mathstral,never,4,0,0,MATH/Llama,MATH/Gemma,60601,60,7,False,False,False,False,False,baseline,,mathstral,never,NOT_ROUTED
60601,1,mathstral,never,4,0,0,MATH/Llama,MATH/Gemma,60601,61,0,False,False,False,False,False,baseline,,mathstral,never,NOT_ROUTED
60601,1,mathstral,never,4,0,0,MATH/Llama,MATH/Gemma,60601,61,1,False,False,False,False,False,baseline,,mathstral,never,NOT_ROUTED
60601,1,mathstral,never,4,0,0,MATH/Llama,MATH/Gemma,60601,61,2,False,False,False,False,False,baseline,,mathstral,never,NOT_ROUTED
60601,1,mathstral,never,4,0,0,MATH/Llama,MATH/Gemma,60601,61,3,False,False,False,False,False,baseline,,mathstral,never,NOT_ROUTED
60601,1,mathstral,never,4,0,0,MATH/Llama,MATH/Gemma,60601,61,4,False,False,False,False,False,baseline,,mathstral,never,NOT_ROUTED
60601,1,mathstral,never,4,0,0,MATH/Llama,MATH/Gemma,60601,61,5,False,False,False,False,False,baseline,,mathstral,never,NOT_ROUTED
60601,1,mathstral,never,4,0,0,MATH/Llama,MATH/Gemma,60601,61,6,False,False,False,False,False,baseline,,mathstral,never,NOT_ROUTED
60601,1,mathstral,never,4,0,0,MATH/Llama,MATH/Gemma,60601,61,7,False,False,False,False,False,baseline,,mathstral,never,NOT_ROUTED
60601,1,mathstral,never,4,0,0,MATH/Llama,MATH/Gemma,60601,64,0,True,True,True,False,False,baseline,,mathstral,never,NOT_ROUTED
60601,1,mathstral,never,4,0,0,MATH/Llama,MATH/Gemma,60601,64,1,True,True,True,False,False,baseline,,mathstral,never,NOT_ROUTED
60601,1,mathstral,never,4,0,0,MATH/Llama,MATH/Gemma,60601,64,2,True,True,True,False,False,baseline,,mathstral,never,NOT_ROUTED
60601,1,mathstral,never,4,0,0,MATH/Llama,MATH/Gemma,60601,64,3,True,True,True,False,False,baseline,,mathstral,never,NOT_ROUTED
60601,1,mathstral,never,4,0,0,MATH/Llama,MATH/Gemma,60601,64,4,True,True,True,False,False,baseline,,mathstral,never,NOT_ROUTED
60601,1,mathstral,never,4,0,0,MATH/Llama,MATH/Gemma,60601,64,5,True,True,True,False,False,baseline,,mathstral,never,NOT_ROUTED
60601,1,mathstral,never,4,0,0,MATH/Llama,MATH/Gemma,60601,64,6,True,True,True,False,False,baseline,,mathstral,never,NOT_ROUTED
60601,1,mathstral,never,4,0,0,MATH/Llama,MATH/Gemma,60601,64,7,True,True,True,False,False,baseline,,mathstral,never,NOT_ROUTED
60601,1,mathstral,never,4,0,0,MATH/Llama,MATH/Gemma,60601,65,0,False,False,False,False,False,baseline,,mathstral,never,NOT_ROUTED
60601,1,mathstral,never,4,0,0,MATH/Llama,MATH/Gemma,60601,65,1,False,False,False,False,False,baseline,,mathstral,never,NOT_ROUTED
60601,1,mathstral,never,4,0,0,MATH/Llama,MATH/Gemma,60601,65,2,False,False,False,False,False,baseline,,mathstral,never,NOT_ROUTED
60601,1,mathstral,never,4,0,0,MATH/Llama,MATH/Gemma,60601,65,3,False,False,False,False,False,baseline,,mathstral,never,NOT_ROUTED
60601,1,mathstral,never,4,0,0,MATH/Llama,MATH/Gemma,60601,65,4,False,False,False,False,False,baseline,,mathstral,never,NOT_ROUTED
60601,1,mathstral,never,4,0,0,MATH/Llama,MATH/Gemma,60601,65,5,False,False,False,False,False,baseline,,mathstral,never,NOT_ROUTED
60601,1,mathstral,never,4,0,0,MATH/Llama,MATH/Gemma,60601,65,6,False,False,False,False,False,baseline,,mathstral,never,NOT_ROUTED
60601,1,mathstral,never,4,0,0,MATH/Llama,MATH/Gemma,60601,65,7,False,False,False,False,False,baseline,,mathstral,never,NOT_ROUTED
60601,1,mathstral,never,4,0,0,MATH/Llama,MATH/Gemma,60601,66,0,False,False,False,False,False,baseline,,mathstral,never,NOT_ROUTED
60601,1,mathstral,never,4,0,0,MATH/Llama,MATH/Gemma,60601,66,1,False,False,False,False,False,baseline,,mathstral,never,NOT_ROUTED
60601,1,mathstral,never,4,0,0,MATH/Llama,MATH/Gemma,60601,66,2,False,False,False,False,False,baseline,,mathstral,never,NOT_ROUTED
60601,1,mathstral,never,4,0,0,MATH/Llama,MATH/Gemma,60601,66,3,False,False,False,False,False,baseline,,mathstral,never,NOT_ROUTED
60601,1,mathstral,never,4,0,0,MATH/Llama,MATH/Gemma,60601,66,4,False,False,False,False,False,baseline,,mathstral,never,NOT_ROUTED
60601,1,mathstral,never,4,0,0,MATH/Llama,MATH/Gemma,60601,66,5,False,False,False,False,False,baseline,,mathstral,never,NOT_ROUTED
60601,1,mathstral,never,4,0,0,MATH/Llama,MATH/Gemma,60601,66,6,False,False,False,False,False,baseline,,mathstral,never,NOT_ROUTED
60601,1,mathstral,never,4,0,0,MATH/Llama,MATH/Gemma,60601,66,7,False,False,False,False,False,baseline,,mathstral,never,NOT_ROUTED
60601,1,mathstral,never,4,0,0,MATH/Llama,MATH/Gemma,60601,70,0,False,False,False,False,False,baseline,,mathstral,never,NOT_ROUTED
60601,1,mathstral,never,4,0,0,MATH/Llama,MATH/Gemma,60601,70,1,False,False,False,False,False,baseline,,mathstral,never,NOT_ROUTED
60601,1,mathstral,never,4,0,0,MATH/Llama,MATH/Gemma,60601,70,2,False,False,False,False,False,baseline,,mathstral,never,NOT_ROUTED
60601,1,mathstral,never,4,0,0,MATH/Llama,MATH/Gemma,60601,70,3,False,False,False,False,False,baseline,,mathstral,never,NOT_ROUTED
60601,1,mathstral,never,4,0,0,MATH/Llama,MATH/Gemma,60601,70,4,False,False,False,False,False,baseline,,mathstral,never,NOT_ROUTED
60601,1,mathstral,never,4,0,0,MATH/Llama,MATH/Gemma,60601,70,5,False,False,False,False,False,baseline,,mathstral,never,NOT_ROUTED
60601,1,mathstral,never,4,0,0,MATH/Llama,MATH/Gemma,60601,70,6,False,False,False,False,False,baseline,,mathstral,never,NOT_ROUTED
60601,1,mathstral,never,4,0,0,MATH/Llama,MATH/Gemma,60601,70,7,False,False,False,False,False,baseline,,mathstral,never,NOT_ROUTED
60601,1,mathstral,never,4,0,0,MATH/Llama,MATH/Gemma,60601,72,0,False,False,False,False,False,baseline,,mathstral,never,NOT_ROUTED
60601,1,mathstral,never,4,0,0,MATH/Llama,MATH/Gemma,60601,72,1,False,False,False,False,False,baseline,,mathstral,never,NOT_ROUTED
60601,1,mathstral,never,4,0,0,MATH/Llama,MATH/Gemma,60601,72,2,False,False,False,False,False,baseline,,mathstral,never,NOT_ROUTED
60601,1,mathstral,never,4,0,0,MATH/Llama,MATH/Gemma,60601,72,3,False,False,False,False,False,baseline,,mathstral,never,NOT_ROUTED
60601,1,mathstral,never,4,0,0,MATH/Llama,MATH/Gemma,60601,72,4,False,False,False,False,False,baseline,,mathstral,never,NOT_ROUTED
60601,1,mathstral,never,4,0,0,MATH/Llama,MATH/Gemma,60601,72,5,False,False,False,False,False,baseline,,mathstral,never,NOT_ROUTED
60601,1,mathstral,never,4,0,0,MATH/Llama,MATH/Gemma,60601,72,6,False,False,False,False,False,baseline,,mathstral,never,NOT_ROUTED
60601,1,mathstral,never,4,0,0,MATH/Llama,MATH/Gemma,60601,72,7,False,False,False,False,False,baseline,,mathstral,never,NOT_ROUTED
60601,1,mathstral,never,4,0,0,MATH/Llama,MATH/Gemma,60601,75,0,False,False,False,False,False,baseline,,mathstral,never,NOT_ROUTED
60601,1,mathstral,never,4,0,0,MATH/Llama,MATH/Gemma,60601,75,1,False,False,False,False,False,baseline,,mathstral,never,NOT_ROUTED
60601,1,mathstral,never,4,0,0,MATH/Llama,MATH/Gemma,60601,75,2,False,False,False,False,False,baseline,,mathstral,never,NOT_ROUTED
60601,1,mathstral,never,4,0,0,MATH/Llama,MATH/Gemma,60601,75,3,False,False,False,False,False,baseline,,mathstral,never,NOT_ROUTED
60601,1,mathstral,never,4,0,0,MATH/Llama,MATH/Gemma,60601,75,4,False,False,False,False,False,baseline,,mathstral,never,NOT_ROUTED
60601,1,mathstral,never,4,0,0,MATH/Llama,MATH/Gemma,60601,75,5,False,False,False,False,False,baseline,,mathstral,never,NOT_ROUTED
60601,1,mathstral,never,4,0,0,MATH/Llama,MATH/Gemma,60601,75,6,False,False,False,False,False,baseline,,mathstral,never,NOT_ROUTED
60601,1,mathstral,never,4,0,0,MATH/Llama,MATH/Gemma,60601,75,7,False,False,False,False,False,baseline,,mathstral,never,NOT_ROUTED
60601,1,mathstral,never,4,0,0,MATH/Llama,MATH/Gemma,60601,77,0,False,False,False,False,False,baseline,,mathstral,never,NOT_ROUTED
60601,1,mathstral,never,4,0,0,MATH/Llama,MATH/Gemma,60601,77,1,False,False,False,False,False,baseline,,mathstral,never,NOT_ROUTED
60601,1,mathstral,never,4,0,0,MATH/Llama,MATH/Gemma,60601,77,2,False,False,False,False,False,baseline,,mathstral,never,NOT_ROUTED
60601,1,mathstral,never,4,0,0,MATH/Llama,MATH/Gemma,60601,77,3,False,False,False,False,False,baseline,,mathstral,never,NOT_ROUTED
60601,1,mathstral,never,4,0,0,MATH/Llama,MATH/Gemma,60601,77,4,False,False,False,False,False,baseline,,mathstral,never,NOT_ROUTED
60601,1,mathstral,never,4,0,0,MATH/Llama,MATH/Gemma,60601,77,5,False,False,False,False,False,baseline,,mathstral,never,NOT_ROUTED
60601,1,mathstral,never,4,0,0,MATH/Llama,MATH/Gemma,60601,77,6,False,False,False,False,False,baseline,,mathstral,never,NOT_ROUTED
60601,1,mathstral,never,4,0,0,MATH/Llama,MATH/Gemma,60601,77,7,False,False,False,False,False,baseline,,mathstral,never,NOT_ROUTED
60601,1,mathstral,never,4,0,0,MATH/Llama,MATH/Gemma,60601,78,0,False,False,False,False,False,baseline,,mathstral,never,NOT_ROUTED
60601,1,mathstral,never,4,0,0,MATH/Llama,MATH/Gemma,60601,78,1,False,False,False,False,False,baseline,,mathstral,never,NOT_ROUTED
60601,1,mathstral,never,4,0,0,MATH/Llama,MATH/Gemma,60601,78,2,False,False,False,False,False,baseline,,mathstral,never,NOT_ROUTED
60601,1,mathstral,never,4,0,0,MATH/Llama,MATH/Gemma,60601,78,3,False,False,False,False,False,baseline,,mathstral,never,NOT_ROUTED
60601,1,mathstral,never,4,0,0,MATH/Llama,MATH/Gemma,60601,78,4,False,False,False,False,False,baseline,,mathstral,never,NOT_ROUTED
60601,1,mathstral,never,4,0,0,MATH/Llama,MATH/Gemma,60601,78,5,False,False,False,False,False,baseline,,mathstral,never,NOT_ROUTED
60601,1,mathstral,never,4,0,0,MATH/Llama,MATH/Gemma,60601,78,6,False,False,False,False,False,baseline,,mathstral,never,NOT_ROUTED
60601,1,mathstral,never,4,0,0,MATH/Llama,MATH/Gemma,60601,78,7,False,False,False,False,False,baseline,,mathstral,never,NOT_ROUTED
60601,1,mathstral,never,4,0,0,MATH/Llama,MATH/Gemma,60601,81,0,False,False,False,False,False,baseline,,mathstral,never,NOT_ROUTED
60601,1,mathstral,never,4,0,0,MATH/Llama,MATH/Gemma,60601,81,1,False,False,False,False,False,baseline,,mathstral,never,NOT_ROUTED
60601,1,mathstral,never,4,0,0,MATH/Llama,MATH/Gemma,60601,81,2,False,False,False,False,False,baseline,,mathstral,never,NOT_ROUTED
60601,1,mathstral,never,4,0,0,MATH/Llama,MATH/Gemma,60601,81,3,False,False,False,False,False,baseline,,mathstral,never,NOT_ROUTED
60601,1,mathstral,never,4,0,0,MATH/Llama,MATH/Gemma,60601,81,4,False,False,False,False,False,baseline,,mathstral,never,NOT_ROUTED
60601,1,mathstral,never,4,0,0,MATH/Llama,MATH/Gemma,60601,81,5,False,False,False,False,False,baseline,,mathstral,never,NOT_ROUTED
60601,1,mathstral,never,4,0,0,MATH/Llama,MATH/Gemma,60601,81,6,False,False,False,False,False,baseline,,mathstral,never,NOT_ROUTED
60601,1,mathstral,never,4,0,0,MATH/Llama,MATH/Gemma,60601,81,7,False,False,False,False,False,baseline,,mathstral,never,NOT_ROUTED
60601,1,mathstral,never,4,0,0,MATH/Llama,MATH/Gemma,60601,87,0,False,False,False,False,False,baseline,,mathstral,never,NOT_ROUTED
60601,1,mathstral,never,4,0,0,MATH/Llama,MATH/Gemma,60601,87,1,False,False,False,False,False,baseline,,mathstral,never,NOT_ROUTED
60601,1,mathstral,never,4,0,0,MATH/Llama,MATH/Gemma,60601,87,2,False,False,False,False,False,baseline,,mathstral,never,NOT_ROUTED
60601,1,mathstral,never,4,0,0,MATH/Llama,MATH/Gemma,60601,87,3,False,False,False,False,False,baseline,,mathstral,never,NOT_ROUTED
60601,1,mathstral,never,4,0,0,MATH/Llama,MATH/Gemma,60601,87,4,False,False,False,False,False,baseline,,mathstral,never,NOT_ROUTED
60601,1,mathstral,never,4,0,0,MATH/Llama,MATH/Gemma,60601,87,5,False,False,False,False,False,baseline,,mathstral,never,NOT_ROUTED
60601,1,mathstral,never,4,0,0,MATH/Llama,MATH/Gemma,60601,87,6,False,False,False,False,False,baseline,,mathstral,never,NOT_ROUTED
60601,1,mathstral,never,4,0,0,MATH/Llama,MATH/Gemma,60601,87,7,False,False,False,False,False,baseline,,mathstral,never,NOT_ROUTED
60601,1,mathstral,never,4,0,0,MATH/Llama,MATH/Gemma,60601,88,0,False,False,False,False,False,baseline,,mathstral,never,NOT_ROUTED
60601,1,mathstral,never,4,0,0,MATH/Llama,MATH/Gemma,60601,88,1,False,False,False,False,False,baseline,,mathstral,never,NOT_ROUTED
60601,1,mathstral,never,4,0,0,MATH/Llama,MATH/Gemma,60601,88,2,False,False,False,False,False,baseline,,mathstral,never,NOT_ROUTED
60601,1,mathstral,never,4,0,0,MATH/Llama,MATH/Gemma,60601,88,3,False,False,False,False,False,baseline,,mathstral,never,NOT_ROUTED
60601,1,mathstral,never,4,0,0,MATH/Llama,MATH/Gemma,60601,88,4,False,False,False,False,False,baseline,,mathstral,never,NOT_ROUTED
60601,1,mathstral,never,4,0,0,MATH/Llama,MATH/Gemma,60601,88,5,False,False,False,False,False,baseline,,mathstral,never,NOT_ROUTED
60601,1,mathstral,never,4,0,0,MATH/Llama,MATH/Gemma,60601,88,6,False,False,False,False,False,baseline,,mathstral,never,NOT_ROUTED
60601,1,mathstral,never,4,0,0,MATH/Llama,MATH/Gemma,60601,88,7,False,False,False,False,False,baseline,,mathstral,never,NOT_ROUTED
60601,1,mathstral,never,4,0,0,MATH/Llama,MATH/Gemma,60601,89,0,False,False,False,False,False,baseline,,mathstral,never,NOT_ROUTED
60601,1,mathstral,never,4,0,0,MATH/Llama,MATH/Gemma,60601,89,1,False,False,False,False,False,baseline,,mathstral,never,NOT_ROUTED
60601,1,mathstral,never,4,0,0,MATH/Llama,MATH/Gemma,60601,89,2,False,False,False,False,False,baseline,,mathstral,never,NOT_ROUTED
60601,1,mathstral,never,4,0,0,MATH/Llama,MATH/Gemma,60601,89,3,False,False,False,False,False,baseline,,mathstral,never,NOT_ROUTED
60601,1,mathstral,never,4,0,0,MATH/Llama,MATH/Gemma,60601,89,4,False,False,False,False,False,baseline,,mathstral,never,NOT_ROUTED
60601,1,mathstral,never,4,0,0,MATH/Llama,MATH/Gemma,60601,89,5,False,False,False,False,False,baseline,,mathstral,never,NOT_ROUTED
60601,1,mathstral,never,4,0,0,MATH/Llama,MATH/Gemma,60601,89,6,False,False,False,False,False,baseline,,mathstral,never,NOT_ROUTED
60601,1,mathstral,never,4,0,0,MATH/Llama,MATH/Gemma,60601,89,7,False,False,False,False,False,baseline,,mathstral,never,NOT_ROUTED
60601,1,mathstral,never,4,0,0,MATH/Llama,MATH/Gemma,60601,93,0,True,True,True,False,False,baseline,,mathstral,never,NOT_ROUTED
60601,1,mathstral,never,4,0,0,MATH/Llama,MATH/Gemma,60601,93,1,True,True,True,False,False,baseline,,mathstral,never,NOT_ROUTED
60601,1,mathstral,never,4,0,0,MATH/Llama,MATH/Gemma,60601,93,2,True,True,True,False,False,baseline,,mathstral,never,NOT_ROUTED
60601,1,mathstral,never,4,0,0,MATH/Llama,MATH/Gemma,60601,93,3,True,True,True,False,False,baseline,,mathstral,never,NOT_ROUTED
60601,1,mathstral,never,4,0,0,MATH/Llama,MATH/Gemma,60601,93,4,True,True,True,False,False,baseline,,mathstral,never,NOT_ROUTED
60601,1,mathstral,never,4,0,0,MATH/Llama,MATH/Gemma,60601,93,5,True,True,True,False,False,baseline,,mathstral,never,NOT_ROUTED
60601,1,mathstral,never,4,0,0,MATH/Llama,MATH/Gemma,60601,93,6,True,True,True,False,False,baseline,,mathstral,never,NOT_ROUTED
60601,1,mathstral,never,4,0,0,MATH/Llama,MATH/Gemma,60601,93,7,True,True,True,False,False,baseline,,mathstral,never,NOT_ROUTED
60601,1,mathstral,never,4,0,0,MATH/Llama,MATH/Gemma,60601,96,0,True,True,True,False,False,baseline,,mathstral,never,NOT_ROUTED
60601,1,mathstral,never,4,0,0,MATH/Llama,MATH/Gemma,60601,96,1,True,True,True,False,False,baseline,,mathstral,never,NOT_ROUTED
60601,1,mathstral,never,4,0,0,MATH/Llama,MATH/Gemma,60601,96,2,True,True,True,False,False,baseline,,mathstral,never,NOT_ROUTED
60601,1,mathstral,never,4,0,0,MATH/Llama,MATH/Gemma,60601,96,3,True,True,True,False,False,baseline,,mathstral,never,NOT_ROUTED
60601,1,mathstral,never,4,0,0,MATH/Llama,MATH/Gemma,60601,96,4,True,True,True,False,False,baseline,,mathstral,never,NOT_ROUTED
60601,1,mathstral,never,4,0,0,MATH/Llama,MATH/Gemma,60601,96,5,True,True,True,False,False,baseline,,mathstral,never,NOT_ROUTED
60601,1,mathstral,never,4,0,0,MATH/Llama,MATH/Gemma,60601,96,6,True,True,True,False,False,baseline,,mathstral,never,NOT_ROUTED
60601,1,mathstral,never,4,0,0,MATH/Llama,MATH/Gemma,60601,96,7,True,True,True,False,False,baseline,,mathstral,never,NOT_ROUTED
60601,1,mathstral,never,4,0,0,MATH/Llama,MATH/Gemma,60601,98,0,True,True,True,False,False,baseline,,mathstral,never,NOT_ROUTED
60601,1,mathstral,never,4,0,0,MATH/Llama,MATH/Gemma,60601,98,1,True,True,True,False,False,baseline,,mathstral,never,NOT_ROUTED
60601,1,mathstral,never,4,0,0,MATH/Llama,MATH/Gemma,60601,98,2,True,True,True,False,False,baseline,,mathstral,never,NOT_ROUTED
60601,1,mathstral,never,4,0,0,MATH/Llama,MATH/Gemma,60601,98,3,True,True,True,False,False,baseline,,mathstral,never,NOT_ROUTED
60601,1,mathstral,never,4,0,0,MATH/Llama,MATH/Gemma,60601,98,4,False,False,False,False,False,baseline,,mathstral,never,NOT_ROUTED
60601,1,mathstral,never,4,0,0,MATH/Llama,MATH/Gemma,60601,98,5,True,True,True,False,False,baseline,,mathstral,never,NOT_ROUTED
60601,1,mathstral,never,4,0,0,MATH/Llama,MATH/Gemma,60601,98,6,True,True,True,False,False,baseline,,mathstral,never,NOT_ROUTED
60601,1,mathstral,never,4,0,0,MATH/Llama,MATH/Gemma,60601,98,7,True,True,True,False,False,baseline,,mathstral,never,NOT_ROUTED
60601,1,mathstral,never,4,0,0,MATH/Llama,MATH/Gemma,60601,100,0,True,True,True,False,False,baseline,,mathstral,never,NOT_ROUTED
60601,1,mathstral,never,4,0,0,MATH/Llama,MATH/Gemma,60601,100,1,True,True,True,False,False,baseline,,mathstral,never,NOT_ROUTED
60601,1,mathstral,never,4,0,0,MATH/Llama,MATH/Gemma,60601,100,2,True,True,True,False,False,baseline,,mathstral,never,NOT_ROUTED
60601,1,mathstral,never,4,0,0,MATH/Llama,MATH/Gemma,60601,100,3,True,True,True,False,False,baseline,,mathstral,never,NOT_ROUTED
60601,1,mathstral,never,4,0,0,MATH/Llama,MATH/Gemma,60601,100,4,True,True,True,False,False,baseline,,mathstral,never,NOT_ROUTED
60601,1,mathstral,never,4,0,0,MATH/Llama,MATH/Gemma,60601,100,5,True,True,True,False,False,baseline,,mathstral,never,NOT_ROUTED
60601,1,mathstral,never,4,0,0,MATH/Llama,MATH/Gemma,60601,100,6,True,True,True,False,False,baseline,,mathstral,never,NOT_ROUTED
60601,1,mathstral,never,4,0,0,MATH/Llama,MATH/Gemma,60601,100,7,True,True,True,False,False,baseline,,mathstral,never,NOT_ROUTED
60601,1,mathstral,never,4,0,0,MATH/Llama,MATH/Gemma,60601,101,0,True,True,True,False,False,baseline,,mathstral,never,NOT_ROUTED
60601,1,mathstral,never,4,0,0,MATH/Llama,MATH/Gemma,60601,101,1,True,True,True,False,False,baseline,,mathstral,never,NOT_ROUTED
60601,1,mathstral,never,4,0,0,MATH/Llama,MATH/Gemma,60601,101,2,True,True,True,False,False,baseline,,mathstral,never,NOT_ROUTED
60601,1,mathstral,never,4,0,0,MATH/Llama,MATH/Gemma,60601,101,3,True,True,True,False,False,baseline,,mathstral,never,NOT_ROUTED
60601,1,mathstral,never,4,0,0,MATH/Llama,MATH/Gemma,60601,101,4,True,True,True,False,False,baseline,,mathstral,never,NOT_ROUTED
60601,1,mathstral,never,4,0,0,MATH/Llama,MATH/Gemma,60601,101,5,True,True,True,False,False,baseline,,mathstral,never,NOT_ROUTED
60601,1,mathstral,never,4,0,0,MATH/Llama,MATH/Gemma,60601,101,6,True,True,True,False,False,baseline,,mathstral,never,NOT_ROUTED
60601,1,mathstral,never,4,0,0,MATH/Llama,MATH/Gemma,60601,101,7,True,True,True,False,False,baseline,,mathstral,never,NOT_ROUTED
60601,1,mathstral,never,4,0,0,MATH/Llama,MATH/Gemma,60601,102,0,True,True,True,False,False,baseline,,mathstral,never,NOT_ROUTED
60601,1,mathstral,never,4,0,0,MATH/Llama,MATH/Gemma,60601,102,1,True,True,True,False,False,baseline,,mathstral,never,NOT_ROUTED
60601,1,mathstral,never,4,0,0,MATH/Llama,MATH/Gemma,60601,102,2,True,True,True,False,False,baseline,,mathstral,never,NOT_ROUTED
60601,1,mathstral,never,4,0,0,MATH/Llama,MATH/Gemma,60601,102,3,True,True,True,False,False,baseline,,mathstral,never,NOT_ROUTED
60601,1,mathstral,never,4,0,0,MATH/Llama,MATH/Gemma,60601,102,4,True,True,True,False,False,baseline,,mathstral,never,NOT_ROUTED
60601,1,mathstral,never,4,0,0,MATH/Llama,MATH/Gemma,60601,102,5,True,True,True,False,False,baseline,,mathstral,never,NOT_ROUTED
60601,1,mathstral,never,4,0,0,MATH/Llama,MATH/Gemma,60601,102,6,True,True,True,False,False,baseline,,mathstral,never,NOT_ROUTED
60601,1,mathstral,never,4,0,0,MATH/Llama,MATH/Gemma,60601,102,7,True,True,True,False,False,baseline,,mathstral,never,NOT_ROUTED
60601,1,mathstral,never,4,0,0,MATH/Llama,MATH/Gemma,60601,103,0,True,True,True,False,False,baseline,,mathstral,never,NOT_ROUTED
60601,1,mathstral,never,4,0,0,MATH/Llama,MATH/Gemma,60601,103,1,True,True,True,False,False,baseline,,mathstral,never,NOT_ROUTED
60601,1,mathstral,never,4,0,0,MATH/Llama,MATH/Gemma,60601,103,2,True,True,True,False,False,baseline,,mathstral,never,NOT_ROUTED
60601,1,mathstral,never,4,0,0,MATH/Llama,MATH/Gemma,60601,103,3,True,True,True,False,False,baseline,,mathstral,never,NOT_ROUTED
60601,1,mathstral,never,4,0,0,MATH/Llama,MATH/Gemma,60601,103,4,True,True,True,False,False,baseline,,mathstral,never,NOT_ROUTED
60601,1,mathstral,never,4,0,0,MATH/Llama,MATH/Gemma,60601,103,5,True,True,True,False,False,baseline,,mathstral,never,NOT_ROUTED
60601,1,mathstral,never,4,0,0,MATH/Llama,MATH/Gemma,60601,103,6,True,True,True,False,False,baseline,,mathstral,never,NOT_ROUTED
60601,1,mathstral,never,4,0,0,MATH/Llama,MATH/Gemma,60601,103,7,True,True,True,False,False,baseline,,mathstral,never,NOT_ROUTED
60601,1,mathstral,never,4,0,0,MATH/Llama,MATH/Gemma,60601,106,0,True,True,True,False,False,baseline,,mathstral,never,NOT_ROUTED
60601,1,mathstral,never,4,0,0,MATH/Llama,MATH/Gemma,60601,106,1,True,True,True,False,False,baseline,,mathstral,never,NOT_ROUTED
60601,1,mathstral,never,4,0,0,MATH/Llama,MATH/Gemma,60601,106,2,True,True,True,False,False,baseline,,mathstral,never,NOT_ROUTED
60601,1,mathstral,never,4,0,0,MATH/Llama,MATH/Gemma,60601,106,3,True,True,True,False,False,baseline,,mathstral,never,NOT_ROUTED
60601,1,mathstral,never,4,0,0,MATH/Llama,MATH/Gemma,60601,106,4,True,True,True,False,False,baseline,,mathstral,never,NOT_ROUTED
60601,1,mathstral,never,4,0,0,MATH/Llama,MATH/Gemma,60601,106,5,True,True,True,False,False,baseline,,mathstral,never,NOT_ROUTED
60601,1,mathstral,never,4,0,0,MATH/Llama,MATH/Gemma,60601,106,6,True,True,True,False,False,baseline,,mathstral,never,NOT_ROUTED
60601,1,mathstral,never,4,0,0,MATH/Llama,MATH/Gemma,60601,106,7,True,True,True,False,False,baseline,,mathstral,never,NOT_ROUTED
60601,1,mathstral,never,4,0,0,MATH/Llama,MATH/Gemma,60601,109,0,True,True,True,False,False,baseline,,mathstral,never,NOT_ROUTED
60601,1,mathstral,never,4,0,0,MATH/Llama,MATH/Gemma,60601,109,1,True,True,True,False,False,baseline,,mathstral,never,NOT_ROUTED
60601,1,mathstral,never,4,0,0,MATH/Llama,MATH/Gemma,60601,109,2,True,True,True,False,False,baseline,,mathstral,never,NOT_ROUTED
60601,1,mathstral,never,4,0,0,MATH/Llama,MATH/Gemma,60601,109,3,True,True,True,False,False,baseline,,mathstral,never,NOT_ROUTED
60601,1,mathstral,never,4,0,0,MATH/Llama,MATH/Gemma,60601,109,4,True,True,True,False,False,baseline,,mathstral,never,NOT_ROUTED
60601,1,mathstral,never,4,0,0,MATH/Llama,MATH/Gemma,60601,109,5,True,True,True,False,False,baseline,,mathstral,never,NOT_ROUTED
60601,1,mathstral,never,4,0,0,MATH/Llama,MATH/Gemma,60601,109,6,True,True,True,False,False,baseline,,mathstral,never,NOT_ROUTED
60601,1,mathstral,never,4,0,0,MATH/Llama,MATH/Gemma,60601,109,7,True,True,True,False,False,baseline,,mathstral,never,NOT_ROUTED
60601,1,mathstral,never,4,0,0,MATH/Llama,MATH/Gemma,60601,111,0,True,True,True,False,False,baseline,,mathstral,never,NOT_ROUTED
60601,1,mathstral,never,4,0,0,MATH/Llama,MATH/Gemma,60601,111,1,True,True,True,False,False,baseline,,mathstral,never,NOT_ROUTED
60601,1,mathstral,never,4,0,0,MATH/Llama,MATH/Gemma,60601,111,2,True,True,True,False,False,baseline,,mathstral,never,NOT_ROUTED
60601,1,mathstral,never,4,0,0,MATH/Llama,MATH/Gemma,60601,111,3,True,True,True,False,False,baseline,,mathstral,never,NOT_ROUTED
60601,1,mathstral,never,4,0,0,MATH/Llama,MATH/Gemma,60601,111,4,True,True,True,False,False,baseline,,mathstral,never,NOT_ROUTED
60601,1,mathstral,never,4,0,0,MATH/Llama,MATH/Gemma,60601,111,5,True,True,True,False,False,baseline,,mathstral,never,NOT_ROUTED
60601,1,mathstral,never,4,0,0,MATH/Llama,MATH/Gemma,60601,111,6,True,True,True,False,False,baseline,,mathstral,never,NOT_ROUTED
60601,1,mathstral,never,4,0,0,MATH/Llama,MATH/Gemma,60601,111,7,True,True,True,False,False,baseline,,mathstral,never,NOT_ROUTED
60601,1,mathstral,never,4,0,0,MATH/Llama,MATH/Gemma,60601,112,0,False,False,False,False,False,baseline,,mathstral,never,NOT_ROUTED
60601,1,mathstral,never,4,0,0,MATH/Llama,MATH/Gemma,60601,112,1,False,False,False,False,False,baseline,,mathstral,never,NOT_ROUTED
60601,1,mathstral,never,4,0,0,MATH/Llama,MATH/Gemma,60601,112,2,False,False,False,False,False,baseline,,mathstral,never,NOT_ROUTED
60601,1,mathstral,never,4,0,0,MATH/Llama,MATH/Gemma,60601,112,3,False,False,False,False,False,baseline,,mathstral,never,NOT_ROUTED
60601,1,mathstral,never,4,0,0,MATH/Llama,MATH/Gemma,60601,112,4,False,False,False,False,False,baseline,,mathstral,never,NOT_ROUTED
60601,1,mathstral,never,4,0,0,MATH/Llama,MATH/Gemma,60601,112,5,False,False,False,False,False,baseline,,mathstral,never,NOT_ROUTED
60601,1,mathstral,never,4,0,0,MATH/Llama,MATH/Gemma,60601,112,6,False,False,False,False,False,baseline,,mathstral,never,NOT_ROUTED
60601,1,mathstral,never,4,0,0,MATH/Llama,MATH/Gemma,60601,112,7,False,False,False,False,False,baseline,,mathstral,never,NOT_ROUTED
60601,1,mathstral,never,4,0,0,MATH/Llama,MATH/Gemma,60601,115,0,False,False,False,False,False,baseline,,mathstral,never,NOT_ROUTED
60601,1,mathstral,never,4,0,0,MATH/Llama,MATH/Gemma,60601,115,1,False,False,False,False,False,baseline,,mathstral,never,NOT_ROUTED
60601,1,mathstral,never,4,0,0,MATH/Llama,MATH/Gemma,60601,115,2,False,False,False,False,False,baseline,,mathstral,never,NOT_ROUTED
60601,1,mathstral,never,4,0,0,MATH/Llama,MATH/Gemma,60601,115,3,False,False,False,False,False,baseline,,mathstral,never,NOT_ROUTED
60601,1,mathstral,never,4,0,0,MATH/Llama,MATH/Gemma,60601,115,4,False,False,False,False,False,baseline,,mathstral,never,NOT_ROUTED
60601,1,mathstral,never,4,0,0,MATH/Llama,MATH/Gemma,60601,115,5,False,False,False,False,False,baseline,,mathstral,never,NOT_ROUTED
60601,1,mathstral,never,4,0,0,MATH/Llama,MATH/Gemma,60601,115,6,False,False,False,False,False,baseline,,mathstral,never,NOT_ROUTED
60601,1,mathstral,never,4,0,0,MATH/Llama,MATH/Gemma,60601,115,7,False,False,False,False,False,baseline,,mathstral,never,NOT_ROUTED
60601,1,mathstral,never,4,0,0,MATH/Llama,MATH/Gemma,60601,117,0,False,False,False,False,False,baseline,,mathstral,never,NOT_ROUTED
60601,1,mathstral,never,4,0,0,MATH/Llama,MATH/Gemma,60601,117,1,False,False,False,False,False,baseline,,mathstral,never,NOT_ROUTED
60601,1,mathstral,never,4,0,0,MATH/Llama,MATH/Gemma,60601,117,2,False,False,False,False,False,baseline,,mathstral,never,NOT_ROUTED
60601,1,mathstral,never,4,0,0,MATH/Llama,MATH/Gemma,60601,117,3,False,False,False,False,False,baseline,,mathstral,never,NOT_ROUTED
60601,1,mathstral,never,4,0,0,MATH/Llama,MATH/Gemma,60601,117,4,False,False,False,False,False,baseline,,mathstral,never,NOT_ROUTED
60601,1,mathstral,never,4,0,0,MATH/Llama,MATH/Gemma,60601,117,5,False,False,False,False,False,baseline,,mathstral,never,NOT_ROUTED
60601,1,mathstral,never,4,0,0,MATH/Llama,MATH/Gemma,60601,117,6,False,False,False,False,False,baseline,,mathstral,never,NOT_ROUTED
60601,1,mathstral,never,4,0,0,MATH/Llama,MATH/Gemma,60601,117,7,False,False,False,False,False,baseline,,mathstral,never,NOT_ROUTED
60601,1,mathstral,never,4,0,0,MATH/Llama,MATH/Gemma,60601,118,0,False,False,False,False,False,baseline,,mathstral,never,NOT_ROUTED
60601,1,mathstral,never,4,0,0,MATH/Llama,MATH/Gemma,60601,118,1,False,False,False,False,False,baseline,,mathstral,never,NOT_ROUTED
60601,1,mathstral,never,4,0,0,MATH/Llama,MATH/Gemma,60601,118,2,True,True,True,False,False,baseline,,mathstral,never,NOT_ROUTED
60601,1,mathstral,never,4,0,0,MATH/Llama,MATH/Gemma,60601,118,3,False,False,False,False,False,baseline,,mathstral,never,NOT_ROUTED
60601,1,mathstral,never,4,0,0,MATH/Llama,MATH/Gemma,60601,118,4,False,False,False,False,False,baseline,,mathstral,never,NOT_ROUTED
60601,1,mathstral,never,4,0,0,MATH/Llama,MATH/Gemma,60601,118,5,True,True,True,False,False,baseline,,mathstral,never,NOT_ROUTED
60601,1,mathstral,never,4,0,0,MATH/Llama,MATH/Gemma,60601,118,6,True,True,True,False,False,baseline,,mathstral,never,NOT_ROUTED
60601,1,mathstral,never,4,0,0,MATH/Llama,MATH/Gemma,60601,118,7,True,True,True,False,False,baseline,,mathstral,never,NOT_ROUTED
60601,1,mathstral,never,4,0,0,MATH/Llama,MATH/Gemma,60601,120,0,False,False,False,False,False,baseline,,mathstral,never,NOT_ROUTED
60601,1,mathstral,never,4,0,0,MATH/Llama,MATH/Gemma,60601,120,1,False,False,False,False,False,baseline,,mathstral,never,NOT_ROUTED
60601,1,mathstral,never,4,0,0,MATH/Llama,MATH/Gemma,60601,120,2,False,False,False,False,False,baseline,,mathstral,never,NOT_ROUTED
60601,1,mathstral,never,4,0,0,MATH/Llama,MATH/Gemma,60601,120,3,False,False,False,False,False,baseline,,mathstral,never,NOT_ROUTED
60601,1,mathstral,never,4,0,0,MATH/Llama,MATH/Gemma,60601,120,4,False,False,False,False,False,baseline,,mathstral,never,NOT_ROUTED
60601,1,mathstral,never,4,0,0,MATH/Llama,MATH/Gemma,60601,120,5,False,False,False,False,False,baseline,,mathstral,never,NOT_ROUTED
60601,1,mathstral,never,4,0,0,MATH/Llama,MATH/Gemma,60601,120,6,False,False,False,False,False,baseline,,mathstral,never,NOT_ROUTED
60601,1,mathstral,never,4,0,0,MATH/Llama,MATH/Gemma,60601,120,7,False,False,False,False,False,baseline,,mathstral,never,NOT_ROUTED
60601,1,mathstral,never,4,0,0,MATH/Llama,MATH/Gemma,60601,121,0,False,False,False,False,False,baseline,,mathstral,never,NOT_ROUTED
60601,1,mathstral,never,4,0,0,MATH/Llama,MATH/Gemma,60601,121,1,False,False,False,False,False,baseline,,mathstral,never,NOT_ROUTED
60601,1,mathstral,never,4,0,0,MATH/Llama,MATH/Gemma,60601,121,2,False,False,False,False,False,baseline,,mathstral,never,NOT_ROUTED
60601,1,mathstral,never,4,0,0,MATH/Llama,MATH/Gemma,60601,121,3,False,False,False,False,False,baseline,,mathstral,never,NOT_ROUTED
60601,1,mathstral,never,4,0,0,MATH/Llama,MATH/Gemma,60601,121,4,False,False,False,False,False,baseline,,mathstral,never,NOT_ROUTED
60601,1,mathstral,never,4,0,0,MATH/Llama,MATH/Gemma,60601,121,5,False,False,False,False,False,baseline,,mathstral,never,NOT_ROUTED
60601,1,mathstral,never,4,0,0,MATH/Llama,MATH/Gemma,60601,121,6,False,False,False,False,False,baseline,,mathstral,never,NOT_ROUTED
60601,1,mathstral,never,4,0,0,MATH/Llama,MATH/Gemma,60601,121,7,False,False,False,False,False,baseline,,mathstral,never,NOT_ROUTED
60601,1,mathstral,never,4,0,0,MATH/Llama,MATH/Gemma,60601,122,0,False,False,False,False,False,baseline,,mathstral,never,NOT_ROUTED
60601,1,mathstral,never,4,0,0,MATH/Llama,MATH/Gemma,60601,122,1,False,False,False,False,False,baseline,,mathstral,never,NOT_ROUTED
60601,1,mathstral,never,4,0,0,MATH/Llama,MATH/Gemma,60601,122,2,False,False,False,False,False,baseline,,mathstral,never,NOT_ROUTED
60601,1,mathstral,never,4,0,0,MATH/Llama,MATH/Gemma,60601,122,3,False,False,False,False,False,baseline,,mathstral,never,NOT_ROUTED
60601,1,mathstral,never,4,0,0,MATH/Llama,MATH/Gemma,60601,122,4,False,False,False,False,False,baseline,,mathstral,never,NOT_ROUTED
60601,1,mathstral,never,4,0,0,MATH/Llama,MATH/Gemma,60601,122,5,False,False,False,False,False,baseline,,mathstral,never,NOT_ROUTED
60601,1,mathstral,never,4,0,0,MATH/Llama,MATH/Gemma,60601,122,6,False,False,False,False,False,baseline,,mathstral,never,NOT_ROUTED
60601,1,mathstral,never,4,0,0,MATH/Llama,MATH/Gemma,60601,122,7,False,False,False,False,False,baseline,,mathstral,never,NOT_ROUTED
60601,1,mathstral,never,4,0,0,MATH/Llama,MATH/Gemma,60601,123,0,False,False,False,False,False,baseline,,mathstral,never,NOT_ROUTED
60601,1,mathstral,never,4,0,0,MATH/Llama,MATH/Gemma,60601,123,1,False,False,False,False,False,baseline,,mathstral,never,NOT_ROUTED
60601,1,mathstral,never,4,0,0,MATH/Llama,MATH/Gemma,60601,123,2,False,False,False,False,False,baseline,,mathstral,never,NOT_ROUTED
60601,1,mathstral,never,4,0,0,MATH/Llama,MATH/Gemma,60601,123,3,False,False,False,False,False,baseline,,mathstral,never,NOT_ROUTED
60601,1,mathstral,never,4,0,0,MATH/Llama,MATH/Gemma,60601,123,4,False,False,False,False,False,baseline,,mathstral,never,NOT_ROUTED
60601,1,mathstral,never,4,0,0,MATH/Llama,MATH/Gemma,60601,123,5,False,False,False,False,False,baseline,,mathstral,never,NOT_ROUTED
60601,1,mathstral,never,4,0,0,MATH/Llama,MATH/Gemma,60601,123,6,False,False,False,False,False,baseline,,mathstral,never,NOT_ROUTED
60601,1,mathstral,never,4,0,0,MATH/Llama,MATH/Gemma,60601,123,7,False,False,False,False,False,baseline,,mathstral,never,NOT_ROUTED
60601,1,mathstral,never,4,0,0,MATH/Llama,MATH/Gemma,60601,124,0,False,False,False,False,False,baseline,,mathstral,never,NOT_ROUTED
60601,1,mathstral,never,4,0,0,MATH/Llama,MATH/Gemma,60601,124,1,False,False,False,False,False,baseline,,mathstral,never,NOT_ROUTED
60601,1,mathstral,never,4,0,0,MATH/Llama,MATH/Gemma,60601,124,2,False,False,False,False,False,baseline,,mathstral,never,NOT_ROUTED
60601,1,mathstral,never,4,0,0,MATH/Llama,MATH/Gemma,60601,124,3,False,False,False,False,False,baseline,,mathstral,never,NOT_ROUTED
60601,1,mathstral,never,4,0,0,MATH/Llama,MATH/Gemma,60601,124,4,False,False,False,False,False,baseline,,mathstral,never,NOT_ROUTED
60601,1,mathstral,never,4,0,0,MATH/Llama,MATH/Gemma,60601,124,5,False,False,False,False,False,baseline,,mathstral,never,NOT_ROUTED
60601,1,mathstral,never,4,0,0,MATH/Llama,MATH/Gemma,60601,124,6,False,False,False,False,False,baseline,,mathstral,never,NOT_ROUTED
60601,1,mathstral,never,4,0,0,MATH/Llama,MATH/Gemma,60601,124,7,False,False,False,False,False,baseline,,mathstral,never,NOT_ROUTED
60601,1,mathstral,never,4,0,0,MATH/Llama,MATH/Gemma,60601,126,0,False,False,False,False,False,baseline,,mathstral,never,NOT_ROUTED
60601,1,mathstral,never,4,0,0,MATH/Llama,MATH/Gemma,60601,126,1,False,False,False,False,False,baseline,,mathstral,never,NOT_ROUTED
60601,1,mathstral,never,4,0,0,MATH/Llama,MATH/Gemma,60601,126,2,False,False,False,False,False,baseline,,mathstral,never,NOT_ROUTED
60601,1,mathstral,never,4,0,0,MATH/Llama,MATH/Gemma,60601,126,3,False,False,False,False,False,baseline,,mathstral,never,NOT_ROUTED
60601,1,mathstral,never,4,0,0,MATH/Llama,MATH/Gemma,60601,126,4,False,False,False,False,False,baseline,,mathstral,never,NOT_ROUTED
60601,1,mathstral,never,4,0,0,MATH/Llama,MATH/Gemma,60601,126,5,False,False,False,False,False,baseline,,mathstral,never,NOT_ROUTED
60601,1,mathstral,never,4,0,0,MATH/Llama,MATH/Gemma,60601,126,6,False,False,False,False,False,baseline,,mathstral,never,NOT_ROUTED
60601,1,mathstral,never,4,0,0,MATH/Llama,MATH/Gemma,60601,126,7,False,False,False,False,False,baseline,,mathstral,never,NOT_ROUTED
60601,1,mathstral,never,4,0,0,MATH/Llama,MATH/Gemma,60601,127,0,False,False,False,False,False,baseline,,mathstral,never,NOT_ROUTED
60601,1,mathstral,never,4,0,0,MATH/Llama,MATH/Gemma,60601,127,1,False,False,False,False,False,baseline,,mathstral,never,NOT_ROUTED
60601,1,mathstral,never,4,0,0,MATH/Llama,MATH/Gemma,60601,127,2,False,False,False,False,False,baseline,,mathstral,never,NOT_ROUTED
60601,1,mathstral,never,4,0,0,MATH/Llama,MATH/Gemma,60601,127,3,False,False,False,False,False,baseline,,mathstral,never,NOT_ROUTED
60601,1,mathstral,never,4,0,0,MATH/Llama,MATH/Gemma,60601,127,4,False,False,False,False,False,baseline,,mathstral,never,NOT_ROUTED
60601,1,mathstral,never,4,0,0,MATH/Llama,MATH/Gemma,60601,127,5,False,False,False,False,False,baseline,,mathstral,never,NOT_ROUTED
60601,1,mathstral,never,4,0,0,MATH/Llama,MATH/Gemma,60601,127,6,False,False,False,False,False,baseline,,mathstral,never,NOT_ROUTED
60601,1,mathstral,never,4,0,0,MATH/Llama,MATH/Gemma,60601,127,7,False,False,False,False,False,baseline,,mathstral,never,NOT_ROUTED
60601,2,mathstral,never,4,0,0,MATH/Llama,MATH/Gemma,60601,0,0,False,False,False,False,False,baseline,,mathstral,never,NOT_ROUTED
60601,2,mathstral,never,4,0,0,MATH/Llama,MATH/Gemma,60601,0,1,False,False,False,False,False,baseline,,mathstral,never,NOT_ROUTED
60601,2,mathstral,never,4,0,0,MATH/Llama,MATH/Gemma,60601,0,2,False,False,False,False,False,baseline,,mathstral,never,NOT_ROUTED
60601,2,mathstral,never,4,0,0,MATH/Llama,MATH/Gemma,60601,0,3,False,False,False,False,False,baseline,,mathstral,never,NOT_ROUTED
60601,2,mathstral,never,4,0,0,MATH/Llama,MATH/Gemma,60601,0,4,False,False,False,False,False,baseline,,mathstral,never,NOT_ROUTED
60601,2,mathstral,never,4,0,0,MATH/Llama,MATH/Gemma,60601,0,5,False,False,False,False,False,baseline,,mathstral,never,NOT_ROUTED
60601,2,mathstral,never,4,0,0,MATH/Llama,MATH/Gemma,60601,0,6,False,False,False,False,False,baseline,,mathstral,never,NOT_ROUTED
60601,2,mathstral,never,4,0,0,MATH/Llama,MATH/Gemma,60601,0,7,False,False,False,False,False,baseline,,mathstral,never,NOT_ROUTED
60601,2,mathstral,never,4,0,0,MATH/Llama,MATH/Gemma,60601,1,0,True,True,True,False,False,baseline,,mathstral,never,NOT_ROUTED
60601,2,mathstral,never,4,0,0,MATH/Llama,MATH/Gemma,60601,1,1,False,False,False,False,False,baseline,,mathstral,never,NOT_ROUTED
60601,2,mathstral,never,4,0,0,MATH/Llama,MATH/Gemma,60601,1,2,False,False,False,False,False,baseline,,mathstral,never,NOT_ROUTED
60601,2,mathstral,never,4,0,0,MATH/Llama,MATH/Gemma,60601,1,3,False,False,False,False,False,baseline,,mathstral,never,NOT_ROUTED
60601,2,mathstral,never,4,0,0,MATH/Llama,MATH/Gemma,60601,1,4,False,False,False,False,False,baseline,,mathstral,never,NOT_ROUTED
60601,2,mathstral,never,4,0,0,MATH/Llama,MATH/Gemma,60601,1,5,False,False,False,False,False,baseline,,mathstral,never,NOT_ROUTED
60601,2,mathstral,never,4,0,0,MATH/Llama,MATH/Gemma,60601,1,6,False,False,False,False,False,baseline,,mathstral,never,NOT_ROUTED
60601,2,mathstral,never,4,0,0,MATH/Llama,MATH/Gemma,60601,1,7,False,False,False,False,False,baseline,,mathstral,never,NOT_ROUTED
60601,2,mathstral,never,4,0,0,MATH/Llama,MATH/Gemma,60601,2,0,True,True,True,False,False,baseline,,mathstral,never,NOT_ROUTED
60601,2,mathstral,never,4,0,0,MATH/Llama,MATH/Gemma,60601,2,1,True,True,True,False,False,baseline,,mathstral,never,NOT_ROUTED
60601,2,mathstral,never,4,0,0,MATH/Llama,MATH/Gemma,60601,2,2,True,True,True,False,False,baseline,,mathstral,never,NOT_ROUTED
60601,2,mathstral,never,4,0,0,MATH/Llama,MATH/Gemma,60601,2,3,True,True,True,False,False,baseline,,mathstral,never,NOT_ROUTED
60601,2,mathstral,never,4,0,0,MATH/Llama,MATH/Gemma,60601,2,4,True,True,True,False,False,baseline,,mathstral,never,NOT_ROUTED
60601,2,mathstral,never,4,0,0,MATH/Llama,MATH/Gemma,60601,2,5,True,True,True,False,False,baseline,,mathstral,never,NOT_ROUTED
60601,2,mathstral,never,4,0,0,MATH/Llama,MATH/Gemma,60601,2,6,True,True,True,False,False,baseline,,mathstral,never,NOT_ROUTED
60601,2,mathstral,never,4,0,0,MATH/Llama,MATH/Gemma,60601,2,7,True,True,True,False,False,baseline,,mathstral,never,NOT_ROUTED
60601,2,mathstral,never,4,0,0,MATH/Llama,MATH/Gemma,60601,3,0,True,True,True,False,False,baseline,,mathstral,never,NOT_ROUTED
60601,2,mathstral,never,4,0,0,MATH/Llama,MATH/Gemma,60601,3,1,True,True,True,False,False,baseline,,mathstral,never,NOT_ROUTED
60601,2,mathstral,never,4,0,0,MATH/Llama,MATH/Gemma,60601,3,2,True,True,True,False,False,baseline,,mathstral,never,NOT_ROUTED
60601,2,mathstral,never,4,0,0,MATH/Llama,MATH/Gemma,60601,3,3,True,True,True,False,False,baseline,,mathstral,never,NOT_ROUTED
60601,2,mathstral,never,4,0,0,MATH/Llama,MATH/Gemma,60601,3,4,True,True,True,False,False,baseline,,mathstral,never,NOT_ROUTED
60601,2,mathstral,never,4,0,0,MATH/Llama,MATH/Gemma,60601,3,5,True,True,True,False,False,baseline,,mathstral,never,NOT_ROUTED
60601,2,mathstral,never,4,0,0,MATH/Llama,MATH/Gemma,60601,3,6,True,True,True,False,False,baseline,,mathstral,never,NOT_ROUTED
60601,2,mathstral,never,4,0,0,MATH/Llama,MATH/Gemma,60601,3,7,True,True,True,False,False,baseline,,mathstral,never,NOT_ROUTED
60601,2,mathstral,never,4,0,0,MATH/Llama,MATH/Gemma,60601,4,0,True,True,True,False,False,baseline,,mathstral,never,NOT_ROUTED
60601,2,mathstral,never,4,0,0,MATH/Llama,MATH/Gemma,60601,4,1,True,True,True,False,False,baseline,,mathstral,never,NOT_ROUTED
60601,2,mathstral,never,4,0,0,MATH/Llama,MATH/Gemma,60601,4,2,True,True,True,False,False,baseline,,mathstral,never,NOT_ROUTED
60601,2,mathstral,never,4,0,0,MATH/Llama,MATH/Gemma,60601,4,3,True,True,True,False,False,baseline,,mathstral,never,NOT_ROUTED
60601,2,mathstral,never,4,0,0,MATH/Llama,MATH/Gemma,60601,4,4,True,True,True,False,False,baseline,,mathstral,never,NOT_ROUTED
60601,2,mathstral,never,4,0,0,MATH/Llama,MATH/Gemma,60601,4,5,True,True,True,False,False,baseline,,mathstral,never,NOT_ROUTED
60601,2,mathstral,never,4,0,0,MATH/Llama,MATH/Gemma,60601,4,6,True,True,True,False,False,baseline,,mathstral,never,NOT_ROUTED
60601,2,mathstral,never,4,0,0,MATH/Llama,MATH/Gemma,60601,4,7,True,True,True,False,False,baseline,,mathstral,never,NOT_ROUTED
60601,2,mathstral,never,4,0,0,MATH/Llama,MATH/Gemma,60601,5,0,True,True,True,False,False,baseline,,mathstral,never,NOT_ROUTED
60601,2,mathstral,never,4,0,0,MATH/Llama,MATH/Gemma,60601,5,1,True,True,True,False,False,baseline,,mathstral,never,NOT_ROUTED
60601,2,mathstral,never,4,0,0,MATH/Llama,MATH/Gemma,60601,5,2,True,True,True,False,False,baseline,,mathstral,never,NOT_ROUTED
60601,2,mathstral,never,4,0,0,MATH/Llama,MATH/Gemma,60601,5,3,False,False,False,False,False,baseline,,mathstral,never,NOT_ROUTED
60601,2,mathstral,never,4,0,0,MATH/Llama,MATH/Gemma,60601,5,4,True,True,True,False,False,baseline,,mathstral,never,NOT_ROUTED
60601,2,mathstral,never,4,0,0,MATH/Llama,MATH/Gemma,60601,5,5,True,True,True,False,False,baseline,,mathstral,never,NOT_ROUTED
60601,2,mathstral,never,4,0,0,MATH/Llama,MATH/Gemma,60601,5,6,False,False,False,False,False,baseline,,mathstral,never,NOT_ROUTED
60601,2,mathstral,never,4,0,0,MATH/Llama,MATH/Gemma,60601,5,7,True,True,True,False,False,baseline,,mathstral,never,NOT_ROUTED
60601,2,mathstral,never,4,0,0,MATH/Llama,MATH/Gemma,60601,7,0,True,True,True,False,False,baseline,,mathstral,never,NOT_ROUTED
60601,2,mathstral,never,4,0,0,MATH/Llama,MATH/Gemma,60601,7,1,True,True,True,False,False,baseline,,mathstral,never,NOT_ROUTED
60601,2,mathstral,never,4,0,0,MATH/Llama,MATH/Gemma,60601,7,2,True,True,True,False,False,baseline,,mathstral,never,NOT_ROUTED
60601,2,mathstral,never,4,0,0,MATH/Llama,MATH/Gemma,60601,7,3,True,True,True,False,False,baseline,,mathstral,never,NOT_ROUTED
60601,2,mathstral,never,4,0,0,MATH/Llama,MATH/Gemma,60601,7,4,True,True,True,False,False,baseline,,mathstral,never,NOT_ROUTED
60601,2,mathstral,never,4,0,0,MATH/Llama,MATH/Gemma,60601,7,5,True,True,True,False,False,baseline,,mathstral,never,NOT_ROUTED
60601,2,mathstral,never,4,0,0,MATH/Llama,MATH/Gemma,60601,7,6,True,True,True,False,False,baseline,,mathstral,never,NOT_ROUTED
60601,2,mathstral,never,4,0,0,MATH/Llama,MATH/Gemma,60601,7,7,True,True,True,False,False,baseline,,mathstral,never,NOT_ROUTED
60601,2,mathstral,never,4,0,0,MATH/Llama,MATH/Gemma,60601,8,0,True,True,True,False,False,baseline,,mathstral,never,NOT_ROUTED
60601,2,mathstral,never,4,0,0,MATH/Llama,MATH/Gemma,60601,8,1,True,True,True,False,False,baseline,,mathstral,never,NOT_ROUTED
60601,2,mathstral,never,4,0,0,MATH/Llama,MATH/Gemma,60601,8,2,True,True,True,False,False,baseline,,mathstral,never,NOT_ROUTED
60601,2,mathstral,never,4,0,0,MATH/Llama,MATH/Gemma,60601,8,3,True,True,True,False,False,baseline,,mathstral,never,NOT_ROUTED
60601,2,mathstral,never,4,0,0,MATH/Llama,MATH/Gemma,60601,8,4,True,True,True,False,False,baseline,,mathstral,never,NOT_ROUTED
60601,2,mathstral,never,4,0,0,MATH/Llama,MATH/Gemma,60601,8,5,True,True,True,False,False,baseline,,mathstral,never,NOT_ROUTED
60601,2,mathstral,never,4,0,0,MATH/Llama,MATH/Gemma,60601,8,6,True,True,True,False,False,baseline,,mathstral,never,NOT_ROUTED
60601,2,mathstral,never,4,0,0,MATH/Llama,MATH/Gemma,60601,8,7,True,True,True,False,False,baseline,,mathstral,never,NOT_ROUTED
60601,2,mathstral,never,4,0,0,MATH/Llama,MATH/Gemma,60601,9,0,True,True,True,False,False,baseline,,mathstral,never,NOT_ROUTED
60601,2,mathstral,never,4,0,0,MATH/Llama,MATH/Gemma,60601,9,1,True,True,True,False,False,baseline,,mathstral,never,NOT_ROUTED
60601,2,mathstral,never,4,0,0,MATH/Llama,MATH/Gemma,60601,9,2,True,True,True,False,False,baseline,,mathstral,never,NOT_ROUTED
60601,2,mathstral,never,4,0,0,MATH/Llama,MATH/Gemma,60601,9,3,True,True,True,False,False,baseline,,mathstral,never,NOT_ROUTED
60601,2,mathstral,never,4,0,0,MATH/Llama,MATH/Gemma,60601,9,4,True,True,True,False,False,baseline,,mathstral,never,NOT_ROUTED
60601,2,mathstral,never,4,0,0,MATH/Llama,MATH/Gemma,60601,9,5,True,True,True,False,False,baseline,,mathstral,never,NOT_ROUTED
60601,2,mathstral,never,4,0,0,MATH/Llama,MATH/Gemma,60601,9,6,True,True,True,False,False,baseline,,mathstral,never,NOT_ROUTED
60601,2,mathstral,never,4,0,0,MATH/Llama,MATH/Gemma,60601,9,7,True,True,True,False,False,baseline,,mathstral,never,NOT_ROUTED
60601,2,mathstral,never,4,0,0,MATH/Llama,MATH/Gemma,60601,10,0,True,True,True,False,False,baseline,,mathstral,never,NOT_ROUTED
60601,2,mathstral,never,4,0,0,MATH/Llama,MATH/Gemma,60601,10,1,True,True,True,False,False,baseline,,mathstral,never,NOT_ROUTED
60601,2,mathstral,never,4,0,0,MATH/Llama,MATH/Gemma,60601,10,2,True,True,True,False,False,baseline,,mathstral,never,NOT_ROUTED
60601,2,mathstral,never,4,0,0,MATH/Llama,MATH/Gemma,60601,10,3,True,True,True,False,False,baseline,,mathstral,never,NOT_ROUTED
60601,2,mathstral,never,4,0,0,MATH/Llama,MATH/Gemma,60601,10,4,True,True,True,False,False,baseline,,mathstral,never,NOT_ROUTED
60601,2,mathstral,never,4,0,0,MATH/Llama,MATH/Gemma,60601,10,5,True,True,True,False,False,baseline,,mathstral,never,NOT_ROUTED
60601,2,mathstral,never,4,0,0,MATH/Llama,MATH/Gemma,60601,10,6,True,True,True,False,False,baseline,,mathstral,never,NOT_ROUTED
60601,2,mathstral,never,4,0,0,MATH/Llama,MATH/Gemma,60601,10,7,True,True,True,False,False,baseline,,mathstral,never,NOT_ROUTED
60601,2,mathstral,never,4,0,0,MATH/Llama,MATH/Gemma,60601,12,0,True,True,True,False,False,baseline,,mathstral,never,NOT_ROUTED
60601,2,mathstral,never,4,0,0,MATH/Llama,MATH/Gemma,60601,12,1,True,True,True,False,False,baseline,,mathstral,never,NOT_ROUTED
60601,2,mathstral,never,4,0,0,MATH/Llama,MATH/Gemma,60601,12,2,True,True,True,False,False,baseline,,mathstral,never,NOT_ROUTED
60601,2,mathstral,never,4,0,0,MATH/Llama,MATH/Gemma,60601,12,3,True,True,True,False,False,baseline,,mathstral,never,NOT_ROUTED
60601,2,mathstral,never,4,0,0,MATH/Llama,MATH/Gemma,60601,12,4,True,True,True,False,False,baseline,,mathstral,never,NOT_ROUTED
60601,2,mathstral,never,4,0,0,MATH/Llama,MATH/Gemma,60601,12,5,True,True,True,False,False,baseline,,mathstral,never,NOT_ROUTED
60601,2,mathstral,never,4,0,0,MATH/Llama,MATH/Gemma,60601,12,6,True,True,True,False,False,baseline,,mathstral,never,NOT_ROUTED
60601,2,mathstral,never,4,0,0,MATH/Llama,MATH/Gemma,60601,12,7,True,True,True,False,False,baseline,,mathstral,never,NOT_ROUTED
60601,2,mathstral,never,4,0,0,MATH/Llama,MATH/Gemma,60601,15,0,False,False,False,False,False,baseline,,mathstral,never,NOT_ROUTED
60601,2,mathstral,never,4,0,0,MATH/Llama,MATH/Gemma,60601,15,1,False,False,False,False,False,baseline,,mathstral,never,NOT_ROUTED
60601,2,mathstral,never,4,0,0,MATH/Llama,MATH/Gemma,60601,15,2,False,False,False,False,False,baseline,,mathstral,never,NOT_ROUTED
60601,2,mathstral,never,4,0,0,MATH/Llama,MATH/Gemma,60601,15,3,False,False,False,False,False,baseline,,mathstral,never,NOT_ROUTED
60601,2,mathstral,never,4,0,0,MATH/Llama,MATH/Gemma,60601,15,4,False,False,False,False,False,baseline,,mathstral,never,NOT_ROUTED
60601,2,mathstral,never,4,0,0,MATH/Llama,MATH/Gemma,60601,15,5,False,False,False,False,False,baseline,,mathstral,never,NOT_ROUTED
60601,2,mathstral,never,4,0,0,MATH/Llama,MATH/Gemma,60601,15,6,False,False,False,False,False,baseline,,mathstral,never,NOT_ROUTED
60601,2,mathstral,never,4,0,0,MATH/Llama,MATH/Gemma,60601,15,7,False,False,False,False,False,baseline,,mathstral,never,NOT_ROUTED
60601,2,mathstral,never,4,0,0,MATH/Llama,MATH/Gemma,60601,17,0,False,False,False,False,False,baseline,,mathstral,never,NOT_ROUTED
60601,2,mathstral,never,4,0,0,MATH/Llama,MATH/Gemma,60601,17,1,False,False,False,False,False,baseline,,mathstral,never,NOT_ROUTED
60601,2,mathstral,never,4,0,0,MATH/Llama,MATH/Gemma,60601,17,2,False,False,False,False,False,baseline,,mathstral,never,NOT_ROUTED
60601,2,mathstral,never,4,0,0,MATH/Llama,MATH/Gemma,60601,17,3,False,False,False,False,False,baseline,,mathstral,never,NOT_ROUTED
60601,2,mathstral,never,4,0,0,MATH/Llama,MATH/Gemma,60601,17,4,False,False,False,False,False,baseline,,mathstral,never,NOT_ROUTED
60601,2,mathstral,never,4,0,0,MATH/Llama,MATH/Gemma,60601,17,5,False,False,False,False,False,baseline,,mathstral,never,NOT_ROUTED
60601,2,mathstral,never,4,0,0,MATH/Llama,MATH/Gemma,60601,17,6,False,False,False,False,False,baseline,,mathstral,never,NOT_ROUTED
60601,2,mathstral,never,4,0,0,MATH/Llama,MATH/Gemma,60601,17,7,False,False,False,False,False,baseline,,mathstral,never,NOT_ROUTED
60601,2,mathstral,never,4,0,0,MATH/Llama,MATH/Gemma,60601,18,0,False,False,False,False,False,baseline,,mathstral,never,NOT_ROUTED
60601,2,mathstral,never,4,0,0,MATH/Llama,MATH/Gemma,60601,18,1,False,False,False,False,False,baseline,,mathstral,never,NOT_ROUTED
60601,2,mathstral,never,4,0,0,MATH/Llama,MATH/Gemma,60601,18,2,False,False,False,False,False,baseline,,mathstral,never,NOT_ROUTED
60601,2,mathstral,never,4,0,0,MATH/Llama,MATH/Gemma,60601,18,3,False,False,False,False,False,baseline,,mathstral,never,NOT_ROUTED
60601,2,mathstral,never,4,0,0,MATH/Llama,MATH/Gemma,60601,18,4,False,False,False,False,False,baseline,,mathstral,never,NOT_ROUTED
60601,2,mathstral,never,4,0,0,MATH/Llama,MATH/Gemma,60601,18,5,False,False,False,False,False,baseline,,mathstral,never,NOT_ROUTED
60601,2,mathstral,never,4,0,0,MATH/Llama,MATH/Gemma,60601,18,6,False,False,False,False,False,baseline,,mathstral,never,NOT_ROUTED
60601,2,mathstral,never,4,0,0,MATH/Llama,MATH/Gemma,60601,18,7,False,False,False,False,False,baseline,,mathstral,never,NOT_ROUTED
60601,2,mathstral,never,4,0,0,MATH/Llama,MATH/Gemma,60601,19,0,True,True,True,False,False,baseline,,mathstral,never,NOT_ROUTED
60601,2,mathstral,never,4,0,0,MATH/Llama,MATH/Gemma,60601,19,1,True,True,True,False,False,baseline,,mathstral,never,NOT_ROUTED
60601,2,mathstral,never,4,0,0,MATH/Llama,MATH/Gemma,60601,19,2,True,True,True,False,False,baseline,,mathstral,never,NOT_ROUTED
60601,2,mathstral,never,4,0,0,MATH/Llama,MATH/Gemma,60601,19,3,True,True,True,False,False,baseline,,mathstral,never,NOT_ROUTED
60601,2,mathstral,never,4,0,0,MATH/Llama,MATH/Gemma,60601,19,4,True,True,True,False,False,baseline,,mathstral,never,NOT_ROUTED
60601,2,mathstral,never,4,0,0,MATH/Llama,MATH/Gemma,60601,19,5,True,True,True,False,False,baseline,,mathstral,never,NOT_ROUTED
60601,2,mathstral,never,4,0,0,MATH/Llama,MATH/Gemma,60601,19,6,True,True,True,False,False,baseline,,mathstral,never,NOT_ROUTED
60601,2,mathstral,never,4,0,0,MATH/Llama,MATH/Gemma,60601,19,7,True,True,True,False,False,baseline,,mathstral,never,NOT_ROUTED
60601,2,mathstral,never,4,0,0,MATH/Llama,MATH/Gemma,60601,20,0,False,False,False,False,False,baseline,,mathstral,never,NOT_ROUTED
60601,2,mathstral,never,4,0,0,MATH/Llama,MATH/Gemma,60601,20,1,False,False,False,False,False,baseline,,mathstral,never,NOT_ROUTED
60601,2,mathstral,never,4,0,0,MATH/Llama,MATH/Gemma,60601,20,2,True,True,True,False,False,baseline,,mathstral,never,NOT_ROUTED
60601,2,mathstral,never,4,0,0,MATH/Llama,MATH/Gemma,60601,20,3,False,False,False,False,False,baseline,,mathstral,never,NOT_ROUTED
60601,2,mathstral,never,4,0,0,MATH/Llama,MATH/Gemma,60601,20,4,True,True,True,False,False,baseline,,mathstral,never,NOT_ROUTED
60601,2,mathstral,never,4,0,0,MATH/Llama,MATH/Gemma,60601,20,5,False,False,False,False,False,baseline,,mathstral,never,NOT_ROUTED
60601,2,mathstral,never,4,0,0,MATH/Llama,MATH/Gemma,60601,20,6,False,False,False,False,False,baseline,,mathstral,never,NOT_ROUTED
60601,2,mathstral,never,4,0,0,MATH/Llama,MATH/Gemma,60601,20,7,False,False,False,False,False,baseline,,mathstral,never,NOT_ROUTED
60601,2,mathstral,never,4,0,0,MATH/Llama,MATH/Gemma,60601,21,0,True,True,True,False,False,baseline,,mathstral,never,NOT_ROUTED
60601,2,mathstral,never,4,0,0,MATH/Llama,MATH/Gemma,60601,21,1,True,True,True,False,False,baseline,,mathstral,never,NOT_ROUTED
60601,2,mathstral,never,4,0,0,MATH/Llama,MATH/Gemma,60601,21,2,True,True,True,False,False,baseline,,mathstral,never,NOT_ROUTED
60601,2,mathstral,never,4,0,0,MATH/Llama,MATH/Gemma,60601,21,3,True,True,True,False,False,baseline,,mathstral,never,NOT_ROUTED
60601,2,mathstral,never,4,0,0,MATH/Llama,MATH/Gemma,60601,21,4,True,True,True,False,False,baseline,,mathstral,never,NOT_ROUTED
60601,2,mathstral,never,4,0,0,MATH/Llama,MATH/Gemma,60601,21,5,True,True,True,False,False,baseline,,mathstral,never,NOT_ROUTED
60601,2,mathstral,never,4,0,0,MATH/Llama,MATH/Gemma,60601,21,6,True,True,True,False,False,baseline,,mathstral,never,NOT_ROUTED
60601,2,mathstral,never,4,0,0,MATH/Llama,MATH/Gemma,60601,21,7,True,True,True,False,False,baseline,,mathstral,never,NOT_ROUTED
60601,2,mathstral,never,4,0,0,MATH/Llama,MATH/Gemma,60601,22,0,True,True,True,False,False,baseline,,mathstral,never,NOT_ROUTED
60601,2,mathstral,never,4,0,0,MATH/Llama,MATH/Gemma,60601,22,1,True,True,True,False,False,baseline,,mathstral,never,NOT_ROUTED
60601,2,mathstral,never,4,0,0,MATH/Llama,MATH/Gemma,60601,22,2,True,True,True,False,False,baseline,,mathstral,never,NOT_ROUTED
60601,2,mathstral,never,4,0,0,MATH/Llama,MATH/Gemma,60601,22,3,True,True,True,False,False,baseline,,mathstral,never,NOT_ROUTED
60601,2,mathstral,never,4,0,0,MATH/Llama,MATH/Gemma,60601,22,4,True,True,True,False,False,baseline,,mathstral,never,NOT_ROUTED
60601,2,mathstral,never,4,0,0,MATH/Llama,MATH/Gemma,60601,22,5,True,True,True,False,False,baseline,,mathstral,never,NOT_ROUTED
60601,2,mathstral,never,4,0,0,MATH/Llama,MATH/Gemma,60601,22,6,True,True,True,False,False,baseline,,mathstral,never,NOT_ROUTED
60601,2,mathstral,never,4,0,0,MATH/Llama,MATH/Gemma,60601,22,7,True,True,True,False,False,baseline,,mathstral,never,NOT_ROUTED
60601,2,mathstral,never,4,0,0,MATH/Llama,MATH/Gemma,60601,23,0,True,True,True,False,False,baseline,,mathstral,never,NOT_ROUTED
60601,2,mathstral,never,4,0,0,MATH/Llama,MATH/Gemma,60601,23,1,False,False,False,False,False,baseline,,mathstral,never,NOT_ROUTED
60601,2,mathstral,never,4,0,0,MATH/Llama,MATH/Gemma,60601,23,2,True,True,True,False,False,baseline,,mathstral,never,NOT_ROUTED
60601,2,mathstral,never,4,0,0,MATH/Llama,MATH/Gemma,60601,23,3,True,True,True,False,False,baseline,,mathstral,never,NOT_ROUTED
60601,2,mathstral,never,4,0,0,MATH/Llama,MATH/Gemma,60601,23,4,True,True,True,False,False,baseline,,mathstral,never,NOT_ROUTED
60601,2,mathstral,never,4,0,0,MATH/Llama,MATH/Gemma,60601,23,5,True,True,True,False,False,baseline,,mathstral,never,NOT_ROUTED
60601,2,mathstral,never,4,0,0,MATH/Llama,MATH/Gemma,60601,23,6,True,True,True,False,False,baseline,,mathstral,never,NOT_ROUTED
60601,2,mathstral,never,4,0,0,MATH/Llama,MATH/Gemma,60601,23,7,True,True,True,False,False,baseline,,mathstral,never,NOT_ROUTED
60601,2,mathstral,never,4,0,0,MATH/Llama,MATH/Gemma,60601,25,0,True,True,True,False,False,baseline,,mathstral,never,NOT_ROUTED
60601,2,mathstral,never,4,0,0,MATH/Llama,MATH/Gemma,60601,25,1,True,True,True,False,False,baseline,,mathstral,never,NOT_ROUTED
60601,2,mathstral,never,4,0,0,MATH/Llama,MATH/Gemma,60601,25,2,True,True,True,False,False,baseline,,mathstral,never,NOT_ROUTED
60601,2,mathstral,never,4,0,0,MATH/Llama,MATH/Gemma,60601,25,3,True,True,True,False,False,baseline,,mathstral,never,NOT_ROUTED
60601,2,mathstral,never,4,0,0,MATH/Llama,MATH/Gemma,60601,25,4,True,True,True,False,False,baseline,,mathstral,never,NOT_ROUTED
60601,2,mathstral,never,4,0,0,MATH/Llama,MATH/Gemma,60601,25,5,True,True,True,False,False,baseline,,mathstral,never,NOT_ROUTED
60601,2,mathstral,never,4,0,0,MATH/Llama,MATH/Gemma,60601,25,6,True,True,True,False,False,baseline,,mathstral,never,NOT_ROUTED
60601,2,mathstral,never,4,0,0,MATH/Llama,MATH/Gemma,60601,25,7,True,True,True,False,False,baseline,,mathstral,never,NOT_ROUTED
60601,2,mathstral,never,4,0,0,MATH/Llama,MATH/Gemma,60601,27,0,True,True,True,False,False,baseline,,mathstral,never,NOT_ROUTED
60601,2,mathstral,never,4,0,0,MATH/Llama,MATH/Gemma,60601,27,1,True,True,True,False,False,baseline,,mathstral,never,NOT_ROUTED
60601,2,mathstral,never,4,0,0,MATH/Llama,MATH/Gemma,60601,27,2,True,True,True,False,False,baseline,,mathstral,never,NOT_ROUTED
60601,2,mathstral,never,4,0,0,MATH/Llama,MATH/Gemma,60601,27,3,True,True,True,False,False,baseline,,mathstral,never,NOT_ROUTED
60601,2,mathstral,never,4,0,0,MATH/Llama,MATH/Gemma,60601,27,4,True,True,True,False,False,baseline,,mathstral,never,NOT_ROUTED
60601,2,mathstral,never,4,0,0,MATH/Llama,MATH/Gemma,60601,27,5,True,True,True,False,False,baseline,,mathstral,never,NOT_ROUTED
60601,2,mathstral,never,4,0,0,MATH/Llama,MATH/Gemma,60601,27,6,True,True,True,False,False,baseline,,mathstral,never,NOT_ROUTED
60601,2,mathstral,never,4,0,0,MATH/Llama,MATH/Gemma,60601,27,7,True,True,True,False,False,baseline,,mathstral,never,NOT_ROUTED
60601,2,mathstral,never,4,0,0,MATH/Llama,MATH/Gemma,60601,29,0,True,True,True,False,False,baseline,,mathstral,never,NOT_ROUTED
60601,2,mathstral,never,4,0,0,MATH/Llama,MATH/Gemma,60601,29,1,True,True,True,False,False,baseline,,mathstral,never,NOT_ROUTED
60601,2,mathstral,never,4,0,0,MATH/Llama,MATH/Gemma,60601,29,2,True,True,True,False,False,baseline,,mathstral,never,NOT_ROUTED
60601,2,mathstral,never,4,0,0,MATH/Llama,MATH/Gemma,60601,29,3,True,True,True,False,False,baseline,,mathstral,never,NOT_ROUTED
60601,2,mathstral,never,4,0,0,MATH/Llama,MATH/Gemma,60601,29,4,True,True,True,False,False,baseline,,mathstral,never,NOT_ROUTED
60601,2,mathstral,never,4,0,0,MATH/Llama,MATH/Gemma,60601,29,5,True,True,True,False,False,baseline,,mathstral,never,NOT_ROUTED
60601,2,mathstral,never,4,0,0,MATH/Llama,MATH/Gemma,60601,29,6,True,True,True,False,False,baseline,,mathstral,never,NOT_ROUTED
60601,2,mathstral,never,4,0,0,MATH/Llama,MATH/Gemma,60601,29,7,True,True,True,False,False,baseline,,mathstral,never,NOT_ROUTED
60601,2,mathstral,never,4,0,0,MATH/Llama,MATH/Gemma,60601,30,0,True,True,True,False,False,baseline,,mathstral,never,NOT_ROUTED
60601,2,mathstral,never,4,0,0,MATH/Llama,MATH/Gemma,60601,30,1,True,True,True,False,False,baseline,,mathstral,never,NOT_ROUTED
60601,2,mathstral,never,4,0,0,MATH/Llama,MATH/Gemma,60601,30,2,True,True,True,False,False,baseline,,mathstral,never,NOT_ROUTED
60601,2,mathstral,never,4,0,0,MATH/Llama,MATH/Gemma,60601,30,3,True,True,True,False,False,baseline,,mathstral,never,NOT_ROUTED
60601,2,mathstral,never,4,0,0,MATH/Llama,MATH/Gemma,60601,30,4,True,True,True,False,False,baseline,,mathstral,never,NOT_ROUTED
60601,2,mathstral,never,4,0,0,MATH/Llama,MATH/Gemma,60601,30,5,True,True,True,False,False,baseline,,mathstral,never,NOT_ROUTED
60601,2,mathstral,never,4,0,0,MATH/Llama,MATH/Gemma,60601,30,6,True,True,True,False,False,baseline,,mathstral,never,NOT_ROUTED
60601,2,mathstral,never,4,0,0,MATH/Llama,MATH/Gemma,60601,30,7,True,True,True,False,False,baseline,,mathstral,never,NOT_ROUTED
60601,2,mathstral,never,4,0,0,MATH/Llama,MATH/Gemma,60601,31,0,False,False,False,False,False,baseline,,mathstral,never,NOT_ROUTED
60601,2,mathstral,never,4,0,0,MATH/Llama,MATH/Gemma,60601,31,1,False,False,False,False,False,baseline,,mathstral,never,NOT_ROUTED
60601,2,mathstral,never,4,0,0,MATH/Llama,MATH/Gemma,60601,31,2,False,False,False,False,False,baseline,,mathstral,never,NOT_ROUTED
60601,2,mathstral,never,4,0,0,MATH/Llama,MATH/Gemma,60601,31,3,False,False,False,False,False,baseline,,mathstral,never,NOT_ROUTED
60601,2,mathstral,never,4,0,0,MATH/Llama,MATH/Gemma,60601,31,4,False,False,False,False,False,baseline,,mathstral,never,NOT_ROUTED
60601,2,mathstral,never,4,0,0,MATH/Llama,MATH/Gemma,60601,31,5,False,False,False,False,False,baseline,,mathstral,never,NOT_ROUTED
60601,2,mathstral,never,4,0,0,MATH/Llama,MATH/Gemma,60601,31,6,False,False,False,False,False,baseline,,mathstral,never,NOT_ROUTED
60601,2,mathstral,never,4,0,0,MATH/Llama,MATH/Gemma,60601,31,7,False,False,False,False,False,baseline,,mathstral,never,NOT_ROUTED
60601,2,mathstral,never,4,0,0,MATH/Llama,MATH/Gemma,60601,33,0,False,False,False,False,False,baseline,,mathstral,never,NOT_ROUTED
60601,2,mathstral,never,4,0,0,MATH/Llama,MATH/Gemma,60601,33,1,False,False,False,False,False,baseline,,mathstral,never,NOT_ROUTED
60601,2,mathstral,never,4,0,0,MATH/Llama,MATH/Gemma,60601,33,2,False,False,False,False,False,baseline,,mathstral,never,NOT_ROUTED
60601,2,mathstral,never,4,0,0,MATH/Llama,MATH/Gemma,60601,33,3,False,False,False,False,False,baseline,,mathstral,never,NOT_ROUTED
60601,2,mathstral,never,4,0,0,MATH/Llama,MATH/Gemma,60601,33,4,False,False,False,False,False,baseline,,mathstral,never,NOT_ROUTED
60601,2,mathstral,never,4,0,0,MATH/Llama,MATH/Gemma,60601,33,5,False,False,False,False,False,baseline,,mathstral,never,NOT_ROUTED
60601,2,mathstral,never,4,0,0,MATH/Llama,MATH/Gemma,60601,33,6,False,False,False,False,False,baseline,,mathstral,never,NOT_ROUTED
60601,2,mathstral,never,4,0,0,MATH/Llama,MATH/Gemma,60601,33,7,False,False,False,False,False,baseline,,mathstral,never,NOT_ROUTED
60601,2,mathstral,never,4,0,0,MATH/Llama,MATH/Gemma,60601,36,0,False,False,False,False,False,baseline,,mathstral,never,NOT_ROUTED
60601,2,mathstral,never,4,0,0,MATH/Llama,MATH/Gemma,60601,36,1,False,False,False,False,False,baseline,,mathstral,never,NOT_ROUTED
60601,2,mathstral,never,4,0,0,MATH/Llama,MATH/Gemma,60601,36,2,False,False,False,False,False,baseline,,mathstral,never,NOT_ROUTED
60601,2,mathstral,never,4,0,0,MATH/Llama,MATH/Gemma,60601,36,3,False,False,False,False,False,baseline,,mathstral,never,NOT_ROUTED
60601,2,mathstral,never,4,0,0,MATH/Llama,MATH/Gemma,60601,36,4,False,False,False,False,False,baseline,,mathstral,never,NOT_ROUTED
60601,2,mathstral,never,4,0,0,MATH/Llama,MATH/Gemma,60601,36,5,False,False,False,False,False,baseline,,mathstral,never,NOT_ROUTED
60601,2,mathstral,never,4,0,0,MATH/Llama,MATH/Gemma,60601,36,6,False,False,False,False,False,baseline,,mathstral,never,NOT_ROUTED
60601,2,mathstral,never,4,0,0,MATH/Llama,MATH/Gemma,60601,36,7,False,False,False,False,False,baseline,,mathstral,never,NOT_ROUTED
60601,2,mathstral,never,4,0,0,MATH/Llama,MATH/Gemma,60601,37,0,True,True,True,False,False,baseline,,mathstral,never,NOT_ROUTED
60601,2,mathstral,never,4,0,0,MATH/Llama,MATH/Gemma,60601,37,1,True,True,True,False,False,baseline,,mathstral,never,NOT_ROUTED
60601,2,mathstral,never,4,0,0,MATH/Llama,MATH/Gemma,60601,37,2,True,True,True,False,False,baseline,,mathstral,never,NOT_ROUTED
60601,2,mathstral,never,4,0,0,MATH/Llama,MATH/Gemma,60601,37,3,True,True,True,False,False,baseline,,mathstral,never,NOT_ROUTED
60601,2,mathstral,never,4,0,0,MATH/Llama,MATH/Gemma,60601,37,4,True,True,True,False,False,baseline,,mathstral,never,NOT_ROUTED
60601,2,mathstral,never,4,0,0,MATH/Llama,MATH/Gemma,60601,37,5,True,True,True,False,False,baseline,,mathstral,never,NOT_ROUTED
60601,2,mathstral,never,4,0,0,MATH/Llama,MATH/Gemma,60601,37,6,True,True,True,False,False,baseline,,mathstral,never,NOT_ROUTED
60601,2,mathstral,never,4,0,0,MATH/Llama,MATH/Gemma,60601,37,7,True,True,True,False,False,baseline,,mathstral,never,NOT_ROUTED
60601,2,mathstral,never,4,0,0,MATH/Llama,MATH/Gemma,60601,38,0,True,True,True,False,False,baseline,,mathstral,never,NOT_ROUTED
60601,2,mathstral,never,4,0,0,MATH/Llama,MATH/Gemma,60601,38,1,True,True,True,False,False,baseline,,mathstral,never,NOT_ROUTED
60601,2,mathstral,never,4,0,0,MATH/Llama,MATH/Gemma,60601,38,2,True,True,True,False,False,baseline,,mathstral,never,NOT_ROUTED
60601,2,mathstral,never,4,0,0,MATH/Llama,MATH/Gemma,60601,38,3,True,True,True,False,False,baseline,,mathstral,never,NOT_ROUTED
60601,2,mathstral,never,4,0,0,MATH/Llama,MATH/Gemma,60601,38,4,True,True,True,False,False,baseline,,mathstral,never,NOT_ROUTED
60601,2,mathstral,never,4,0,0,MATH/Llama,MATH/Gemma,60601,38,5,True,True,True,False,False,baseline,,mathstral,never,NOT_ROUTED
60601,2,mathstral,never,4,0,0,MATH/Llama,MATH/Gemma,60601,38,6,True,True,True,False,False,baseline,,mathstral,never,NOT_ROUTED
60601,2,mathstral,never,4,0,0,MATH/Llama,MATH/Gemma,60601,38,7,True,True,True,False,False,baseline,,mathstral,never,NOT_ROUTED
60601,2,mathstral,never,4,0,0,MATH/Llama,MATH/Gemma,60601,43,0,True,True,True,False,False,baseline,,mathstral,never,NOT_ROUTED
60601,2,mathstral,never,4,0,0,MATH/Llama,MATH/Gemma,60601,43,1,True,True,True,False,False,baseline,,mathstral,never,NOT_ROUTED
60601,2,mathstral,never,4,0,0,MATH/Llama,MATH/Gemma,60601,43,2,True,True,True,False,False,baseline,,mathstral,never,NOT_ROUTED
60601,2,mathstral,never,4,0,0,MATH/Llama,MATH/Gemma,60601,43,3,True,True,True,False,False,baseline,,mathstral,never,NOT_ROUTED
60601,2,mathstral,never,4,0,0,MATH/Llama,MATH/Gemma,60601,43,4,True,True,True,False,False,baseline,,mathstral,never,NOT_ROUTED
60601,2,mathstral,never,4,0,0,MATH/Llama,MATH/Gemma,60601,43,5,True,True,True,False,False,baseline,,mathstral,never,NOT_ROUTED
60601,2,mathstral,never,4,0,0,MATH/Llama,MATH/Gemma,60601,43,6,True,True,True,False,False,baseline,,mathstral,never,NOT_ROUTED
60601,2,mathstral,never,4,0,0,MATH/Llama,MATH/Gemma,60601,43,7,True,True,True,False,False,baseline,,mathstral,never,NOT_ROUTED
60601,2,mathstral,never,4,0,0,MATH/Llama,MATH/Gemma,60601,47,0,True,True,True,False,False,baseline,,mathstral,never,NOT_ROUTED
60601,2,mathstral,never,4,0,0,MATH/Llama,MATH/Gemma,60601,47,1,True,True,True,False,False,baseline,,mathstral,never,NOT_ROUTED
60601,2,mathstral,never,4,0,0,MATH/Llama,MATH/Gemma,60601,47,2,True,True,True,False,False,baseline,,mathstral,never,NOT_ROUTED
60601,2,mathstral,never,4,0,0,MATH/Llama,MATH/Gemma,60601,47,3,True,True,True,False,False,baseline,,mathstral,never,NOT_ROUTED
60601,2,mathstral,never,4,0,0,MATH/Llama,MATH/Gemma,60601,47,4,False,False,False,False,False,baseline,,mathstral,never,NOT_ROUTED
60601,2,mathstral,never,4,0,0,MATH/Llama,MATH/Gemma,60601,47,5,True,True,True,False,False,baseline,,mathstral,never,NOT_ROUTED
60601,2,mathstral,never,4,0,0,MATH/Llama,MATH/Gemma,60601,47,6,True,True,True,False,False,baseline,,mathstral,never,NOT_ROUTED
60601,2,mathstral,never,4,0,0,MATH/Llama,MATH/Gemma,60601,47,7,False,False,False,False,False,baseline,,mathstral,never,NOT_ROUTED
60601,2,mathstral,never,4,0,0,MATH/Llama,MATH/Gemma,60601,48,0,False,False,False,False,False,baseline,,mathstral,never,NOT_ROUTED
60601,2,mathstral,never,4,0,0,MATH/Llama,MATH/Gemma,60601,48,1,False,False,False,False,False,baseline,,mathstral,never,NOT_ROUTED
60601,2,mathstral,never,4,0,0,MATH/Llama,MATH/Gemma,60601,48,2,True,True,True,False,False,baseline,,mathstral,never,NOT_ROUTED
60601,2,mathstral,never,4,0,0,MATH/Llama,MATH/Gemma,60601,48,3,False,False,False,False,False,baseline,,mathstral,never,NOT_ROUTED
60601,2,mathstral,never,4,0,0,MATH/Llama,MATH/Gemma,60601,48,4,True,True,True,False,False,baseline,,mathstral,never,NOT_ROUTED
60601,2,mathstral,never,4,0,0,MATH/Llama,MATH/Gemma,60601,48,5,True,True,True,False,False,baseline,,mathstral,never,NOT_ROUTED
60601,2,mathstral,never,4,0,0,MATH/Llama,MATH/Gemma,60601,48,6,False,False,False,False,False,baseline,,mathstral,never,NOT_ROUTED
60601,2,mathstral,never,4,0,0,MATH/Llama,MATH/Gemma,60601,48,7,False,False,False,False,False,baseline,,mathstral,never,NOT_ROUTED
60601,2,mathstral,never,4,0,0,MATH/Llama,MATH/Gemma,60601,49,0,False,False,False,False,False,baseline,,mathstral,never,NOT_ROUTED
60601,2,mathstral,never,4,0,0,MATH/Llama,MATH/Gemma,60601,49,1,False,False,False,False,False,baseline,,mathstral,never,NOT_ROUTED
60601,2,mathstral,never,4,0,0,MATH/Llama,MATH/Gemma,60601,49,2,False,False,False,False,False,baseline,,mathstral,never,NOT_ROUTED
60601,2,mathstral,never,4,0,0,MATH/Llama,MATH/Gemma,60601,49,3,False,False,False,False,False,baseline,,mathstral,never,NOT_ROUTED
60601,2,mathstral,never,4,0,0,MATH/Llama,MATH/Gemma,60601,49,4,False,False,False,False,False,baseline,,mathstral,never,NOT_ROUTED
60601,2,mathstral,never,4,0,0,MATH/Llama,MATH/Gemma,60601,49,5,False,False,False,False,False,baseline,,mathstral,never,NOT_ROUTED
60601,2,mathstral,never,4,0,0,MATH/Llama,MATH/Gemma,60601,49,6,False,False,False,False,False,baseline,,mathstral,never,NOT_ROUTED
60601,2,mathstral,never,4,0,0,MATH/Llama,MATH/Gemma,60601,49,7,False,False,False,False,False,baseline,,mathstral,never,NOT_ROUTED
60601,2,mathstral,never,4,0,0,MATH/Llama,MATH/Gemma,60601,53,0,False,False,False,False,False,baseline,,mathstral,never,NOT_ROUTED
60601,2,mathstral,never,4,0,0,MATH/Llama,MATH/Gemma,60601,53,1,False,False,False,False,False,baseline,,mathstral,never,NOT_ROUTED
60601,2,mathstral,never,4,0,0,MATH/Llama,MATH/Gemma,60601,53,2,False,False,False,False,False,baseline,,mathstral,never,NOT_ROUTED
60601,2,mathstral,never,4,0,0,MATH/Llama,MATH/Gemma,60601,53,3,False,False,False,False,False,baseline,,mathstral,never,NOT_ROUTED
60601,2,mathstral,never,4,0,0,MATH/Llama,MATH/Gemma,60601,53,4,False,False,False,False,False,baseline,,mathstral,never,NOT_ROUTED
60601,2,mathstral,never,4,0,0,MATH/Llama,MATH/Gemma,60601,53,5,False,False,False,False,False,baseline,,mathstral,never,NOT_ROUTED
60601,2,mathstral,never,4,0,0,MATH/Llama,MATH/Gemma,60601,53,6,False,False,False,False,False,baseline,,mathstral,never,NOT_ROUTED
60601,2,mathstral,never,4,0,0,MATH/Llama,MATH/Gemma,60601,53,7,False,False,False,False,False,baseline,,mathstral,never,NOT_ROUTED
60601,2,mathstral,never,4,0,0,MATH/Llama,MATH/Gemma,60601,54,0,False,False,False,False,False,baseline,,mathstral,never,NOT_ROUTED
60601,2,mathstral,never,4,0,0,MATH/Llama,MATH/Gemma,60601,54,1,True,True,True,False,False,baseline,,mathstral,never,NOT_ROUTED
60601,2,mathstral,never,4,0,0,MATH/Llama,MATH/Gemma,60601,54,2,True,True,True,False,False,baseline,,mathstral,never,NOT_ROUTED
60601,2,mathstral,never,4,0,0,MATH/Llama,MATH/Gemma,60601,54,3,False,False,False,False,False,baseline,,mathstral,never,NOT_ROUTED
60601,2,mathstral,never,4,0,0,MATH/Llama,MATH/Gemma,60601,54,4,True,True,True,False,False,baseline,,mathstral,never,NOT_ROUTED
60601,2,mathstral,never,4,0,0,MATH/Llama,MATH/Gemma,60601,54,5,False,False,False,False,False,baseline,,mathstral,never,NOT_ROUTED
60601,2,mathstral,never,4,0,0,MATH/Llama,MATH/Gemma,60601,54,6,True,True,True,False,False,baseline,,mathstral,never,NOT_ROUTED
60601,2,mathstral,never,4,0,0,MATH/Llama,MATH/Gemma,60601,54,7,False,False,False,False,False,baseline,,mathstral,never,NOT_ROUTED
60601,2,mathstral,never,4,0,0,MATH/Llama,MATH/Gemma,60601,55,0,False,False,False,False,False,baseline,,mathstral,never,NOT_ROUTED
60601,2,mathstral,never,4,0,0,MATH/Llama,MATH/Gemma,60601,55,1,False,False,False,False,False,baseline,,mathstral,never,NOT_ROUTED
60601,2,mathstral,never,4,0,0,MATH/Llama,MATH/Gemma,60601,55,2,False,False,False,False,False,baseline,,mathstral,never,NOT_ROUTED
60601,2,mathstral,never,4,0,0,MATH/Llama,MATH/Gemma,60601,55,3,False,False,False,False,False,baseline,,mathstral,never,NOT_ROUTED
60601,2,mathstral,never,4,0,0,MATH/Llama,MATH/Gemma,60601,55,4,False,False,False,False,False,baseline,,mathstral,never,NOT_ROUTED
60601,2,mathstral,never,4,0,0,MATH/Llama,MATH/Gemma,60601,55,5,False,False,False,False,False,baseline,,mathstral,never,NOT_ROUTED
60601,2,mathstral,never,4,0,0,MATH/Llama,MATH/Gemma,60601,55,6,False,False,False,False,False,baseline,,mathstral,never,NOT_ROUTED
60601,2,mathstral,never,4,0,0,MATH/Llama,MATH/Gemma,60601,55,7,False,False,False,False,False,baseline,,mathstral,never,NOT_ROUTED
60601,2,mathstral,never,4,0,0,MATH/Llama,MATH/Gemma,60601,56,0,False,False,False,False,False,baseline,,mathstral,never,NOT_ROUTED
60601,2,mathstral,never,4,0,0,MATH/Llama,MATH/Gemma,60601,56,1,False,False,False,False,False,baseline,,mathstral,never,NOT_ROUTED
60601,2,mathstral,never,4,0,0,MATH/Llama,MATH/Gemma,60601,56,2,False,False,False,False,False,baseline,,mathstral,never,NOT_ROUTED
60601,2,mathstral,never,4,0,0,MATH/Llama,MATH/Gemma,60601,56,3,False,False,False,False,False,baseline,,mathstral,never,NOT_ROUTED
60601,2,mathstral,never,4,0,0,MATH/Llama,MATH/Gemma,60601,56,4,False,False,False,False,False,baseline,,mathstral,never,NOT_ROUTED
60601,2,mathstral,never,4,0,0,MATH/Llama,MATH/Gemma,60601,56,5,False,False,False,False,False,baseline,,mathstral,never,NOT_ROUTED
60601,2,mathstral,never,4,0,0,MATH/Llama,MATH/Gemma,60601,56,6,False,False,False,False,False,baseline,,mathstral,never,NOT_ROUTED
60601,2,mathstral,never,4,0,0,MATH/Llama,MATH/Gemma,60601,56,7,False,False,False,False,False,baseline,,mathstral,never,NOT_ROUTED
60601,2,mathstral,never,4,0,0,MATH/Llama,MATH/Gemma,60601,57,0,False,False,False,False,False,baseline,,mathstral,never,NOT_ROUTED
60601,2,mathstral,never,4,0,0,MATH/Llama,MATH/Gemma,60601,57,1,False,False,False,False,False,baseline,,mathstral,never,NOT_ROUTED
60601,2,mathstral,never,4,0,0,MATH/Llama,MATH/Gemma,60601,57,2,False,False,False,False,False,baseline,,mathstral,never,NOT_ROUTED
60601,2,mathstral,never,4,0,0,MATH/Llama,MATH/Gemma,60601,57,3,False,False,False,False,False,baseline,,mathstral,never,NOT_ROUTED
60601,2,mathstral,never,4,0,0,MATH/Llama,MATH/Gemma,60601,57,4,False,False,False,False,False,baseline,,mathstral,never,NOT_ROUTED
60601,2,mathstral,never,4,0,0,MATH/Llama,MATH/Gemma,60601,57,5,False,False,False,False,False,baseline,,mathstral,never,NOT_ROUTED
60601,2,mathstral,never,4,0,0,MATH/Llama,MATH/Gemma,60601,57,6,False,False,False,False,False,baseline,,mathstral,never,NOT_ROUTED
60601,2,mathstral,never,4,0,0,MATH/Llama,MATH/Gemma,60601,57,7,False,False,False,False,False,baseline,,mathstral,never,NOT_ROUTED
60601,2,mathstral,never,4,0,0,MATH/Llama,MATH/Gemma,60601,58,0,True,True,True,False,False,baseline,,mathstral,never,NOT_ROUTED
60601,2,mathstral,never,4,0,0,MATH/Llama,MATH/Gemma,60601,58,1,True,True,True,False,False,baseline,,mathstral,never,NOT_ROUTED
60601,2,mathstral,never,4,0,0,MATH/Llama,MATH/Gemma,60601,58,2,True,True,True,False,False,baseline,,mathstral,never,NOT_ROUTED
60601,2,mathstral,never,4,0,0,MATH/Llama,MATH/Gemma,60601,58,3,True,True,True,False,False,baseline,,mathstral,never,NOT_ROUTED
60601,2,mathstral,never,4,0,0,MATH/Llama,MATH/Gemma,60601,58,4,True,True,True,False,False,baseline,,mathstral,never,NOT_ROUTED
60601,2,mathstral,never,4,0,0,MATH/Llama,MATH/Gemma,60601,58,5,True,True,True,False,False,baseline,,mathstral,never,NOT_ROUTED
60601,2,mathstral,never,4,0,0,MATH/Llama,MATH/Gemma,60601,58,6,True,True,True,False,False,baseline,,mathstral,never,NOT_ROUTED
60601,2,mathstral,never,4,0,0,MATH/Llama,MATH/Gemma,60601,58,7,True,True,True,False,False,baseline,,mathstral,never,NOT_ROUTED
60601,2,mathstral,never,4,0,0,MATH/Llama,MATH/Gemma,60601,59,0,False,False,False,False,False,baseline,,mathstral,never,NOT_ROUTED
60601,2,mathstral,never,4,0,0,MATH/Llama,MATH/Gemma,60601,59,1,False,False,False,False,False,baseline,,mathstral,never,NOT_ROUTED
60601,2,mathstral,never,4,0,0,MATH/Llama,MATH/Gemma,60601,59,2,False,False,False,False,False,baseline,,mathstral,never,NOT_ROUTED
60601,2,mathstral,never,4,0,0,MATH/Llama,MATH/Gemma,60601,59,3,False,False,False,False,False,baseline,,mathstral,never,NOT_ROUTED
60601,2,mathstral,never,4,0,0,MATH/Llama,MATH/Gemma,60601,59,4,False,False,False,False,False,baseline,,mathstral,never,NOT_ROUTED
60601,2,mathstral,never,4,0,0,MATH/Llama,MATH/Gemma,60601,59,5,False,False,False,False,False,baseline,,mathstral,never,NOT_ROUTED
60601,2,mathstral,never,4,0,0,MATH/Llama,MATH/Gemma,60601,59,6,False,False,False,False,False,baseline,,mathstral,never,NOT_ROUTED
60601,2,mathstral,never,4,0,0,MATH/Llama,MATH/Gemma,60601,59,7,False,False,False,False,False,baseline,,mathstral,never,NOT_ROUTED
60601,2,mathstral,never,4,0,0,MATH/Llama,MATH/Gemma,60601,60,0,False,False,False,False,False,baseline,,mathstral,never,NOT_ROUTED
60601,2,mathstral,never,4,0,0,MATH/Llama,MATH/Gemma,60601,60,1,False,False,False,False,False,baseline,,mathstral,never,NOT_ROUTED
60601,2,mathstral,never,4,0,0,MATH/Llama,MATH/Gemma,60601,60,2,False,False,False,False,False,baseline,,mathstral,never,NOT_ROUTED
60601,2,mathstral,never,4,0,0,MATH/Llama,MATH/Gemma,60601,60,3,False,False,False,False,False,baseline,,mathstral,never,NOT_ROUTED
60601,2,mathstral,never,4,0,0,MATH/Llama,MATH/Gemma,60601,60,4,False,False,False,False,False,baseline,,mathstral,never,NOT_ROUTED
60601,2,mathstral,never,4,0,0,MATH/Llama,MATH/Gemma,60601,60,5,False,False,False,False,False,baseline,,mathstral,never,NOT_ROUTED
60601,2,mathstral,never,4,0,0,MATH/Llama,MATH/Gemma,60601,60,6,False,False,False,False,False,baseline,,mathstral,never,NOT_ROUTED
60601,2,mathstral,never,4,0,0,MATH/Llama,MATH/Gemma,60601,60,7,False,False,False,False,False,baseline,,mathstral,never,NOT_ROUTED
60601,2,mathstral,never,4,0,0,MATH/Llama,MATH/Gemma,60601,61,0,False,False,False,False,False,baseline,,mathstral,never,NOT_ROUTED
60601,2,mathstral,never,4,0,0,MATH/Llama,MATH/Gemma,60601,61,1,False,False,False,False,False,baseline,,mathstral,never,NOT_ROUTED
60601,2,mathstral,never,4,0,0,MATH/Llama,MATH/Gemma,60601,61,2,False,False,False,False,False,baseline,,mathstral,never,NOT_ROUTED
60601,2,mathstral,never,4,0,0,MATH/Llama,MATH/Gemma,60601,61,3,False,False,False,False,False,baseline,,mathstral,never,NOT_ROUTED
60601,2,mathstral,never,4,0,0,MATH/Llama,MATH/Gemma,60601,61,4,False,False,False,False,False,baseline,,mathstral,never,NOT_ROUTED
60601,2,mathstral,never,4,0,0,MATH/Llama,MATH/Gemma,60601,61,5,False,False,False,False,False,baseline,,mathstral,never,NOT_ROUTED
60601,2,mathstral,never,4,0,0,MATH/Llama,MATH/Gemma,60601,61,6,False,False,False,False,False,baseline,,mathstral,never,NOT_ROUTED
60601,2,mathstral,never,4,0,0,MATH/Llama,MATH/Gemma,60601,61,7,False,False,False,False,False,baseline,,mathstral,never,NOT_ROUTED
60601,2,mathstral,never,4,0,0,MATH/Llama,MATH/Gemma,60601,64,0,True,True,True,False,False,baseline,,mathstral,never,NOT_ROUTED
60601,2,mathstral,never,4,0,0,MATH/Llama,MATH/Gemma,60601,64,1,True,True,True,False,False,baseline,,mathstral,never,NOT_ROUTED
60601,2,mathstral,never,4,0,0,MATH/Llama,MATH/Gemma,60601,64,2,True,True,True,False,False,baseline,,mathstral,never,NOT_ROUTED
60601,2,mathstral,never,4,0,0,MATH/Llama,MATH/Gemma,60601,64,3,True,True,True,False,False,baseline,,mathstral,never,NOT_ROUTED
60601,2,mathstral,never,4,0,0,MATH/Llama,MATH/Gemma,60601,64,4,True,True,True,False,False,baseline,,mathstral,never,NOT_ROUTED
60601,2,mathstral,never,4,0,0,MATH/Llama,MATH/Gemma,60601,64,5,True,True,True,False,False,baseline,,mathstral,never,NOT_ROUTED
60601,2,mathstral,never,4,0,0,MATH/Llama,MATH/Gemma,60601,64,6,True,True,True,False,False,baseline,,mathstral,never,NOT_ROUTED
60601,2,mathstral,never,4,0,0,MATH/Llama,MATH/Gemma,60601,64,7,True,True,True,False,False,baseline,,mathstral,never,NOT_ROUTED
60601,2,mathstral,never,4,0,0,MATH/Llama,MATH/Gemma,60601,65,0,False,False,False,False,False,baseline,,mathstral,never,NOT_ROUTED
60601,2,mathstral,never,4,0,0,MATH/Llama,MATH/Gemma,60601,65,1,False,False,False,False,False,baseline,,mathstral,never,NOT_ROUTED
60601,2,mathstral,never,4,0,0,MATH/Llama,MATH/Gemma,60601,65,2,False,False,False,False,False,baseline,,mathstral,never,NOT_ROUTED
60601,2,mathstral,never,4,0,0,MATH/Llama,MATH/Gemma,60601,65,3,False,False,False,False,False,baseline,,mathstral,never,NOT_ROUTED
60601,2,mathstral,never,4,0,0,MATH/Llama,MATH/Gemma,60601,65,4,False,False,False,False,False,baseline,,mathstral,never,NOT_ROUTED
60601,2,mathstral,never,4,0,0,MATH/Llama,MATH/Gemma,60601,65,5,False,False,False,False,False,baseline,,mathstral,never,NOT_ROUTED
60601,2,mathstral,never,4,0,0,MATH/Llama,MATH/Gemma,60601,65,6,False,False,False,False,False,baseline,,mathstral,never,NOT_ROUTED
60601,2,mathstral,never,4,0,0,MATH/Llama,MATH/Gemma,60601,65,7,False,False,False,False,False,baseline,,mathstral,never,NOT_ROUTED
60601,2,mathstral,never,4,0,0,MATH/Llama,MATH/Gemma,60601,66,0,False,False,False,False,False,baseline,,mathstral,never,NOT_ROUTED
60601,2,mathstral,never,4,0,0,MATH/Llama,MATH/Gemma,60601,66,1,False,False,False,False,False,baseline,,mathstral,never,NOT_ROUTED
60601,2,mathstral,never,4,0,0,MATH/Llama,MATH/Gemma,60601,66,2,False,False,False,False,False,baseline,,mathstral,never,NOT_ROUTED
60601,2,mathstral,never,4,0,0,MATH/Llama,MATH/Gemma,60601,66,3,False,False,False,False,False,baseline,,mathstral,never,NOT_ROUTED
60601,2,mathstral,never,4,0,0,MATH/Llama,MATH/Gemma,60601,66,4,False,False,False,False,False,baseline,,mathstral,never,NOT_ROUTED
60601,2,mathstral,never,4,0,0,MATH/Llama,MATH/Gemma,60601,66,5,False,False,False,False,False,baseline,,mathstral,never,NOT_ROUTED
60601,2,mathstral,never,4,0,0,MATH/Llama,MATH/Gemma,60601,66,6,False,False,False,False,False,baseline,,mathstral,never,NOT_ROUTED
60601,2,mathstral,never,4,0,0,MATH/Llama,MATH/Gemma,60601,66,7,False,False,False,False,False,baseline,,mathstral,never,NOT_ROUTED
60601,2,mathstral,never,4,0,0,MATH/Llama,MATH/Gemma,60601,70,0,False,False,False,False,False,baseline,,mathstral,never,NOT_ROUTED
60601,2,mathstral,never,4,0,0,MATH/Llama,MATH/Gemma,60601,70,1,False,False,False,False,False,baseline,,mathstral,never,NOT_ROUTED
60601,2,mathstral,never,4,0,0,MATH/Llama,MATH/Gemma,60601,70,2,False,False,False,False,False,baseline,,mathstral,never,NOT_ROUTED
60601,2,mathstral,never,4,0,0,MATH/Llama,MATH/Gemma,60601,70,3,False,False,False,False,False,baseline,,mathstral,never,NOT_ROUTED
60601,2,mathstral,never,4,0,0,MATH/Llama,MATH/Gemma,60601,70,4,False,False,False,False,False,baseline,,mathstral,never,NOT_ROUTED
60601,2,mathstral,never,4,0,0,MATH/Llama,MATH/Gemma,60601,70,5,False,False,False,False,False,baseline,,mathstral,never,NOT_ROUTED
60601,2,mathstral,never,4,0,0,MATH/Llama,MATH/Gemma,60601,70,6,False,False,False,False,False,baseline,,mathstral,never,NOT_ROUTED
60601,2,mathstral,never,4,0,0,MATH/Llama,MATH/Gemma,60601,70,7,False,False,False,False,False,baseline,,mathstral,never,NOT_ROUTED
60601,2,mathstral,never,4,0,0,MATH/Llama,MATH/Gemma,60601,72,0,False,False,False,False,False,baseline,,mathstral,never,NOT_ROUTED
60601,2,mathstral,never,4,0,0,MATH/Llama,MATH/Gemma,60601,72,1,False,False,False,False,False,baseline,,mathstral,never,NOT_ROUTED
60601,2,mathstral,never,4,0,0,MATH/Llama,MATH/Gemma,60601,72,2,False,False,False,False,False,baseline,,mathstral,never,NOT_ROUTED
60601,2,mathstral,never,4,0,0,MATH/Llama,MATH/Gemma,60601,72,3,False,False,False,False,False,baseline,,mathstral,never,NOT_ROUTED
60601,2,mathstral,never,4,0,0,MATH/Llama,MATH/Gemma,60601,72,4,False,False,False,False,False,baseline,,mathstral,never,NOT_ROUTED
60601,2,mathstral,never,4,0,0,MATH/Llama,MATH/Gemma,60601,72,5,False,False,False,False,False,baseline,,mathstral,never,NOT_ROUTED
60601,2,mathstral,never,4,0,0,MATH/Llama,MATH/Gemma,60601,72,6,False,False,False,False,False,baseline,,mathstral,never,NOT_ROUTED
60601,2,mathstral,never,4,0,0,MATH/Llama,MATH/Gemma,60601,72,7,False,False,False,False,False,baseline,,mathstral,never,NOT_ROUTED
60601,2,mathstral,never,4,0,0,MATH/Llama,MATH/Gemma,60601,75,0,False,False,False,False,False,baseline,,mathstral,never,NOT_ROUTED
60601,2,mathstral,never,4,0,0,MATH/Llama,MATH/Gemma,60601,75,1,False,False,False,False,False,baseline,,mathstral,never,NOT_ROUTED
60601,2,mathstral,never,4,0,0,MATH/Llama,MATH/Gemma,60601,75,2,False,False,False,False,False,baseline,,mathstral,never,NOT_ROUTED
60601,2,mathstral,never,4,0,0,MATH/Llama,MATH/Gemma,60601,75,3,False,False,False,False,False,baseline,,mathstral,never,NOT_ROUTED
60601,2,mathstral,never,4,0,0,MATH/Llama,MATH/Gemma,60601,75,4,False,False,False,False,False,baseline,,mathstral,never,NOT_ROUTED
60601,2,mathstral,never,4,0,0,MATH/Llama,MATH/Gemma,60601,75,5,False,False,False,False,False,baseline,,mathstral,never,NOT_ROUTED
60601,2,mathstral,never,4,0,0,MATH/Llama,MATH/Gemma,60601,75,6,False,False,False,False,False,baseline,,mathstral,never,NOT_ROUTED
60601,2,mathstral,never,4,0,0,MATH/Llama,MATH/Gemma,60601,75,7,False,False,False,False,False,baseline,,mathstral,never,NOT_ROUTED
60601,2,mathstral,never,4,0,0,MATH/Llama,MATH/Gemma,60601,77,0,False,False,False,False,False,baseline,,mathstral,never,NOT_ROUTED
60601,2,mathstral,never,4,0,0,MATH/Llama,MATH/Gemma,60601,77,1,False,False,False,False,False,baseline,,mathstral,never,NOT_ROUTED
60601,2,mathstral,never,4,0,0,MATH/Llama,MATH/Gemma,60601,77,2,False,False,False,False,False,baseline,,mathstral,never,NOT_ROUTED
60601,2,mathstral,never,4,0,0,MATH/Llama,MATH/Gemma,60601,77,3,False,False,False,False,False,baseline,,mathstral,never,NOT_ROUTED
60601,2,mathstral,never,4,0,0,MATH/Llama,MATH/Gemma,60601,77,4,False,False,False,False,False,baseline,,mathstral,never,NOT_ROUTED
60601,2,mathstral,never,4,0,0,MATH/Llama,MATH/Gemma,60601,77,5,False,False,False,False,False,baseline,,mathstral,never,NOT_ROUTED
60601,2,mathstral,never,4,0,0,MATH/Llama,MATH/Gemma,60601,77,6,False,False,False,False,False,baseline,,mathstral,never,NOT_ROUTED
60601,2,mathstral,never,4,0,0,MATH/Llama,MATH/Gemma,60601,77,7,False,False,False,False,False,baseline,,mathstral,never,NOT_ROUTED
60601,2,mathstral,never,4,0,0,MATH/Llama,MATH/Gemma,60601,78,0,False,False,False,False,False,baseline,,mathstral,never,NOT_ROUTED
60601,2,mathstral,never,4,0,0,MATH/Llama,MATH/Gemma,60601,78,1,False,False,False,False,False,baseline,,mathstral,never,NOT_ROUTED
60601,2,mathstral,never,4,0,0,MATH/Llama,MATH/Gemma,60601,78,2,False,False,False,False,False,baseline,,mathstral,never,NOT_ROUTED
60601,2,mathstral,never,4,0,0,MATH/Llama,MATH/Gemma,60601,78,3,False,False,False,False,False,baseline,,mathstral,never,NOT_ROUTED
60601,2,mathstral,never,4,0,0,MATH/Llama,MATH/Gemma,60601,78,4,False,False,False,False,False,baseline,,mathstral,never,NOT_ROUTED
60601,2,mathstral,never,4,0,0,MATH/Llama,MATH/Gemma,60601,78,5,False,False,False,False,False,baseline,,mathstral,never,NOT_ROUTED
60601,2,mathstral,never,4,0,0,MATH/Llama,MATH/Gemma,60601,78,6,False,False,False,False,False,baseline,,mathstral,never,NOT_ROUTED
60601,2,mathstral,never,4,0,0,MATH/Llama,MATH/Gemma,60601,78,7,False,False,False,False,False,baseline,,mathstral,never,NOT_ROUTED
60601,2,mathstral,never,4,0,0,MATH/Llama,MATH/Gemma,60601,81,0,False,False,False,False,False,baseline,,mathstral,never,NOT_ROUTED
60601,2,mathstral,never,4,0,0,MATH/Llama,MATH/Gemma,60601,81,1,False,False,False,False,False,baseline,,mathstral,never,NOT_ROUTED
60601,2,mathstral,never,4,0,0,MATH/Llama,MATH/Gemma,60601,81,2,False,False,False,False,False,baseline,,mathstral,never,NOT_ROUTED
60601,2,mathstral,never,4,0,0,MATH/Llama,MATH/Gemma,60601,81,3,False,False,False,False,False,baseline,,mathstral,never,NOT_ROUTED
60601,2,mathstral,never,4,0,0,MATH/Llama,MATH/Gemma,60601,81,4,False,False,False,False,False,baseline,,mathstral,never,NOT_ROUTED
60601,2,mathstral,never,4,0,0,MATH/Llama,MATH/Gemma,60601,81,5,False,False,False,False,False,baseline,,mathstral,never,NOT_ROUTED
60601,2,mathstral,never,4,0,0,MATH/Llama,MATH/Gemma,60601,81,6,False,False,False,False,False,baseline,,mathstral,never,NOT_ROUTED
60601,2,mathstral,never,4,0,0,MATH/Llama,MATH/Gemma,60601,81,7,False,False,False,False,False,baseline,,mathstral,never,NOT_ROUTED
60601,2,mathstral,never,4,0,0,MATH/Llama,MATH/Gemma,60601,87,0,False,False,False,False,False,baseline,,mathstral,never,NOT_ROUTED
60601,2,mathstral,never,4,0,0,MATH/Llama,MATH/Gemma,60601,87,1,False,False,False,False,False,baseline,,mathstral,never,NOT_ROUTED
60601,2,mathstral,never,4,0,0,MATH/Llama,MATH/Gemma,60601,87,2,False,False,False,False,False,baseline,,mathstral,never,NOT_ROUTED
60601,2,mathstral,never,4,0,0,MATH/Llama,MATH/Gemma,60601,87,3,False,False,False,False,False,baseline,,mathstral,never,NOT_ROUTED
60601,2,mathstral,never,4,0,0,MATH/Llama,MATH/Gemma,60601,87,4,False,False,False,False,False,baseline,,mathstral,never,NOT_ROUTED
60601,2,mathstral,never,4,0,0,MATH/Llama,MATH/Gemma,60601,87,5,False,False,False,False,False,baseline,,mathstral,never,NOT_ROUTED
60601,2,mathstral,never,4,0,0,MATH/Llama,MATH/Gemma,60601,87,6,False,False,False,False,False,baseline,,mathstral,never,NOT_ROUTED
60601,2,mathstral,never,4,0,0,MATH/Llama,MATH/Gemma,60601,87,7,False,False,False,False,False,baseline,,mathstral,never,NOT_ROUTED
60601,2,mathstral,never,4,0,0,MATH/Llama,MATH/Gemma,60601,88,0,False,False,False,False,False,baseline,,mathstral,never,NOT_ROUTED
60601,2,mathstral,never,4,0,0,MATH/Llama,MATH/Gemma,60601,88,1,False,False,False,False,False,baseline,,mathstral,never,NOT_ROUTED
60601,2,mathstral,never,4,0,0,MATH/Llama,MATH/Gemma,60601,88,2,False,False,False,False,False,baseline,,mathstral,never,NOT_ROUTED
60601,2,mathstral,never,4,0,0,MATH/Llama,MATH/Gemma,60601,88,3,False,False,False,False,False,baseline,,mathstral,never,NOT_ROUTED
60601,2,mathstral,never,4,0,0,MATH/Llama,MATH/Gemma,60601,88,4,False,False,False,False,False,baseline,,mathstral,never,NOT_ROUTED
60601,2,mathstral,never,4,0,0,MATH/Llama,MATH/Gemma,60601,88,5,False,False,False,False,False,baseline,,mathstral,never,NOT_ROUTED
60601,2,mathstral,never,4,0,0,MATH/Llama,MATH/Gemma,60601,88,6,False,False,False,False,False,baseline,,mathstral,never,NOT_ROUTED
60601,2,mathstral,never,4,0,0,MATH/Llama,MATH/Gemma,60601,88,7,False,False,False,False,False,baseline,,mathstral,never,NOT_ROUTED
60601,2,mathstral,never,4,0,0,MATH/Llama,MATH/Gemma,60601,89,0,False,False,False,False,False,baseline,,mathstral,never,NOT_ROUTED
60601,2,mathstral,never,4,0,0,MATH/Llama,MATH/Gemma,60601,89,1,False,False,False,False,False,baseline,,mathstral,never,NOT_ROUTED
60601,2,mathstral,never,4,0,0,MATH/Llama,MATH/Gemma,60601,89,2,False,False,False,False,False,baseline,,mathstral,never,NOT_ROUTED
60601,2,mathstral,never,4,0,0,MATH/Llama,MATH/Gemma,60601,89,3,False,False,False,False,False,baseline,,mathstral,never,NOT_ROUTED
60601,2,mathstral,never,4,0,0,MATH/Llama,MATH/Gemma,60601,89,4,False,False,False,False,False,baseline,,mathstral,never,NOT_ROUTED
60601,2,mathstral,never,4,0,0,MATH/Llama,MATH/Gemma,60601,89,5,False,False,False,False,False,baseline,,mathstral,never,NOT_ROUTED
60601,2,mathstral,never,4,0,0,MATH/Llama,MATH/Gemma,60601,89,6,False,False,False,False,False,baseline,,mathstral,never,NOT_ROUTED
60601,2,mathstral,never,4,0,0,MATH/Llama,MATH/Gemma,60601,89,7,False,False,False,False,False,baseline,,mathstral,never,NOT_ROUTED
60601,2,mathstral,never,4,0,0,MATH/Llama,MATH/Gemma,60601,93,0,True,True,True,False,False,baseline,,mathstral,never,NOT_ROUTED
60601,2,mathstral,never,4,0,0,MATH/Llama,MATH/Gemma,60601,93,1,True,True,True,False,False,baseline,,mathstral,never,NOT_ROUTED
60601,2,mathstral,never,4,0,0,MATH/Llama,MATH/Gemma,60601,93,2,True,True,True,False,False,baseline,,mathstral,never,NOT_ROUTED
60601,2,mathstral,never,4,0,0,MATH/Llama,MATH/Gemma,60601,93,3,True,True,True,False,False,baseline,,mathstral,never,NOT_ROUTED
60601,2,mathstral,never,4,0,0,MATH/Llama,MATH/Gemma,60601,93,4,True,True,True,False,False,baseline,,mathstral,never,NOT_ROUTED
60601,2,mathstral,never,4,0,0,MATH/Llama,MATH/Gemma,60601,93,5,True,True,True,False,False,baseline,,mathstral,never,NOT_ROUTED
60601,2,mathstral,never,4,0,0,MATH/Llama,MATH/Gemma,60601,93,6,True,True,True,False,False,baseline,,mathstral,never,NOT_ROUTED
60601,2,mathstral,never,4,0,0,MATH/Llama,MATH/Gemma,60601,93,7,True,True,True,False,False,baseline,,mathstral,never,NOT_ROUTED
60601,2,mathstral,never,4,0,0,MATH/Llama,MATH/Gemma,60601,96,0,True,True,True,False,False,baseline,,mathstral,never,NOT_ROUTED
60601,2,mathstral,never,4,0,0,MATH/Llama,MATH/Gemma,60601,96,1,True,True,True,False,False,baseline,,mathstral,never,NOT_ROUTED
60601,2,mathstral,never,4,0,0,MATH/Llama,MATH/Gemma,60601,96,2,True,True,True,False,False,baseline,,mathstral,never,NOT_ROUTED
60601,2,mathstral,never,4,0,0,MATH/Llama,MATH/Gemma,60601,96,3,True,True,True,False,False,baseline,,mathstral,never,NOT_ROUTED
60601,2,mathstral,never,4,0,0,MATH/Llama,MATH/Gemma,60601,96,4,True,True,True,False,False,baseline,,mathstral,never,NOT_ROUTED
60601,2,mathstral,never,4,0,0,MATH/Llama,MATH/Gemma,60601,96,5,True,True,True,False,False,baseline,,mathstral,never,NOT_ROUTED
60601,2,mathstral,never,4,0,0,MATH/Llama,MATH/Gemma,60601,96,6,True,True,True,False,False,baseline,,mathstral,never,NOT_ROUTED
60601,2,mathstral,never,4,0,0,MATH/Llama,MATH/Gemma,60601,96,7,True,True,True,False,False,baseline,,mathstral,never,NOT_ROUTED
60601,2,mathstral,never,4,0,0,MATH/Llama,MATH/Gemma,60601,98,0,True,True,True,False,False,baseline,,mathstral,never,NOT_ROUTED
60601,2,mathstral,never,4,0,0,MATH/Llama,MATH/Gemma,60601,98,1,True,True,True,False,False,baseline,,mathstral,never,NOT_ROUTED
60601,2,mathstral,never,4,0,0,MATH/Llama,MATH/Gemma,60601,98,2,True,True,True,False,False,baseline,,mathstral,never,NOT_ROUTED
60601,2,mathstral,never,4,0,0,MATH/Llama,MATH/Gemma,60601,98,3,True,True,True,False,False,baseline,,mathstral,never,NOT_ROUTED
60601,2,mathstral,never,4,0,0,MATH/Llama,MATH/Gemma,60601,98,4,False,False,False,False,False,baseline,,mathstral,never,NOT_ROUTED
60601,2,mathstral,never,4,0,0,MATH/Llama,MATH/Gemma,60601,98,5,True,True,True,False,False,baseline,,mathstral,never,NOT_ROUTED
60601,2,mathstral,never,4,0,0,MATH/Llama,MATH/Gemma,60601,98,6,True,True,True,False,False,baseline,,mathstral,never,NOT_ROUTED
60601,2,mathstral,never,4,0,0,MATH/Llama,MATH/Gemma,60601,98,7,True,True,True,False,False,baseline,,mathstral,never,NOT_ROUTED
60601,2,mathstral,never,4,0,0,MATH/Llama,MATH/Gemma,60601,100,0,True,True,True,False,False,baseline,,mathstral,never,NOT_ROUTED
60601,2,mathstral,never,4,0,0,MATH/Llama,MATH/Gemma,60601,100,1,True,True,True,False,False,baseline,,mathstral,never,NOT_ROUTED
60601,2,mathstral,never,4,0,0,MATH/Llama,MATH/Gemma,60601,100,2,True,True,True,False,False,baseline,,mathstral,never,NOT_ROUTED
60601,2,mathstral,never,4,0,0,MATH/Llama,MATH/Gemma,60601,100,3,True,True,True,False,False,baseline,,mathstral,never,NOT_ROUTED
60601,2,mathstral,never,4,0,0,MATH/Llama,MATH/Gemma,60601,100,4,True,True,True,False,False,baseline,,mathstral,never,NOT_ROUTED
60601,2,mathstral,never,4,0,0,MATH/Llama,MATH/Gemma,60601,100,5,True,True,True,False,False,baseline,,mathstral,never,NOT_ROUTED
60601,2,mathstral,never,4,0,0,MATH/Llama,MATH/Gemma,60601,100,6,True,True,True,False,False,baseline,,mathstral,never,NOT_ROUTED
60601,2,mathstral,never,4,0,0,MATH/Llama,MATH/Gemma,60601,100,7,True,True,True,False,False,baseline,,mathstral,never,NOT_ROUTED
60601,2,mathstral,never,4,0,0,MATH/Llama,MATH/Gemma,60601,101,0,True,True,True,False,False,baseline,,mathstral,never,NOT_ROUTED
60601,2,mathstral,never,4,0,0,MATH/Llama,MATH/Gemma,60601,101,1,True,True,True,False,False,baseline,,mathstral,never,NOT_ROUTED
60601,2,mathstral,never,4,0,0,MATH/Llama,MATH/Gemma,60601,101,2,True,True,True,False,False,baseline,,mathstral,never,NOT_ROUTED
60601,2,mathstral,never,4,0,0,MATH/Llama,MATH/Gemma,60601,101,3,True,True,True,False,False,baseline,,mathstral,never,NOT_ROUTED
60601,2,mathstral,never,4,0,0,MATH/Llama,MATH/Gemma,60601,101,4,True,True,True,False,False,baseline,,mathstral,never,NOT_ROUTED
60601,2,mathstral,never,4,0,0,MATH/Llama,MATH/Gemma,60601,101,5,True,True,True,False,False,baseline,,mathstral,never,NOT_ROUTED
60601,2,mathstral,never,4,0,0,MATH/Llama,MATH/Gemma,60601,101,6,True,True,True,False,False,baseline,,mathstral,never,NOT_ROUTED
60601,2,mathstral,never,4,0,0,MATH/Llama,MATH/Gemma,60601,101,7,True,True,True,False,False,baseline,,mathstral,never,NOT_ROUTED
60601,2,mathstral,never,4,0,0,MATH/Llama,MATH/Gemma,60601,102,0,True,True,True,False,False,baseline,,mathstral,never,NOT_ROUTED
60601,2,mathstral,never,4,0,0,MATH/Llama,MATH/Gemma,60601,102,1,True,True,True,False,False,baseline,,mathstral,never,NOT_ROUTED
60601,2,mathstral,never,4,0,0,MATH/Llama,MATH/Gemma,60601,102,2,True,True,True,False,False,baseline,,mathstral,never,NOT_ROUTED
60601,2,mathstral,never,4,0,0,MATH/Llama,MATH/Gemma,60601,102,3,True,True,True,False,False,baseline,,mathstral,never,NOT_ROUTED
60601,2,mathstral,never,4,0,0,MATH/Llama,MATH/Gemma,60601,102,4,True,True,True,False,False,baseline,,mathstral,never,NOT_ROUTED
60601,2,mathstral,never,4,0,0,MATH/Llama,MATH/Gemma,60601,102,5,True,True,True,False,False,baseline,,mathstral,never,NOT_ROUTED
60601,2,mathstral,never,4,0,0,MATH/Llama,MATH/Gemma,60601,102,6,True,True,True,False,False,baseline,,mathstral,never,NOT_ROUTED
60601,2,mathstral,never,4,0,0,MATH/Llama,MATH/Gemma,60601,102,7,True,True,True,False,False,baseline,,mathstral,never,NOT_ROUTED
60601,2,mathstral,never,4,0,0,MATH/Llama,MATH/Gemma,60601,103,0,True,True,True,False,False,baseline,,mathstral,never,NOT_ROUTED
60601,2,mathstral,never,4,0,0,MATH/Llama,MATH/Gemma,60601,103,1,True,True,True,False,False,baseline,,mathstral,never,NOT_ROUTED
60601,2,mathstral,never,4,0,0,MATH/Llama,MATH/Gemma,60601,103,2,True,True,True,False,False,baseline,,mathstral,never,NOT_ROUTED
60601,2,mathstral,never,4,0,0,MATH/Llama,MATH/Gemma,60601,103,3,True,True,True,False,False,baseline,,mathstral,never,NOT_ROUTED
60601,2,mathstral,never,4,0,0,MATH/Llama,MATH/Gemma,60601,103,4,True,True,True,False,False,baseline,,mathstral,never,NOT_ROUTED
60601,2,mathstral,never,4,0,0,MATH/Llama,MATH/Gemma,60601,103,5,True,True,True,False,False,baseline,,mathstral,never,NOT_ROUTED
60601,2,mathstral,never,4,0,0,MATH/Llama,MATH/Gemma,60601,103,6,True,True,True,False,False,baseline,,mathstral,never,NOT_ROUTED
60601,2,mathstral,never,4,0,0,MATH/Llama,MATH/Gemma,60601,103,7,True,True,True,False,False,baseline,,mathstral,never,NOT_ROUTED
60601,2,mathstral,never,4,0,0,MATH/Llama,MATH/Gemma,60601,106,0,True,True,True,False,False,baseline,,mathstral,never,NOT_ROUTED
60601,2,mathstral,never,4,0,0,MATH/Llama,MATH/Gemma,60601,106,1,True,True,True,False,False,baseline,,mathstral,never,NOT_ROUTED
60601,2,mathstral,never,4,0,0,MATH/Llama,MATH/Gemma,60601,106,2,True,True,True,False,False,baseline,,mathstral,never,NOT_ROUTED
60601,2,mathstral,never,4,0,0,MATH/Llama,MATH/Gemma,60601,106,3,True,True,True,False,False,baseline,,mathstral,never,NOT_ROUTED
60601,2,mathstral,never,4,0,0,MATH/Llama,MATH/Gemma,60601,106,4,True,True,True,False,False,baseline,,mathstral,never,NOT_ROUTED
60601,2,mathstral,never,4,0,0,MATH/Llama,MATH/Gemma,60601,106,5,True,True,True,False,False,baseline,,mathstral,never,NOT_ROUTED
60601,2,mathstral,never,4,0,0,MATH/Llama,MATH/Gemma,60601,106,6,True,True,True,False,False,baseline,,mathstral,never,NOT_ROUTED
60601,2,mathstral,never,4,0,0,MATH/Llama,MATH/Gemma,60601,106,7,True,True,True,False,False,baseline,,mathstral,never,NOT_ROUTED
60601,2,mathstral,never,4,0,0,MATH/Llama,MATH/Gemma,60601,109,0,True,True,True,False,False,baseline,,mathstral,never,NOT_ROUTED
60601,2,mathstral,never,4,0,0,MATH/Llama,MATH/Gemma,60601,109,1,True,True,True,False,False,baseline,,mathstral,never,NOT_ROUTED
60601,2,mathstral,never,4,0,0,MATH/Llama,MATH/Gemma,60601,109,2,True,True,True,False,False,baseline,,mathstral,never,NOT_ROUTED
60601,2,mathstral,never,4,0,0,MATH/Llama,MATH/Gemma,60601,109,3,True,True,True,False,False,baseline,,mathstral,never,NOT_ROUTED
60601,2,mathstral,never,4,0,0,MATH/Llama,MATH/Gemma,60601,109,4,True,True,True,False,False,baseline,,mathstral,never,NOT_ROUTED
60601,2,mathstral,never,4,0,0,MATH/Llama,MATH/Gemma,60601,109,5,True,True,True,False,False,baseline,,mathstral,never,NOT_ROUTED
60601,2,mathstral,never,4,0,0,MATH/Llama,MATH/Gemma,60601,109,6,True,True,True,False,False,baseline,,mathstral,never,NOT_ROUTED
60601,2,mathstral,never,4,0,0,MATH/Llama,MATH/Gemma,60601,109,7,True,True,True,False,False,baseline,,mathstral,never,NOT_ROUTED
60601,2,mathstral,never,4,0,0,MATH/Llama,MATH/Gemma,60601,111,0,True,True,True,False,False,baseline,,mathstral,never,NOT_ROUTED
60601,2,mathstral,never,4,0,0,MATH/Llama,MATH/Gemma,60601,111,1,True,True,True,False,False,baseline,,mathstral,never,NOT_ROUTED
60601,2,mathstral,never,4,0,0,MATH/Llama,MATH/Gemma,60601,111,2,True,True,True,False,False,baseline,,mathstral,never,NOT_ROUTED
60601,2,mathstral,never,4,0,0,MATH/Llama,MATH/Gemma,60601,111,3,True,True,True,False,False,baseline,,mathstral,never,NOT_ROUTED
60601,2,mathstral,never,4,0,0,MATH/Llama,MATH/Gemma,60601,111,4,True,True,True,False,False,baseline,,mathstral,never,NOT_ROUTED
60601,2,mathstral,never,4,0,0,MATH/Llama,MATH/Gemma,60601,111,5,True,True,True,False,False,baseline,,mathstral,never,NOT_ROUTED
60601,2,mathstral,never,4,0,0,MATH/Llama,MATH/Gemma,60601,111,6,True,True,True,False,False,baseline,,mathstral,never,NOT_ROUTED
60601,2,mathstral,never,4,0,0,MATH/Llama,MATH/Gemma,60601,111,7,True,True,True,False,False,baseline,,mathstral,never,NOT_ROUTED
60601,2,mathstral,never,4,0,0,MATH/Llama,MATH/Gemma,60601,112,0,False,False,False,False,False,baseline,,mathstral,never,NOT_ROUTED
60601,2,mathstral,never,4,0,0,MATH/Llama,MATH/Gemma,60601,112,1,False,False,False,False,False,baseline,,mathstral,never,NOT_ROUTED
60601,2,mathstral,never,4,0,0,MATH/Llama,MATH/Gemma,60601,112,2,False,False,False,False,False,baseline,,mathstral,never,NOT_ROUTED
60601,2,mathstral,never,4,0,0,MATH/Llama,MATH/Gemma,60601,112,3,False,False,False,False,False,baseline,,mathstral,never,NOT_ROUTED
60601,2,mathstral,never,4,0,0,MATH/Llama,MATH/Gemma,60601,112,4,False,False,False,False,False,baseline,,mathstral,never,NOT_ROUTED
60601,2,mathstral,never,4,0,0,MATH/Llama,MATH/Gemma,60601,112,5,False,False,False,False,False,baseline,,mathstral,never,NOT_ROUTED
60601,2,mathstral,never,4,0,0,MATH/Llama,MATH/Gemma,60601,112,6,False,False,False,False,False,baseline,,mathstral,never,NOT_ROUTED
60601,2,mathstral,never,4,0,0,MATH/Llama,MATH/Gemma,60601,112,7,False,False,False,False,False,baseline,,mathstral,never,NOT_ROUTED
60601,2,mathstral,never,4,0,0,MATH/Llama,MATH/Gemma,60601,115,0,False,False,False,False,False,baseline,,mathstral,never,NOT_ROUTED
60601,2,mathstral,never,4,0,0,MATH/Llama,MATH/Gemma,60601,115,1,False,False,False,False,False,baseline,,mathstral,never,NOT_ROUTED
60601,2,mathstral,never,4,0,0,MATH/Llama,MATH/Gemma,60601,115,2,False,False,False,False,False,baseline,,mathstral,never,NOT_ROUTED
60601,2,mathstral,never,4,0,0,MATH/Llama,MATH/Gemma,60601,115,3,False,False,False,False,False,baseline,,mathstral,never,NOT_ROUTED
60601,2,mathstral,never,4,0,0,MATH/Llama,MATH/Gemma,60601,115,4,False,False,False,False,False,baseline,,mathstral,never,NOT_ROUTED
60601,2,mathstral,never,4,0,0,MATH/Llama,MATH/Gemma,60601,115,5,False,False,False,False,False,baseline,,mathstral,never,NOT_ROUTED
60601,2,mathstral,never,4,0,0,MATH/Llama,MATH/Gemma,60601,115,6,False,False,False,False,False,baseline,,mathstral,never,NOT_ROUTED
60601,2,mathstral,never,4,0,0,MATH/Llama,MATH/Gemma,60601,115,7,False,False,False,False,False,baseline,,mathstral,never,NOT_ROUTED
60601,2,mathstral,never,4,0,0,MATH/Llama,MATH/Gemma,60601,117,0,False,False,False,False,False,baseline,,mathstral,never,NOT_ROUTED
60601,2,mathstral,never,4,0,0,MATH/Llama,MATH/Gemma,60601,117,1,False,False,False,False,False,baseline,,mathstral,never,NOT_ROUTED
60601,2,mathstral,never,4,0,0,MATH/Llama,MATH/Gemma,60601,117,2,False,False,False,False,False,baseline,,mathstral,never,NOT_ROUTED
60601,2,mathstral,never,4,0,0,MATH/Llama,MATH/Gemma,60601,117,3,False,False,False,False,False,baseline,,mathstral,never,NOT_ROUTED
60601,2,mathstral,never,4,0,0,MATH/Llama,MATH/Gemma,60601,117,4,False,False,False,False,False,baseline,,mathstral,never,NOT_ROUTED
60601,2,mathstral,never,4,0,0,MATH/Llama,MATH/Gemma,60601,117,5,False,False,False,False,False,baseline,,mathstral,never,NOT_ROUTED
60601,2,mathstral,never,4,0,0,MATH/Llama,MATH/Gemma,60601,117,6,False,False,False,False,False,baseline,,mathstral,never,NOT_ROUTED
60601,2,mathstral,never,4,0,0,MATH/Llama,MATH/Gemma,60601,117,7,False,False,False,False,False,baseline,,mathstral,never,NOT_ROUTED
60601,2,mathstral,never,4,0,0,MATH/Llama,MATH/Gemma,60601,118,0,False,False,False,False,False,baseline,,mathstral,never,NOT_ROUTED
60601,2,mathstral,never,4,0,0,MATH/Llama,MATH/Gemma,60601,118,1,False,False,False,False,False,baseline,,mathstral,never,NOT_ROUTED
60601,2,mathstral,never,4,0,0,MATH/Llama,MATH/Gemma,60601,118,2,True,True,True,False,False,baseline,,mathstral,never,NOT_ROUTED
60601,2,mathstral,never,4,0,0,MATH/Llama,MATH/Gemma,60601,118,3,False,False,False,False,False,baseline,,mathstral,never,NOT_ROUTED
60601,2,mathstral,never,4,0,0,MATH/Llama,MATH/Gemma,60601,118,4,False,False,False,False,False,baseline,,mathstral,never,NOT_ROUTED
60601,2,mathstral,never,4,0,0,MATH/Llama,MATH/Gemma,60601,118,5,True,True,True,False,False,baseline,,mathstral,never,NOT_ROUTED
60601,2,mathstral,never,4,0,0,MATH/Llama,MATH/Gemma,60601,118,6,True,True,True,False,False,baseline,,mathstral,never,NOT_ROUTED
60601,2,mathstral,never,4,0,0,MATH/Llama,MATH/Gemma,60601,118,7,True,True,True,False,False,baseline,,mathstral,never,NOT_ROUTED
60601,2,mathstral,never,4,0,0,MATH/Llama,MATH/Gemma,60601,120,0,False,False,False,False,False,baseline,,mathstral,never,NOT_ROUTED
60601,2,mathstral,never,4,0,0,MATH/Llama,MATH/Gemma,60601,120,1,False,False,False,False,False,baseline,,mathstral,never,NOT_ROUTED
60601,2,mathstral,never,4,0,0,MATH/Llama,MATH/Gemma,60601,120,2,False,False,False,False,False,baseline,,mathstral,never,NOT_ROUTED
60601,2,mathstral,never,4,0,0,MATH/Llama,MATH/Gemma,60601,120,3,False,False,False,False,False,baseline,,mathstral,never,NOT_ROUTED
60601,2,mathstral,never,4,0,0,MATH/Llama,MATH/Gemma,60601,120,4,False,False,False,False,False,baseline,,mathstral,never,NOT_ROUTED
60601,2,mathstral,never,4,0,0,MATH/Llama,MATH/Gemma,60601,120,5,False,False,False,False,False,baseline,,mathstral,never,NOT_ROUTED
60601,2,mathstral,never,4,0,0,MATH/Llama,MATH/Gemma,60601,120,6,False,False,False,False,False,baseline,,mathstral,never,NOT_ROUTED
60601,2,mathstral,never,4,0,0,MATH/Llama,MATH/Gemma,60601,120,7,False,False,False,False,False,baseline,,mathstral,never,NOT_ROUTED
60601,2,mathstral,never,4,0,0,MATH/Llama,MATH/Gemma,60601,121,0,False,False,False,False,False,baseline,,mathstral,never,NOT_ROUTED
60601,2,mathstral,never,4,0,0,MATH/Llama,MATH/Gemma,60601,121,1,False,False,False,False,False,baseline,,mathstral,never,NOT_ROUTED
60601,2,mathstral,never,4,0,0,MATH/Llama,MATH/Gemma,60601,121,2,False,False,False,False,False,baseline,,mathstral,never,NOT_ROUTED
60601,2,mathstral,never,4,0,0,MATH/Llama,MATH/Gemma,60601,121,3,False,False,False,False,False,baseline,,mathstral,never,NOT_ROUTED
60601,2,mathstral,never,4,0,0,MATH/Llama,MATH/Gemma,60601,121,4,False,False,False,False,False,baseline,,mathstral,never,NOT_ROUTED
60601,2,mathstral,never,4,0,0,MATH/Llama,MATH/Gemma,60601,121,5,False,False,False,False,False,baseline,,mathstral,never,NOT_ROUTED
60601,2,mathstral,never,4,0,0,MATH/Llama,MATH/Gemma,60601,121,6,False,False,False,False,False,baseline,,mathstral,never,NOT_ROUTED
60601,2,mathstral,never,4,0,0,MATH/Llama,MATH/Gemma,60601,121,7,False,False,False,False,False,baseline,,mathstral,never,NOT_ROUTED
60601,2,mathstral,never,4,0,0,MATH/Llama,MATH/Gemma,60601,122,0,False,False,False,False,False,baseline,,mathstral,never,NOT_ROUTED
60601,2,mathstral,never,4,0,0,MATH/Llama,MATH/Gemma,60601,122,1,False,False,False,False,False,baseline,,mathstral,never,NOT_ROUTED
60601,2,mathstral,never,4,0,0,MATH/Llama,MATH/Gemma,60601,122,2,False,False,False,False,False,baseline,,mathstral,never,NOT_ROUTED
60601,2,mathstral,never,4,0,0,MATH/Llama,MATH/Gemma,60601,122,3,False,False,False,False,False,baseline,,mathstral,never,NOT_ROUTED
60601,2,mathstral,never,4,0,0,MATH/Llama,MATH/Gemma,60601,122,4,False,False,False,False,False,baseline,,mathstral,never,NOT_ROUTED
60601,2,mathstral,never,4,0,0,MATH/Llama,MATH/Gemma,60601,122,5,False,False,False,False,False,baseline,,mathstral,never,NOT_ROUTED
60601,2,mathstral,never,4,0,0,MATH/Llama,MATH/Gemma,60601,122,6,False,False,False,False,False,baseline,,mathstral,never,NOT_ROUTED
60601,2,mathstral,never,4,0,0,MATH/Llama,MATH/Gemma,60601,122,7,False,False,False,False,False,baseline,,mathstral,never,NOT_ROUTED
60601,2,mathstral,never,4,0,0,MATH/Llama,MATH/Gemma,60601,123,0,False,False,False,False,False,baseline,,mathstral,never,NOT_ROUTED
60601,2,mathstral,never,4,0,0,MATH/Llama,MATH/Gemma,60601,123,1,False,False,False,False,False,baseline,,mathstral,never,NOT_ROUTED
60601,2,mathstral,never,4,0,0,MATH/Llama,MATH/Gemma,60601,123,2,False,False,False,False,False,baseline,,mathstral,never,NOT_ROUTED
60601,2,mathstral,never,4,0,0,MATH/Llama,MATH/Gemma,60601,123,3,False,False,False,False,False,baseline,,mathstral,never,NOT_ROUTED
60601,2,mathstral,never,4,0,0,MATH/Llama,MATH/Gemma,60601,123,4,False,False,False,False,False,baseline,,mathstral,never,NOT_ROUTED
60601,2,mathstral,never,4,0,0,MATH/Llama,MATH/Gemma,60601,123,5,False,False,False,False,False,baseline,,mathstral,never,NOT_ROUTED
60601,2,mathstral,never,4,0,0,MATH/Llama,MATH/Gemma,60601,123,6,False,False,False,False,False,baseline,,mathstral,never,NOT_ROUTED
60601,2,mathstral,never,4,0,0,MATH/Llama,MATH/Gemma,60601,123,7,False,False,False,False,False,baseline,,mathstral,never,NOT_ROUTED
60601,2,mathstral,never,4,0,0,MATH/Llama,MATH/Gemma,60601,124,0,False,False,False,False,False,baseline,,mathstral,never,NOT_ROUTED
60601,2,mathstral,never,4,0,0,MATH/Llama,MATH/Gemma,60601,124,1,False,False,False,False,False,baseline,,mathstral,never,NOT_ROUTED
60601,2,mathstral,never,4,0,0,MATH/Llama,MATH/Gemma,60601,124,2,False,False,False,False,False,baseline,,mathstral,never,NOT_ROUTED
60601,2,mathstral,never,4,0,0,MATH/Llama,MATH/Gemma,60601,124,3,False,False,False,False,False,baseline,,mathstral,never,NOT_ROUTED
60601,2,mathstral,never,4,0,0,MATH/Llama,MATH/Gemma,60601,124,4,False,False,False,False,False,baseline,,mathstral,never,NOT_ROUTED
60601,2,mathstral,never,4,0,0,MATH/Llama,MATH/Gemma,60601,124,5,False,False,False,False,False,baseline,,mathstral,never,NOT_ROUTED
60601,2,mathstral,never,4,0,0,MATH/Llama,MATH/Gemma,60601,124,6,False,False,False,False,False,baseline,,mathstral,never,NOT_ROUTED
60601,2,mathstral,never,4,0,0,MATH/Llama,MATH/Gemma,60601,124,7,False,False,False,False,False,baseline,,mathstral,never,NOT_ROUTED
60601,2,mathstral,never,4,0,0,MATH/Llama,MATH/Gemma,60601,126,0,False,False,False,False,False,baseline,,mathstral,never,NOT_ROUTED
60601,2,mathstral,never,4,0,0,MATH/Llama,MATH/Gemma,60601,126,1,False,False,False,False,False,baseline,,mathstral,never,NOT_ROUTED
60601,2,mathstral,never,4,0,0,MATH/Llama,MATH/Gemma,60601,126,2,False,False,False,False,False,baseline,,mathstral,never,NOT_ROUTED
60601,2,mathstral,never,4,0,0,MATH/Llama,MATH/Gemma,60601,126,3,False,False,False,False,False,baseline,,mathstral,never,NOT_ROUTED
60601,2,mathstral,never,4,0,0,MATH/Llama,MATH/Gemma,60601,126,4,False,False,False,False,False,baseline,,mathstral,never,NOT_ROUTED
60601,2,mathstral,never,4,0,0,MATH/Llama,MATH/Gemma,60601,126,5,False,False,False,False,False,baseline,,mathstral,never,NOT_ROUTED
60601,2,mathstral,never,4,0,0,MATH/Llama,MATH/Gemma,60601,126,6,False,False,False,False,False,baseline,,mathstral,never,NOT_ROUTED
60601,2,mathstral,never,4,0,0,MATH/Llama,MATH/Gemma,60601,126,7,False,False,False,False,False,baseline,,mathstral,never,NOT_ROUTED
60601,2,mathstral,never,4,0,0,MATH/Llama,MATH/Gemma,60601,127,0,False,False,False,False,False,baseline,,mathstral,never,NOT_ROUTED
60601,2,mathstral,never,4,0,0,MATH/Llama,MATH/Gemma,60601,127,1,False,False,False,False,False,baseline,,mathstral,never,NOT_ROUTED
60601,2,mathstral,never,4,0,0,MATH/Llama,MATH/Gemma,60601,127,2,False,False,False,False,False,baseline,,mathstral,never,NOT_ROUTED
60601,2,mathstral,never,4,0,0,MATH/Llama,MATH/Gemma,60601,127,3,False,False,False,False,False,baseline,,mathstral,never,NOT_ROUTED
60601,2,mathstral,never,4,0,0,MATH/Llama,MATH/Gemma,60601,127,4,False,False,False,False,False,baseline,,mathstral,never,NOT_ROUTED
60601,2,mathstral,never,4,0,0,MATH/Llama,MATH/Gemma,60601,127,5,False,False,False,False,False,baseline,,mathstral,never,NOT_ROUTED
60601,2,mathstral,never,4,0,0,MATH/Llama,MATH/Gemma,60601,127,6,False,False,False,False,False,baseline,,mathstral,never,NOT_ROUTED
60601,2,mathstral,never,4,0,0,MATH/Llama,MATH/Gemma,60601,127,7,False,False,False,False,False,baseline,,mathstral,never,NOT_ROUTED
60601,5,mathstral,never,4,0,0,MATH/Llama,MATH/Gemma,60601,0,0,False,False,False,False,False,baseline,,mathstral,never,NOT_ROUTED
60601,5,mathstral,never,4,0,0,MATH/Llama,MATH/Gemma,60601,0,1,False,False,False,False,False,baseline,,mathstral,never,NOT_ROUTED
60601,5,mathstral,never,4,0,0,MATH/Llama,MATH/Gemma,60601,0,2,False,False,False,False,False,baseline,,mathstral,never,NOT_ROUTED
60601,5,mathstral,never,4,0,0,MATH/Llama,MATH/Gemma,60601,0,3,False,False,False,False,False,baseline,,mathstral,never,NOT_ROUTED
60601,5,mathstral,never,4,0,0,MATH/Llama,MATH/Gemma,60601,0,4,False,False,False,False,False,baseline,,mathstral,never,NOT_ROUTED
60601,5,mathstral,never,4,0,0,MATH/Llama,MATH/Gemma,60601,0,5,False,False,False,False,False,baseline,,mathstral,never,NOT_ROUTED
60601,5,mathstral,never,4,0,0,MATH/Llama,MATH/Gemma,60601,0,6,False,False,False,False,False,baseline,,mathstral,never,NOT_ROUTED
60601,5,mathstral,never,4,0,0,MATH/Llama,MATH/Gemma,60601,0,7,False,False,False,False,False,baseline,,mathstral,never,NOT_ROUTED
60601,5,mathstral,never,4,0,0,MATH/Llama,MATH/Gemma,60601,1,0,True,True,True,False,False,baseline,,mathstral,never,NOT_ROUTED
60601,5,mathstral,never,4,0,0,MATH/Llama,MATH/Gemma,60601,1,1,False,False,False,False,False,baseline,,mathstral,never,NOT_ROUTED
60601,5,mathstral,never,4,0,0,MATH/Llama,MATH/Gemma,60601,1,2,False,False,False,False,False,baseline,,mathstral,never,NOT_ROUTED
60601,5,mathstral,never,4,0,0,MATH/Llama,MATH/Gemma,60601,1,3,False,False,False,False,False,baseline,,mathstral,never,NOT_ROUTED
60601,5,mathstral,never,4,0,0,MATH/Llama,MATH/Gemma,60601,1,4,False,False,False,False,False,baseline,,mathstral,never,NOT_ROUTED
60601,5,mathstral,never,4,0,0,MATH/Llama,MATH/Gemma,60601,1,5,False,False,False,False,False,baseline,,mathstral,never,NOT_ROUTED
60601,5,mathstral,never,4,0,0,MATH/Llama,MATH/Gemma,60601,1,6,False,False,False,False,False,baseline,,mathstral,never,NOT_ROUTED
60601,5,mathstral,never,4,0,0,MATH/Llama,MATH/Gemma,60601,1,7,False,False,False,False,False,baseline,,mathstral,never,NOT_ROUTED
60601,5,mathstral,never,4,0,0,MATH/Llama,MATH/Gemma,60601,2,0,True,True,True,False,False,baseline,,mathstral,never,NOT_ROUTED
60601,5,mathstral,never,4,0,0,MATH/Llama,MATH/Gemma,60601,2,1,True,True,True,False,False,baseline,,mathstral,never,NOT_ROUTED
60601,5,mathstral,never,4,0,0,MATH/Llama,MATH/Gemma,60601,2,2,True,True,True,False,False,baseline,,mathstral,never,NOT_ROUTED
60601,5,mathstral,never,4,0,0,MATH/Llama,MATH/Gemma,60601,2,3,True,True,True,False,False,baseline,,mathstral,never,NOT_ROUTED
60601,5,mathstral,never,4,0,0,MATH/Llama,MATH/Gemma,60601,2,4,True,True,True,False,False,baseline,,mathstral,never,NOT_ROUTED
60601,5,mathstral,never,4,0,0,MATH/Llama,MATH/Gemma,60601,2,5,True,True,True,False,False,baseline,,mathstral,never,NOT_ROUTED
60601,5,mathstral,never,4,0,0,MATH/Llama,MATH/Gemma,60601,2,6,True,True,True,False,False,baseline,,mathstral,never,NOT_ROUTED
60601,5,mathstral,never,4,0,0,MATH/Llama,MATH/Gemma,60601,2,7,True,True,True,False,False,baseline,,mathstral,never,NOT_ROUTED
60601,5,mathstral,never,4,0,0,MATH/Llama,MATH/Gemma,60601,3,0,True,True,True,False,False,baseline,,mathstral,never,NOT_ROUTED
60601,5,mathstral,never,4,0,0,MATH/Llama,MATH/Gemma,60601,3,1,True,True,True,False,False,baseline,,mathstral,never,NOT_ROUTED
60601,5,mathstral,never,4,0,0,MATH/Llama,MATH/Gemma,60601,3,2,True,True,True,False,False,baseline,,mathstral,never,NOT_ROUTED
60601,5,mathstral,never,4,0,0,MATH/Llama,MATH/Gemma,60601,3,3,True,True,True,False,False,baseline,,mathstral,never,NOT_ROUTED
60601,5,mathstral,never,4,0,0,MATH/Llama,MATH/Gemma,60601,3,4,True,True,True,False,False,baseline,,mathstral,never,NOT_ROUTED
60601,5,mathstral,never,4,0,0,MATH/Llama,MATH/Gemma,60601,3,5,True,True,True,False,False,baseline,,mathstral,never,NOT_ROUTED
60601,5,mathstral,never,4,0,0,MATH/Llama,MATH/Gemma,60601,3,6,True,True,True,False,False,baseline,,mathstral,never,NOT_ROUTED
60601,5,mathstral,never,4,0,0,MATH/Llama,MATH/Gemma,60601,3,7,True,True,True,False,False,baseline,,mathstral,never,NOT_ROUTED
60601,5,mathstral,never,4,0,0,MATH/Llama,MATH/Gemma,60601,4,0,True,True,True,False,False,baseline,,mathstral,never,NOT_ROUTED
60601,5,mathstral,never,4,0,0,MATH/Llama,MATH/Gemma,60601,4,1,True,True,True,False,False,baseline,,mathstral,never,NOT_ROUTED
60601,5,mathstral,never,4,0,0,MATH/Llama,MATH/Gemma,60601,4,2,True,True,True,False,False,baseline,,mathstral,never,NOT_ROUTED
60601,5,mathstral,never,4,0,0,MATH/Llama,MATH/Gemma,60601,4,3,True,True,True,False,False,baseline,,mathstral,never,NOT_ROUTED
60601,5,mathstral,never,4,0,0,MATH/Llama,MATH/Gemma,60601,4,4,True,True,True,False,False,baseline,,mathstral,never,NOT_ROUTED
60601,5,mathstral,never,4,0,0,MATH/Llama,MATH/Gemma,60601,4,5,True,True,True,False,False,baseline,,mathstral,never,NOT_ROUTED
60601,5,mathstral,never,4,0,0,MATH/Llama,MATH/Gemma,60601,4,6,True,True,True,False,False,baseline,,mathstral,never,NOT_ROUTED
60601,5,mathstral,never,4,0,0,MATH/Llama,MATH/Gemma,60601,4,7,True,True,True,False,False,baseline,,mathstral,never,NOT_ROUTED
60601,5,mathstral,never,4,0,0,MATH/Llama,MATH/Gemma,60601,5,0,True,True,True,False,False,baseline,,mathstral,never,NOT_ROUTED
60601,5,mathstral,never,4,0,0,MATH/Llama,MATH/Gemma,60601,5,1,True,True,True,False,False,baseline,,mathstral,never,NOT_ROUTED
60601,5,mathstral,never,4,0,0,MATH/Llama,MATH/Gemma,60601,5,2,True,True,True,False,False,baseline,,mathstral,never,NOT_ROUTED
60601,5,mathstral,never,4,0,0,MATH/Llama,MATH/Gemma,60601,5,3,False,False,False,False,False,baseline,,mathstral,never,NOT_ROUTED
60601,5,mathstral,never,4,0,0,MATH/Llama,MATH/Gemma,60601,5,4,True,True,True,False,False,baseline,,mathstral,never,NOT_ROUTED
60601,5,mathstral,never,4,0,0,MATH/Llama,MATH/Gemma,60601,5,5,True,True,True,False,False,baseline,,mathstral,never,NOT_ROUTED
60601,5,mathstral,never,4,0,0,MATH/Llama,MATH/Gemma,60601,5,6,False,False,False,False,False,baseline,,mathstral,never,NOT_ROUTED
60601,5,mathstral,never,4,0,0,MATH/Llama,MATH/Gemma,60601,5,7,True,True,True,False,False,baseline,,mathstral,never,NOT_ROUTED
60601,5,mathstral,never,4,0,0,MATH/Llama,MATH/Gemma,60601,7,0,True,True,True,False,False,baseline,,mathstral,never,NOT_ROUTED
60601,5,mathstral,never,4,0,0,MATH/Llama,MATH/Gemma,60601,7,1,True,True,True,False,False,baseline,,mathstral,never,NOT_ROUTED
60601,5,mathstral,never,4,0,0,MATH/Llama,MATH/Gemma,60601,7,2,True,True,True,False,False,baseline,,mathstral,never,NOT_ROUTED
60601,5,mathstral,never,4,0,0,MATH/Llama,MATH/Gemma,60601,7,3,True,True,True,False,False,baseline,,mathstral,never,NOT_ROUTED
60601,5,mathstral,never,4,0,0,MATH/Llama,MATH/Gemma,60601,7,4,True,True,True,False,False,baseline,,mathstral,never,NOT_ROUTED
60601,5,mathstral,never,4,0,0,MATH/Llama,MATH/Gemma,60601,7,5,True,True,True,False,False,baseline,,mathstral,never,NOT_ROUTED
60601,5,mathstral,never,4,0,0,MATH/Llama,MATH/Gemma,60601,7,6,True,True,True,False,False,baseline,,mathstral,never,NOT_ROUTED
60601,5,mathstral,never,4,0,0,MATH/Llama,MATH/Gemma,60601,7,7,True,True,True,False,False,baseline,,mathstral,never,NOT_ROUTED
60601,5,mathstral,never,4,0,0,MATH/Llama,MATH/Gemma,60601,8,0,True,True,True,False,False,baseline,,mathstral,never,NOT_ROUTED
60601,5,mathstral,never,4,0,0,MATH/Llama,MATH/Gemma,60601,8,1,True,True,True,False,False,baseline,,mathstral,never,NOT_ROUTED
60601,5,mathstral,never,4,0,0,MATH/Llama,MATH/Gemma,60601,8,2,True,True,True,False,False,baseline,,mathstral,never,NOT_ROUTED
60601,5,mathstral,never,4,0,0,MATH/Llama,MATH/Gemma,60601,8,3,True,True,True,False,False,baseline,,mathstral,never,NOT_ROUTED
60601,5,mathstral,never,4,0,0,MATH/Llama,MATH/Gemma,60601,8,4,True,True,True,False,False,baseline,,mathstral,never,NOT_ROUTED
60601,5,mathstral,never,4,0,0,MATH/Llama,MATH/Gemma,60601,8,5,True,True,True,False,False,baseline,,mathstral,never,NOT_ROUTED
60601,5,mathstral,never,4,0,0,MATH/Llama,MATH/Gemma,60601,8,6,True,True,True,False,False,baseline,,mathstral,never,NOT_ROUTED
60601,5,mathstral,never,4,0,0,MATH/Llama,MATH/Gemma,60601,8,7,True,True,True,False,False,baseline,,mathstral,never,NOT_ROUTED
60601,5,mathstral,never,4,0,0,MATH/Llama,MATH/Gemma,60601,9,0,True,True,True,False,False,baseline,,mathstral,never,NOT_ROUTED
60601,5,mathstral,never,4,0,0,MATH/Llama,MATH/Gemma,60601,9,1,True,True,True,False,False,baseline,,mathstral,never,NOT_ROUTED
60601,5,mathstral,never,4,0,0,MATH/Llama,MATH/Gemma,60601,9,2,True,True,True,False,False,baseline,,mathstral,never,NOT_ROUTED
60601,5,mathstral,never,4,0,0,MATH/Llama,MATH/Gemma,60601,9,3,True,True,True,False,False,baseline,,mathstral,never,NOT_ROUTED
60601,5,mathstral,never,4,0,0,MATH/Llama,MATH/Gemma,60601,9,4,True,True,True,False,False,baseline,,mathstral,never,NOT_ROUTED
60601,5,mathstral,never,4,0,0,MATH/Llama,MATH/Gemma,60601,9,5,True,True,True,False,False,baseline,,mathstral,never,NOT_ROUTED
60601,5,mathstral,never,4,0,0,MATH/Llama,MATH/Gemma,60601,9,6,True,True,True,False,False,baseline,,mathstral,never,NOT_ROUTED
60601,5,mathstral,never,4,0,0,MATH/Llama,MATH/Gemma,60601,9,7,True,True,True,False,False,baseline,,mathstral,never,NOT_ROUTED
60601,5,mathstral,never,4,0,0,MATH/Llama,MATH/Gemma,60601,10,0,True,True,True,False,False,baseline,,mathstral,never,NOT_ROUTED
60601,5,mathstral,never,4,0,0,MATH/Llama,MATH/Gemma,60601,10,1,True,True,True,False,False,baseline,,mathstral,never,NOT_ROUTED
60601,5,mathstral,never,4,0,0,MATH/Llama,MATH/Gemma,60601,10,2,True,True,True,False,False,baseline,,mathstral,never,NOT_ROUTED
60601,5,mathstral,never,4,0,0,MATH/Llama,MATH/Gemma,60601,10,3,True,True,True,False,False,baseline,,mathstral,never,NOT_ROUTED
60601,5,mathstral,never,4,0,0,MATH/Llama,MATH/Gemma,60601,10,4,True,True,True,False,False,baseline,,mathstral,never,NOT_ROUTED
60601,5,mathstral,never,4,0,0,MATH/Llama,MATH/Gemma,60601,10,5,True,True,True,False,False,baseline,,mathstral,never,NOT_ROUTED
60601,5,mathstral,never,4,0,0,MATH/Llama,MATH/Gemma,60601,10,6,True,True,True,False,False,baseline,,mathstral,never,NOT_ROUTED
60601,5,mathstral,never,4,0,0,MATH/Llama,MATH/Gemma,60601,10,7,True,True,True,False,False,baseline,,mathstral,never,NOT_ROUTED
60601,5,mathstral,never,4,0,0,MATH/Llama,MATH/Gemma,60601,12,0,True,True,True,False,False,baseline,,mathstral,never,NOT_ROUTED
60601,5,mathstral,never,4,0,0,MATH/Llama,MATH/Gemma,60601,12,1,True,True,True,False,False,baseline,,mathstral,never,NOT_ROUTED
60601,5,mathstral,never,4,0,0,MATH/Llama,MATH/Gemma,60601,12,2,True,True,True,False,False,baseline,,mathstral,never,NOT_ROUTED
60601,5,mathstral,never,4,0,0,MATH/Llama,MATH/Gemma,60601,12,3,True,True,True,False,False,baseline,,mathstral,never,NOT_ROUTED
60601,5,mathstral,never,4,0,0,MATH/Llama,MATH/Gemma,60601,12,4,True,True,True,False,False,baseline,,mathstral,never,NOT_ROUTED
60601,5,mathstral,never,4,0,0,MATH/Llama,MATH/Gemma,60601,12,5,True,True,True,False,False,baseline,,mathstral,never,NOT_ROUTED
60601,5,mathstral,never,4,0,0,MATH/Llama,MATH/Gemma,60601,12,6,True,True,True,False,False,baseline,,mathstral,never,NOT_ROUTED
60601,5,mathstral,never,4,0,0,MATH/Llama,MATH/Gemma,60601,12,7,True,True,True,False,False,baseline,,mathstral,never,NOT_ROUTED
60601,5,mathstral,never,4,0,0,MATH/Llama,MATH/Gemma,60601,15,0,False,False,False,False,False,baseline,,mathstral,never,NOT_ROUTED
60601,5,mathstral,never,4,0,0,MATH/Llama,MATH/Gemma,60601,15,1,False,False,False,False,False,baseline,,mathstral,never,NOT_ROUTED
60601,5,mathstral,never,4,0,0,MATH/Llama,MATH/Gemma,60601,15,2,False,False,False,False,False,baseline,,mathstral,never,NOT_ROUTED
60601,5,mathstral,never,4,0,0,MATH/Llama,MATH/Gemma,60601,15,3,False,False,False,False,False,baseline,,mathstral,never,NOT_ROUTED
60601,5,mathstral,never,4,0,0,MATH/Llama,MATH/Gemma,60601,15,4,False,False,False,False,False,baseline,,mathstral,never,NOT_ROUTED
60601,5,mathstral,never,4,0,0,MATH/Llama,MATH/Gemma,60601,15,5,False,False,False,False,False,baseline,,mathstral,never,NOT_ROUTED
60601,5,mathstral,never,4,0,0,MATH/Llama,MATH/Gemma,60601,15,6,False,False,False,False,False,baseline,,mathstral,never,NOT_ROUTED
60601,5,mathstral,never,4,0,0,MATH/Llama,MATH/Gemma,60601,15,7,False,False,False,False,False,baseline,,mathstral,never,NOT_ROUTED
60601,5,mathstral,never,4,0,0,MATH/Llama,MATH/Gemma,60601,17,0,False,False,False,False,False,baseline,,mathstral,never,NOT_ROUTED
60601,5,mathstral,never,4,0,0,MATH/Llama,MATH/Gemma,60601,17,1,False,False,False,False,False,baseline,,mathstral,never,NOT_ROUTED
60601,5,mathstral,never,4,0,0,MATH/Llama,MATH/Gemma,60601,17,2,False,False,False,False,False,baseline,,mathstral,never,NOT_ROUTED
60601,5,mathstral,never,4,0,0,MATH/Llama,MATH/Gemma,60601,17,3,False,False,False,False,False,baseline,,mathstral,never,NOT_ROUTED
60601,5,mathstral,never,4,0,0,MATH/Llama,MATH/Gemma,60601,17,4,False,False,False,False,False,baseline,,mathstral,never,NOT_ROUTED
60601,5,mathstral,never,4,0,0,MATH/Llama,MATH/Gemma,60601,17,5,False,False,False,False,False,baseline,,mathstral,never,NOT_ROUTED
60601,5,mathstral,never,4,0,0,MATH/Llama,MATH/Gemma,60601,17,6,False,False,False,False,False,baseline,,mathstral,never,NOT_ROUTED
60601,5,mathstral,never,4,0,0,MATH/Llama,MATH/Gemma,60601,17,7,False,False,False,False,False,baseline,,mathstral,never,NOT_ROUTED
60601,5,mathstral,never,4,0,0,MATH/Llama,MATH/Gemma,60601,18,0,False,False,False,False,False,baseline,,mathstral,never,NOT_ROUTED
60601,5,mathstral,never,4,0,0,MATH/Llama,MATH/Gemma,60601,18,1,False,False,False,False,False,baseline,,mathstral,never,NOT_ROUTED
60601,5,mathstral,never,4,0,0,MATH/Llama,MATH/Gemma,60601,18,2,False,False,False,False,False,baseline,,mathstral,never,NOT_ROUTED
60601,5,mathstral,never,4,0,0,MATH/Llama,MATH/Gemma,60601,18,3,False,False,False,False,False,baseline,,mathstral,never,NOT_ROUTED
60601,5,mathstral,never,4,0,0,MATH/Llama,MATH/Gemma,60601,18,4,False,False,False,False,False,baseline,,mathstral,never,NOT_ROUTED
60601,5,mathstral,never,4,0,0,MATH/Llama,MATH/Gemma,60601,18,5,False,False,False,False,False,baseline,,mathstral,never,NOT_ROUTED
60601,5,mathstral,never,4,0,0,MATH/Llama,MATH/Gemma,60601,18,6,False,False,False,False,False,baseline,,mathstral,never,NOT_ROUTED
60601,5,mathstral,never,4,0,0,MATH/Llama,MATH/Gemma,60601,18,7,False,False,False,False,False,baseline,,mathstral,never,NOT_ROUTED
60601,5,mathstral,never,4,0,0,MATH/Llama,MATH/Gemma,60601,19,0,True,True,True,False,False,baseline,,mathstral,never,NOT_ROUTED
60601,5,mathstral,never,4,0,0,MATH/Llama,MATH/Gemma,60601,19,1,True,True,True,False,False,baseline,,mathstral,never,NOT_ROUTED
60601,5,mathstral,never,4,0,0,MATH/Llama,MATH/Gemma,60601,19,2,True,True,True,False,False,baseline,,mathstral,never,NOT_ROUTED
60601,5,mathstral,never,4,0,0,MATH/Llama,MATH/Gemma,60601,19,3,True,True,True,False,False,baseline,,mathstral,never,NOT_ROUTED
60601,5,mathstral,never,4,0,0,MATH/Llama,MATH/Gemma,60601,19,4,True,True,True,False,False,baseline,,mathstral,never,NOT_ROUTED
60601,5,mathstral,never,4,0,0,MATH/Llama,MATH/Gemma,60601,19,5,True,True,True,False,False,baseline,,mathstral,never,NOT_ROUTED
60601,5,mathstral,never,4,0,0,MATH/Llama,MATH/Gemma,60601,19,6,True,True,True,False,False,baseline,,mathstral,never,NOT_ROUTED
60601,5,mathstral,never,4,0,0,MATH/Llama,MATH/Gemma,60601,19,7,True,True,True,False,False,baseline,,mathstral,never,NOT_ROUTED
60601,5,mathstral,never,4,0,0,MATH/Llama,MATH/Gemma,60601,20,0,False,False,False,False,False,baseline,,mathstral,never,NOT_ROUTED
60601,5,mathstral,never,4,0,0,MATH/Llama,MATH/Gemma,60601,20,1,False,False,False,False,False,baseline,,mathstral,never,NOT_ROUTED
60601,5,mathstral,never,4,0,0,MATH/Llama,MATH/Gemma,60601,20,2,True,True,True,False,False,baseline,,mathstral,never,NOT_ROUTED
60601,5,mathstral,never,4,0,0,MATH/Llama,MATH/Gemma,60601,20,3,False,False,False,False,False,baseline,,mathstral,never,NOT_ROUTED
60601,5,mathstral,never,4,0,0,MATH/Llama,MATH/Gemma,60601,20,4,True,True,True,False,False,baseline,,mathstral,never,NOT_ROUTED
60601,5,mathstral,never,4,0,0,MATH/Llama,MATH/Gemma,60601,20,5,False,False,False,False,False,baseline,,mathstral,never,NOT_ROUTED
60601,5,mathstral,never,4,0,0,MATH/Llama,MATH/Gemma,60601,20,6,False,False,False,False,False,baseline,,mathstral,never,NOT_ROUTED
60601,5,mathstral,never,4,0,0,MATH/Llama,MATH/Gemma,60601,20,7,False,False,False,False,False,baseline,,mathstral,never,NOT_ROUTED
60601,5,mathstral,never,4,0,0,MATH/Llama,MATH/Gemma,60601,21,0,True,True,True,False,False,baseline,,mathstral,never,NOT_ROUTED
60601,5,mathstral,never,4,0,0,MATH/Llama,MATH/Gemma,60601,21,1,True,True,True,False,False,baseline,,mathstral,never,NOT_ROUTED
60601,5,mathstral,never,4,0,0,MATH/Llama,MATH/Gemma,60601,21,2,True,True,True,False,False,baseline,,mathstral,never,NOT_ROUTED
60601,5,mathstral,never,4,0,0,MATH/Llama,MATH/Gemma,60601,21,3,True,True,True,False,False,baseline,,mathstral,never,NOT_ROUTED
60601,5,mathstral,never,4,0,0,MATH/Llama,MATH/Gemma,60601,21,4,True,True,True,False,False,baseline,,mathstral,never,NOT_ROUTED
60601,5,mathstral,never,4,0,0,MATH/Llama,MATH/Gemma,60601,21,5,True,True,True,False,False,baseline,,mathstral,never,NOT_ROUTED
60601,5,mathstral,never,4,0,0,MATH/Llama,MATH/Gemma,60601,21,6,True,True,True,False,False,baseline,,mathstral,never,NOT_ROUTED
60601,5,mathstral,never,4,0,0,MATH/Llama,MATH/Gemma,60601,21,7,True,True,True,False,False,baseline,,mathstral,never,NOT_ROUTED
60601,5,mathstral,never,4,0,0,MATH/Llama,MATH/Gemma,60601,22,0,True,True,True,False,False,baseline,,mathstral,never,NOT_ROUTED
60601,5,mathstral,never,4,0,0,MATH/Llama,MATH/Gemma,60601,22,1,True,True,True,False,False,baseline,,mathstral,never,NOT_ROUTED
60601,5,mathstral,never,4,0,0,MATH/Llama,MATH/Gemma,60601,22,2,True,True,True,False,False,baseline,,mathstral,never,NOT_ROUTED
60601,5,mathstral,never,4,0,0,MATH/Llama,MATH/Gemma,60601,22,3,True,True,True,False,False,baseline,,mathstral,never,NOT_ROUTED
60601,5,mathstral,never,4,0,0,MATH/Llama,MATH/Gemma,60601,22,4,True,True,True,False,False,baseline,,mathstral,never,NOT_ROUTED
60601,5,mathstral,never,4,0,0,MATH/Llama,MATH/Gemma,60601,22,5,True,True,True,False,False,baseline,,mathstral,never,NOT_ROUTED
60601,5,mathstral,never,4,0,0,MATH/Llama,MATH/Gemma,60601,22,6,True,True,True,False,False,baseline,,mathstral,never,NOT_ROUTED
60601,5,mathstral,never,4,0,0,MATH/Llama,MATH/Gemma,60601,22,7,True,True,True,False,False,baseline,,mathstral,never,NOT_ROUTED
60601,5,mathstral,never,4,0,0,MATH/Llama,MATH/Gemma,60601,23,0,True,True,True,False,False,baseline,,mathstral,never,NOT_ROUTED
60601,5,mathstral,never,4,0,0,MATH/Llama,MATH/Gemma,60601,23,1,False,False,False,False,False,baseline,,mathstral,never,NOT_ROUTED
60601,5,mathstral,never,4,0,0,MATH/Llama,MATH/Gemma,60601,23,2,True,True,True,False,False,baseline,,mathstral,never,NOT_ROUTED
60601,5,mathstral,never,4,0,0,MATH/Llama,MATH/Gemma,60601,23,3,True,True,True,False,False,baseline,,mathstral,never,NOT_ROUTED
60601,5,mathstral,never,4,0,0,MATH/Llama,MATH/Gemma,60601,23,4,True,True,True,False,False,baseline,,mathstral,never,NOT_ROUTED
60601,5,mathstral,never,4,0,0,MATH/Llama,MATH/Gemma,60601,23,5,True,True,True,False,False,baseline,,mathstral,never,NOT_ROUTED
60601,5,mathstral,never,4,0,0,MATH/Llama,MATH/Gemma,60601,23,6,True,True,True,False,False,baseline,,mathstral,never,NOT_ROUTED
60601,5,mathstral,never,4,0,0,MATH/Llama,MATH/Gemma,60601,23,7,True,True,True,False,False,baseline,,mathstral,never,NOT_ROUTED
60601,5,mathstral,never,4,0,0,MATH/Llama,MATH/Gemma,60601,25,0,True,True,True,False,False,baseline,,mathstral,never,NOT_ROUTED
60601,5,mathstral,never,4,0,0,MATH/Llama,MATH/Gemma,60601,25,1,True,True,True,False,False,baseline,,mathstral,never,NOT_ROUTED
60601,5,mathstral,never,4,0,0,MATH/Llama,MATH/Gemma,60601,25,2,True,True,True,False,False,baseline,,mathstral,never,NOT_ROUTED
60601,5,mathstral,never,4,0,0,MATH/Llama,MATH/Gemma,60601,25,3,True,True,True,False,False,baseline,,mathstral,never,NOT_ROUTED
60601,5,mathstral,never,4,0,0,MATH/Llama,MATH/Gemma,60601,25,4,True,True,True,False,False,baseline,,mathstral,never,NOT_ROUTED
60601,5,mathstral,never,4,0,0,MATH/Llama,MATH/Gemma,60601,25,5,True,True,True,False,False,baseline,,mathstral,never,NOT_ROUTED
60601,5,mathstral,never,4,0,0,MATH/Llama,MATH/Gemma,60601,25,6,True,True,True,False,False,baseline,,mathstral,never,NOT_ROUTED
60601,5,mathstral,never,4,0,0,MATH/Llama,MATH/Gemma,60601,25,7,True,True,True,False,False,baseline,,mathstral,never,NOT_ROUTED
60601,5,mathstral,never,4,0,0,MATH/Llama,MATH/Gemma,60601,27,0,True,True,True,False,False,baseline,,mathstral,never,NOT_ROUTED
60601,5,mathstral,never,4,0,0,MATH/Llama,MATH/Gemma,60601,27,1,True,True,True,False,False,baseline,,mathstral,never,NOT_ROUTED
60601,5,mathstral,never,4,0,0,MATH/Llama,MATH/Gemma,60601,27,2,True,True,True,False,False,baseline,,mathstral,never,NOT_ROUTED
60601,5,mathstral,never,4,0,0,MATH/Llama,MATH/Gemma,60601,27,3,True,True,True,False,False,baseline,,mathstral,never,NOT_ROUTED
60601,5,mathstral,never,4,0,0,MATH/Llama,MATH/Gemma,60601,27,4,True,True,True,False,False,baseline,,mathstral,never,NOT_ROUTED
60601,5,mathstral,never,4,0,0,MATH/Llama,MATH/Gemma,60601,27,5,True,True,True,False,False,baseline,,mathstral,never,NOT_ROUTED
60601,5,mathstral,never,4,0,0,MATH/Llama,MATH/Gemma,60601,27,6,True,True,True,False,False,baseline,,mathstral,never,NOT_ROUTED
60601,5,mathstral,never,4,0,0,MATH/Llama,MATH/Gemma,60601,27,7,True,True,True,False,False,baseline,,mathstral,never,NOT_ROUTED
60601,5,mathstral,never,4,0,0,MATH/Llama,MATH/Gemma,60601,29,0,True,True,True,False,False,baseline,,mathstral,never,NOT_ROUTED
60601,5,mathstral,never,4,0,0,MATH/Llama,MATH/Gemma,60601,29,1,True,True,True,False,False,baseline,,mathstral,never,NOT_ROUTED
60601,5,mathstral,never,4,0,0,MATH/Llama,MATH/Gemma,60601,29,2,True,True,True,False,False,baseline,,mathstral,never,NOT_ROUTED
60601,5,mathstral,never,4,0,0,MATH/Llama,MATH/Gemma,60601,29,3,True,True,True,False,False,baseline,,mathstral,never,NOT_ROUTED
60601,5,mathstral,never,4,0,0,MATH/Llama,MATH/Gemma,60601,29,4,True,True,True,False,False,baseline,,mathstral,never,NOT_ROUTED
60601,5,mathstral,never,4,0,0,MATH/Llama,MATH/Gemma,60601,29,5,True,True,True,False,False,baseline,,mathstral,never,NOT_ROUTED
60601,5,mathstral,never,4,0,0,MATH/Llama,MATH/Gemma,60601,29,6,True,True,True,False,False,baseline,,mathstral,never,NOT_ROUTED
60601,5,mathstral,never,4,0,0,MATH/Llama,MATH/Gemma,60601,29,7,True,True,True,False,False,baseline,,mathstral,never,NOT_ROUTED
60601,5,mathstral,never,4,0,0,MATH/Llama,MATH/Gemma,60601,30,0,True,True,True,False,False,baseline,,mathstral,never,NOT_ROUTED
60601,5,mathstral,never,4,0,0,MATH/Llama,MATH/Gemma,60601,30,1,True,True,True,False,False,baseline,,mathstral,never,NOT_ROUTED
60601,5,mathstral,never,4,0,0,MATH/Llama,MATH/Gemma,60601,30,2,True,True,True,False,False,baseline,,mathstral,never,NOT_ROUTED
60601,5,mathstral,never,4,0,0,MATH/Llama,MATH/Gemma,60601,30,3,True,True,True,False,False,baseline,,mathstral,never,NOT_ROUTED
60601,5,mathstral,never,4,0,0,MATH/Llama,MATH/Gemma,60601,30,4,True,True,True,False,False,baseline,,mathstral,never,NOT_ROUTED
60601,5,mathstral,never,4,0,0,MATH/Llama,MATH/Gemma,60601,30,5,True,True,True,False,False,baseline,,mathstral,never,NOT_ROUTED
60601,5,mathstral,never,4,0,0,MATH/Llama,MATH/Gemma,60601,30,6,True,True,True,False,False,baseline,,mathstral,never,NOT_ROUTED
60601,5,mathstral,never,4,0,0,MATH/Llama,MATH/Gemma,60601,30,7,True,True,True,False,False,baseline,,mathstral,never,NOT_ROUTED
60601,5,mathstral,never,4,0,0,MATH/Llama,MATH/Gemma,60601,31,0,False,False,False,False,False,baseline,,mathstral,never,NOT_ROUTED
60601,5,mathstral,never,4,0,0,MATH/Llama,MATH/Gemma,60601,31,1,False,False,False,False,False,baseline,,mathstral,never,NOT_ROUTED
60601,5,mathstral,never,4,0,0,MATH/Llama,MATH/Gemma,60601,31,2,False,False,False,False,False,baseline,,mathstral,never,NOT_ROUTED
60601,5,mathstral,never,4,0,0,MATH/Llama,MATH/Gemma,60601,31,3,False,False,False,False,False,baseline,,mathstral,never,NOT_ROUTED
60601,5,mathstral,never,4,0,0,MATH/Llama,MATH/Gemma,60601,31,4,False,False,False,False,False,baseline,,mathstral,never,NOT_ROUTED
60601,5,mathstral,never,4,0,0,MATH/Llama,MATH/Gemma,60601,31,5,False,False,False,False,False,baseline,,mathstral,never,NOT_ROUTED
60601,5,mathstral,never,4,0,0,MATH/Llama,MATH/Gemma,60601,31,6,False,False,False,False,False,baseline,,mathstral,never,NOT_ROUTED
60601,5,mathstral,never,4,0,0,MATH/Llama,MATH/Gemma,60601,31,7,False,False,False,False,False,baseline,,mathstral,never,NOT_ROUTED
60601,5,mathstral,never,4,0,0,MATH/Llama,MATH/Gemma,60601,33,0,False,False,False,False,False,baseline,,mathstral,never,NOT_ROUTED
60601,5,mathstral,never,4,0,0,MATH/Llama,MATH/Gemma,60601,33,1,False,False,False,False,False,baseline,,mathstral,never,NOT_ROUTED
60601,5,mathstral,never,4,0,0,MATH/Llama,MATH/Gemma,60601,33,2,False,False,False,False,False,baseline,,mathstral,never,NOT_ROUTED
60601,5,mathstral,never,4,0,0,MATH/Llama,MATH/Gemma,60601,33,3,False,False,False,False,False,baseline,,mathstral,never,NOT_ROUTED
60601,5,mathstral,never,4,0,0,MATH/Llama,MATH/Gemma,60601,33,4,False,False,False,False,False,baseline,,mathstral,never,NOT_ROUTED
60601,5,mathstral,never,4,0,0,MATH/Llama,MATH/Gemma,60601,33,5,False,False,False,False,False,baseline,,mathstral,never,NOT_ROUTED
60601,5,mathstral,never,4,0,0,MATH/Llama,MATH/Gemma,60601,33,6,False,False,False,False,False,baseline,,mathstral,never,NOT_ROUTED
60601,5,mathstral,never,4,0,0,MATH/Llama,MATH/Gemma,60601,33,7,False,False,False,False,False,baseline,,mathstral,never,NOT_ROUTED
60601,5,mathstral,never,4,0,0,MATH/Llama,MATH/Gemma,60601,36,0,False,False,False,False,False,baseline,,mathstral,never,NOT_ROUTED
60601,5,mathstral,never,4,0,0,MATH/Llama,MATH/Gemma,60601,36,1,False,False,False,False,False,baseline,,mathstral,never,NOT_ROUTED
60601,5,mathstral,never,4,0,0,MATH/Llama,MATH/Gemma,60601,36,2,False,False,False,False,False,baseline,,mathstral,never,NOT_ROUTED
60601,5,mathstral,never,4,0,0,MATH/Llama,MATH/Gemma,60601,36,3,False,False,False,False,False,baseline,,mathstral,never,NOT_ROUTED
60601,5,mathstral,never,4,0,0,MATH/Llama,MATH/Gemma,60601,36,4,False,False,False,False,False,baseline,,mathstral,never,NOT_ROUTED
60601,5,mathstral,never,4,0,0,MATH/Llama,MATH/Gemma,60601,36,5,False,False,False,False,False,baseline,,mathstral,never,NOT_ROUTED
60601,5,mathstral,never,4,0,0,MATH/Llama,MATH/Gemma,60601,36,6,False,False,False,False,False,baseline,,mathstral,never,NOT_ROUTED
60601,5,mathstral,never,4,0,0,MATH/Llama,MATH/Gemma,60601,36,7,False,False,False,False,False,baseline,,mathstral,never,NOT_ROUTED
60601,5,mathstral,never,4,0,0,MATH/Llama,MATH/Gemma,60601,37,0,True,True,True,False,False,baseline,,mathstral,never,NOT_ROUTED
60601,5,mathstral,never,4,0,0,MATH/Llama,MATH/Gemma,60601,37,1,True,True,True,False,False,baseline,,mathstral,never,NOT_ROUTED
60601,5,mathstral,never,4,0,0,MATH/Llama,MATH/Gemma,60601,37,2,True,True,True,False,False,baseline,,mathstral,never,NOT_ROUTED
60601,5,mathstral,never,4,0,0,MATH/Llama,MATH/Gemma,60601,37,3,True,True,True,False,False,baseline,,mathstral,never,NOT_ROUTED
60601,5,mathstral,never,4,0,0,MATH/Llama,MATH/Gemma,60601,37,4,True,True,True,False,False,baseline,,mathstral,never,NOT_ROUTED
60601,5,mathstral,never,4,0,0,MATH/Llama,MATH/Gemma,60601,37,5,True,True,True,False,False,baseline,,mathstral,never,NOT_ROUTED
60601,5,mathstral,never,4,0,0,MATH/Llama,MATH/Gemma,60601,37,6,True,True,True,False,False,baseline,,mathstral,never,NOT_ROUTED
60601,5,mathstral,never,4,0,0,MATH/Llama,MATH/Gemma,60601,37,7,True,True,True,False,False,baseline,,mathstral,never,NOT_ROUTED
60601,5,mathstral,never,4,0,0,MATH/Llama,MATH/Gemma,60601,38,0,True,True,True,False,False,baseline,,mathstral,never,NOT_ROUTED
60601,5,mathstral,never,4,0,0,MATH/Llama,MATH/Gemma,60601,38,1,True,True,True,False,False,baseline,,mathstral,never,NOT_ROUTED
60601,5,mathstral,never,4,0,0,MATH/Llama,MATH/Gemma,60601,38,2,True,True,True,False,False,baseline,,mathstral,never,NOT_ROUTED
60601,5,mathstral,never,4,0,0,MATH/Llama,MATH/Gemma,60601,38,3,True,True,True,False,False,baseline,,mathstral,never,NOT_ROUTED
60601,5,mathstral,never,4,0,0,MATH/Llama,MATH/Gemma,60601,38,4,True,True,True,False,False,baseline,,mathstral,never,NOT_ROUTED
60601,5,mathstral,never,4,0,0,MATH/Llama,MATH/Gemma,60601,38,5,True,True,True,False,False,baseline,,mathstral,never,NOT_ROUTED
60601,5,mathstral,never,4,0,0,MATH/Llama,MATH/Gemma,60601,38,6,True,True,True,False,False,baseline,,mathstral,never,NOT_ROUTED
60601,5,mathstral,never,4,0,0,MATH/Llama,MATH/Gemma,60601,38,7,True,True,True,False,False,baseline,,mathstral,never,NOT_ROUTED
60601,5,mathstral,never,4,0,0,MATH/Llama,MATH/Gemma,60601,43,0,True,True,True,False,False,baseline,,mathstral,never,NOT_ROUTED
60601,5,mathstral,never,4,0,0,MATH/Llama,MATH/Gemma,60601,43,1,True,True,True,False,False,baseline,,mathstral,never,NOT_ROUTED
60601,5,mathstral,never,4,0,0,MATH/Llama,MATH/Gemma,60601,43,2,True,True,True,False,False,baseline,,mathstral,never,NOT_ROUTED
60601,5,mathstral,never,4,0,0,MATH/Llama,MATH/Gemma,60601,43,3,True,True,True,False,False,baseline,,mathstral,never,NOT_ROUTED
60601,5,mathstral,never,4,0,0,MATH/Llama,MATH/Gemma,60601,43,4,True,True,True,False,False,baseline,,mathstral,never,NOT_ROUTED
60601,5,mathstral,never,4,0,0,MATH/Llama,MATH/Gemma,60601,43,5,True,True,True,False,False,baseline,,mathstral,never,NOT_ROUTED
60601,5,mathstral,never,4,0,0,MATH/Llama,MATH/Gemma,60601,43,6,True,True,True,False,False,baseline,,mathstral,never,NOT_ROUTED
60601,5,mathstral,never,4,0,0,MATH/Llama,MATH/Gemma,60601,43,7,True,True,True,False,False,baseline,,mathstral,never,NOT_ROUTED
60601,5,mathstral,never,4,0,0,MATH/Llama,MATH/Gemma,60601,47,0,True,True,True,False,False,baseline,,mathstral,never,NOT_ROUTED
60601,5,mathstral,never,4,0,0,MATH/Llama,MATH/Gemma,60601,47,1,True,True,True,False,False,baseline,,mathstral,never,NOT_ROUTED
60601,5,mathstral,never,4,0,0,MATH/Llama,MATH/Gemma,60601,47,2,True,True,True,False,False,baseline,,mathstral,never,NOT_ROUTED
60601,5,mathstral,never,4,0,0,MATH/Llama,MATH/Gemma,60601,47,3,True,True,True,False,False,baseline,,mathstral,never,NOT_ROUTED
60601,5,mathstral,never,4,0,0,MATH/Llama,MATH/Gemma,60601,47,4,False,False,False,False,False,baseline,,mathstral,never,NOT_ROUTED
60601,5,mathstral,never,4,0,0,MATH/Llama,MATH/Gemma,60601,47,5,True,True,True,False,False,baseline,,mathstral,never,NOT_ROUTED
60601,5,mathstral,never,4,0,0,MATH/Llama,MATH/Gemma,60601,47,6,True,True,True,False,False,baseline,,mathstral,never,NOT_ROUTED
60601,5,mathstral,never,4,0,0,MATH/Llama,MATH/Gemma,60601,47,7,False,False,False,False,False,baseline,,mathstral,never,NOT_ROUTED
60601,5,mathstral,never,4,0,0,MATH/Llama,MATH/Gemma,60601,48,0,False,False,False,False,False,baseline,,mathstral,never,NOT_ROUTED
60601,5,mathstral,never,4,0,0,MATH/Llama,MATH/Gemma,60601,48,1,False,False,False,False,False,baseline,,mathstral,never,NOT_ROUTED
60601,5,mathstral,never,4,0,0,MATH/Llama,MATH/Gemma,60601,48,2,True,True,True,False,False,baseline,,mathstral,never,NOT_ROUTED
60601,5,mathstral,never,4,0,0,MATH/Llama,MATH/Gemma,60601,48,3,False,False,False,False,False,baseline,,mathstral,never,NOT_ROUTED
60601,5,mathstral,never,4,0,0,MATH/Llama,MATH/Gemma,60601,48,4,True,True,True,False,False,baseline,,mathstral,never,NOT_ROUTED
60601,5,mathstral,never,4,0,0,MATH/Llama,MATH/Gemma,60601,48,5,True,True,True,False,False,baseline,,mathstral,never,NOT_ROUTED
60601,5,mathstral,never,4,0,0,MATH/Llama,MATH/Gemma,60601,48,6,False,False,False,False,False,baseline,,mathstral,never,NOT_ROUTED
60601,5,mathstral,never,4,0,0,MATH/Llama,MATH/Gemma,60601,48,7,False,False,False,False,False,baseline,,mathstral,never,NOT_ROUTED
60601,5,mathstral,never,4,0,0,MATH/Llama,MATH/Gemma,60601,49,0,False,False,False,False,False,baseline,,mathstral,never,NOT_ROUTED
60601,5,mathstral,never,4,0,0,MATH/Llama,MATH/Gemma,60601,49,1,False,False,False,False,False,baseline,,mathstral,never,NOT_ROUTED
60601,5,mathstral,never,4,0,0,MATH/Llama,MATH/Gemma,60601,49,2,False,False,False,False,False,baseline,,mathstral,never,NOT_ROUTED
60601,5,mathstral,never,4,0,0,MATH/Llama,MATH/Gemma,60601,49,3,False,False,False,False,False,baseline,,mathstral,never,NOT_ROUTED
60601,5,mathstral,never,4,0,0,MATH/Llama,MATH/Gemma,60601,49,4,False,False,False,False,False,baseline,,mathstral,never,NOT_ROUTED
60601,5,mathstral,never,4,0,0,MATH/Llama,MATH/Gemma,60601,49,5,False,False,False,False,False,baseline,,mathstral,never,NOT_ROUTED
60601,5,mathstral,never,4,0,0,MATH/Llama,MATH/Gemma,60601,49,6,False,False,False,False,False,baseline,,mathstral,never,NOT_ROUTED
60601,5,mathstral,never,4,0,0,MATH/Llama,MATH/Gemma,60601,49,7,False,False,False,False,False,baseline,,mathstral,never,NOT_ROUTED
60601,5,mathstral,never,4,0,0,MATH/Llama,MATH/Gemma,60601,53,0,False,False,False,False,False,baseline,,mathstral,never,NOT_ROUTED
60601,5,mathstral,never,4,0,0,MATH/Llama,MATH/Gemma,60601,53,1,False,False,False,False,False,baseline,,mathstral,never,NOT_ROUTED
60601,5,mathstral,never,4,0,0,MATH/Llama,MATH/Gemma,60601,53,2,False,False,False,False,False,baseline,,mathstral,never,NOT_ROUTED
60601,5,mathstral,never,4,0,0,MATH/Llama,MATH/Gemma,60601,53,3,False,False,False,False,False,baseline,,mathstral,never,NOT_ROUTED
60601,5,mathstral,never,4,0,0,MATH/Llama,MATH/Gemma,60601,53,4,False,False,False,False,False,baseline,,mathstral,never,NOT_ROUTED
60601,5,mathstral,never,4,0,0,MATH/Llama,MATH/Gemma,60601,53,5,False,False,False,False,False,baseline,,mathstral,never,NOT_ROUTED
60601,5,mathstral,never,4,0,0,MATH/Llama,MATH/Gemma,60601,53,6,False,False,False,False,False,baseline,,mathstral,never,NOT_ROUTED
60601,5,mathstral,never,4,0,0,MATH/Llama,MATH/Gemma,60601,53,7,False,False,False,False,False,baseline,,mathstral,never,NOT_ROUTED
60601,5,mathstral,never,4,0,0,MATH/Llama,MATH/Gemma,60601,54,0,False,False,False,False,False,baseline,,mathstral,never,NOT_ROUTED
60601,5,mathstral,never,4,0,0,MATH/Llama,MATH/Gemma,60601,54,1,True,True,True,False,False,baseline,,mathstral,never,NOT_ROUTED
60601,5,mathstral,never,4,0,0,MATH/Llama,MATH/Gemma,60601,54,2,True,True,True,False,False,baseline,,mathstral,never,NOT_ROUTED
60601,5,mathstral,never,4,0,0,MATH/Llama,MATH/Gemma,60601,54,3,False,False,False,False,False,baseline,,mathstral,never,NOT_ROUTED
60601,5,mathstral,never,4,0,0,MATH/Llama,MATH/Gemma,60601,54,4,True,True,True,False,False,baseline,,mathstral,never,NOT_ROUTED
60601,5,mathstral,never,4,0,0,MATH/Llama,MATH/Gemma,60601,54,5,False,False,False,False,False,baseline,,mathstral,never,NOT_ROUTED
60601,5,mathstral,never,4,0,0,MATH/Llama,MATH/Gemma,60601,54,6,True,True,True,False,False,baseline,,mathstral,never,NOT_ROUTED
60601,5,mathstral,never,4,0,0,MATH/Llama,MATH/Gemma,60601,54,7,False,False,False,False,False,baseline,,mathstral,never,NOT_ROUTED
60601,5,mathstral,never,4,0,0,MATH/Llama,MATH/Gemma,60601,55,0,False,False,False,False,False,baseline,,mathstral,never,NOT_ROUTED
60601,5,mathstral,never,4,0,0,MATH/Llama,MATH/Gemma,60601,55,1,False,False,False,False,False,baseline,,mathstral,never,NOT_ROUTED
60601,5,mathstral,never,4,0,0,MATH/Llama,MATH/Gemma,60601,55,2,False,False,False,False,False,baseline,,mathstral,never,NOT_ROUTED
60601,5,mathstral,never,4,0,0,MATH/Llama,MATH/Gemma,60601,55,3,False,False,False,False,False,baseline,,mathstral,never,NOT_ROUTED
60601,5,mathstral,never,4,0,0,MATH/Llama,MATH/Gemma,60601,55,4,False,False,False,False,False,baseline,,mathstral,never,NOT_ROUTED
60601,5,mathstral,never,4,0,0,MATH/Llama,MATH/Gemma,60601,55,5,False,False,False,False,False,baseline,,mathstral,never,NOT_ROUTED
60601,5,mathstral,never,4,0,0,MATH/Llama,MATH/Gemma,60601,55,6,False,False,False,False,False,baseline,,mathstral,never,NOT_ROUTED
60601,5,mathstral,never,4,0,0,MATH/Llama,MATH/Gemma,60601,55,7,False,False,False,False,False,baseline,,mathstral,never,NOT_ROUTED
60601,5,mathstral,never,4,0,0,MATH/Llama,MATH/Gemma,60601,56,0,False,False,False,False,False,baseline,,mathstral,never,NOT_ROUTED
60601,5,mathstral,never,4,0,0,MATH/Llama,MATH/Gemma,60601,56,1,False,False,False,False,False,baseline,,mathstral,never,NOT_ROUTED
60601,5,mathstral,never,4,0,0,MATH/Llama,MATH/Gemma,60601,56,2,False,False,False,False,False,baseline,,mathstral,never,NOT_ROUTED
60601,5,mathstral,never,4,0,0,MATH/Llama,MATH/Gemma,60601,56,3,False,False,False,False,False,baseline,,mathstral,never,NOT_ROUTED
60601,5,mathstral,never,4,0,0,MATH/Llama,MATH/Gemma,60601,56,4,False,False,False,False,False,baseline,,mathstral,never,NOT_ROUTED
60601,5,mathstral,never,4,0,0,MATH/Llama,MATH/Gemma,60601,56,5,False,False,False,False,False,baseline,,mathstral,never,NOT_ROUTED
60601,5,mathstral,never,4,0,0,MATH/Llama,MATH/Gemma,60601,56,6,False,False,False,False,False,baseline,,mathstral,never,NOT_ROUTED
60601,5,mathstral,never,4,0,0,MATH/Llama,MATH/Gemma,60601,56,7,False,False,False,False,False,baseline,,mathstral,never,NOT_ROUTED
60601,5,mathstral,never,4,0,0,MATH/Llama,MATH/Gemma,60601,57,0,False,False,False,False,False,baseline,,mathstral,never,NOT_ROUTED
60601,5,mathstral,never,4,0,0,MATH/Llama,MATH/Gemma,60601,57,1,False,False,False,False,False,baseline,,mathstral,never,NOT_ROUTED
60601,5,mathstral,never,4,0,0,MATH/Llama,MATH/Gemma,60601,57,2,False,False,False,False,False,baseline,,mathstral,never,NOT_ROUTED
60601,5,mathstral,never,4,0,0,MATH/Llama,MATH/Gemma,60601,57,3,False,False,False,False,False,baseline,,mathstral,never,NOT_ROUTED
60601,5,mathstral,never,4,0,0,MATH/Llama,MATH/Gemma,60601,57,4,False,False,False,False,False,baseline,,mathstral,never,NOT_ROUTED
60601,5,mathstral,never,4,0,0,MATH/Llama,MATH/Gemma,60601,57,5,False,False,False,False,False,baseline,,mathstral,never,NOT_ROUTED
60601,5,mathstral,never,4,0,0,MATH/Llama,MATH/Gemma,60601,57,6,False,False,False,False,False,baseline,,mathstral,never,NOT_ROUTED
60601,5,mathstral,never,4,0,0,MATH/Llama,MATH/Gemma,60601,57,7,False,False,False,False,False,baseline,,mathstral,never,NOT_ROUTED
60601,5,mathstral,never,4,0,0,MATH/Llama,MATH/Gemma,60601,58,0,True,True,True,False,False,baseline,,mathstral,never,NOT_ROUTED
60601,5,mathstral,never,4,0,0,MATH/Llama,MATH/Gemma,60601,58,1,True,True,True,False,False,baseline,,mathstral,never,NOT_ROUTED
60601,5,mathstral,never,4,0,0,MATH/Llama,MATH/Gemma,60601,58,2,True,True,True,False,False,baseline,,mathstral,never,NOT_ROUTED
60601,5,mathstral,never,4,0,0,MATH/Llama,MATH/Gemma,60601,58,3,True,True,True,False,False,baseline,,mathstral,never,NOT_ROUTED
60601,5,mathstral,never,4,0,0,MATH/Llama,MATH/Gemma,60601,58,4,True,True,True,False,False,baseline,,mathstral,never,NOT_ROUTED
60601,5,mathstral,never,4,0,0,MATH/Llama,MATH/Gemma,60601,58,5,True,True,True,False,False,baseline,,mathstral,never,NOT_ROUTED
60601,5,mathstral,never,4,0,0,MATH/Llama,MATH/Gemma,60601,58,6,True,True,True,False,False,baseline,,mathstral,never,NOT_ROUTED
60601,5,mathstral,never,4,0,0,MATH/Llama,MATH/Gemma,60601,58,7,True,True,True,False,False,baseline,,mathstral,never,NOT_ROUTED
60601,5,mathstral,never,4,0,0,MATH/Llama,MATH/Gemma,60601,59,0,False,False,False,False,False,baseline,,mathstral,never,NOT_ROUTED
60601,5,mathstral,never,4,0,0,MATH/Llama,MATH/Gemma,60601,59,1,False,False,False,False,False,baseline,,mathstral,never,NOT_ROUTED
60601,5,mathstral,never,4,0,0,MATH/Llama,MATH/Gemma,60601,59,2,False,False,False,False,False,baseline,,mathstral,never,NOT_ROUTED
60601,5,mathstral,never,4,0,0,MATH/Llama,MATH/Gemma,60601,59,3,False,False,False,False,False,baseline,,mathstral,never,NOT_ROUTED
60601,5,mathstral,never,4,0,0,MATH/Llama,MATH/Gemma,60601,59,4,False,False,False,False,False,baseline,,mathstral,never,NOT_ROUTED
60601,5,mathstral,never,4,0,0,MATH/Llama,MATH/Gemma,60601,59,5,False,False,False,False,False,baseline,,mathstral,never,NOT_ROUTED
60601,5,mathstral,never,4,0,0,MATH/Llama,MATH/Gemma,60601,59,6,False,False,False,False,False,baseline,,mathstral,never,NOT_ROUTED
60601,5,mathstral,never,4,0,0,MATH/Llama,MATH/Gemma,60601,59,7,False,False,False,False,False,baseline,,mathstral,never,NOT_ROUTED
60601,5,mathstral,never,4,0,0,MATH/Llama,MATH/Gemma,60601,60,0,False,False,False,False,False,baseline,,mathstral,never,NOT_ROUTED
60601,5,mathstral,never,4,0,0,MATH/Llama,MATH/Gemma,60601,60,1,False,False,False,False,False,baseline,,mathstral,never,NOT_ROUTED
60601,5,mathstral,never,4,0,0,MATH/Llama,MATH/Gemma,60601,60,2,False,False,False,False,False,baseline,,mathstral,never,NOT_ROUTED
60601,5,mathstral,never,4,0,0,MATH/Llama,MATH/Gemma,60601,60,3,False,False,False,False,False,baseline,,mathstral,never,NOT_ROUTED
60601,5,mathstral,never,4,0,0,MATH/Llama,MATH/Gemma,60601,60,4,False,False,False,False,False,baseline,,mathstral,never,NOT_ROUTED
60601,5,mathstral,never,4,0,0,MATH/Llama,MATH/Gemma,60601,60,5,False,False,False,False,False,baseline,,mathstral,never,NOT_ROUTED
60601,5,mathstral,never,4,0,0,MATH/Llama,MATH/Gemma,60601,60,6,False,False,False,False,False,baseline,,mathstral,never,NOT_ROUTED
60601,5,mathstral,never,4,0,0,MATH/Llama,MATH/Gemma,60601,60,7,False,False,False,False,False,baseline,,mathstral,never,NOT_ROUTED
60601,5,mathstral,never,4,0,0,MATH/Llama,MATH/Gemma,60601,61,0,False,False,False,False,False,baseline,,mathstral,never,NOT_ROUTED
60601,5,mathstral,never,4,0,0,MATH/Llama,MATH/Gemma,60601,61,1,False,False,False,False,False,baseline,,mathstral,never,NOT_ROUTED
60601,5,mathstral,never,4,0,0,MATH/Llama,MATH/Gemma,60601,61,2,False,False,False,False,False,baseline,,mathstral,never,NOT_ROUTED
60601,5,mathstral,never,4,0,0,MATH/Llama,MATH/Gemma,60601,61,3,False,False,False,False,False,baseline,,mathstral,never,NOT_ROUTED
60601,5,mathstral,never,4,0,0,MATH/Llama,MATH/Gemma,60601,61,4,False,False,False,False,False,baseline,,mathstral,never,NOT_ROUTED
60601,5,mathstral,never,4,0,0,MATH/Llama,MATH/Gemma,60601,61,5,False,False,False,False,False,baseline,,mathstral,never,NOT_ROUTED
60601,5,mathstral,never,4,0,0,MATH/Llama,MATH/Gemma,60601,61,6,False,False,False,False,False,baseline,,mathstral,never,NOT_ROUTED
60601,5,mathstral,never,4,0,0,MATH/Llama,MATH/Gemma,60601,61,7,False,False,False,False,False,baseline,,mathstral,never,NOT_ROUTED
60601,5,mathstral,never,4,0,0,MATH/Llama,MATH/Gemma,60601,64,0,True,True,True,False,False,baseline,,mathstral,never,NOT_ROUTED
60601,5,mathstral,never,4,0,0,MATH/Llama,MATH/Gemma,60601,64,1,True,True,True,False,False,baseline,,mathstral,never,NOT_ROUTED
60601,5,mathstral,never,4,0,0,MATH/Llama,MATH/Gemma,60601,64,2,True,True,True,False,False,baseline,,mathstral,never,NOT_ROUTED
60601,5,mathstral,never,4,0,0,MATH/Llama,MATH/Gemma,60601,64,3,True,True,True,False,False,baseline,,mathstral,never,NOT_ROUTED
60601,5,mathstral,never,4,0,0,MATH/Llama,MATH/Gemma,60601,64,4,True,True,True,False,False,baseline,,mathstral,never,NOT_ROUTED
60601,5,mathstral,never,4,0,0,MATH/Llama,MATH/Gemma,60601,64,5,True,True,True,False,False,baseline,,mathstral,never,NOT_ROUTED
60601,5,mathstral,never,4,0,0,MATH/Llama,MATH/Gemma,60601,64,6,True,True,True,False,False,baseline,,mathstral,never,NOT_ROUTED
60601,5,mathstral,never,4,0,0,MATH/Llama,MATH/Gemma,60601,64,7,True,True,True,False,False,baseline,,mathstral,never,NOT_ROUTED
60601,5,mathstral,never,4,0,0,MATH/Llama,MATH/Gemma,60601,65,0,False,False,False,False,False,baseline,,mathstral,never,NOT_ROUTED
60601,5,mathstral,never,4,0,0,MATH/Llama,MATH/Gemma,60601,65,1,False,False,False,False,False,baseline,,mathstral,never,NOT_ROUTED
60601,5,mathstral,never,4,0,0,MATH/Llama,MATH/Gemma,60601,65,2,False,False,False,False,False,baseline,,mathstral,never,NOT_ROUTED
60601,5,mathstral,never,4,0,0,MATH/Llama,MATH/Gemma,60601,65,3,False,False,False,False,False,baseline,,mathstral,never,NOT_ROUTED
60601,5,mathstral,never,4,0,0,MATH/Llama,MATH/Gemma,60601,65,4,False,False,False,False,False,baseline,,mathstral,never,NOT_ROUTED
60601,5,mathstral,never,4,0,0,MATH/Llama,MATH/Gemma,60601,65,5,False,False,False,False,False,baseline,,mathstral,never,NOT_ROUTED
60601,5,mathstral,never,4,0,0,MATH/Llama,MATH/Gemma,60601,65,6,False,False,False,False,False,baseline,,mathstral,never,NOT_ROUTED
60601,5,mathstral,never,4,0,0,MATH/Llama,MATH/Gemma,60601,65,7,False,False,False,False,False,baseline,,mathstral,never,NOT_ROUTED
60601,5,mathstral,never,4,0,0,MATH/Llama,MATH/Gemma,60601,66,0,False,False,False,False,False,baseline,,mathstral,never,NOT_ROUTED
60601,5,mathstral,never,4,0,0,MATH/Llama,MATH/Gemma,60601,66,1,False,False,False,False,False,baseline,,mathstral,never,NOT_ROUTED
60601,5,mathstral,never,4,0,0,MATH/Llama,MATH/Gemma,60601,66,2,False,False,False,False,False,baseline,,mathstral,never,NOT_ROUTED
60601,5,mathstral,never,4,0,0,MATH/Llama,MATH/Gemma,60601,66,3,False,False,False,False,False,baseline,,mathstral,never,NOT_ROUTED
60601,5,mathstral,never,4,0,0,MATH/Llama,MATH/Gemma,60601,66,4,False,False,False,False,False,baseline,,mathstral,never,NOT_ROUTED
60601,5,mathstral,never,4,0,0,MATH/Llama,MATH/Gemma,60601,66,5,False,False,False,False,False,baseline,,mathstral,never,NOT_ROUTED
60601,5,mathstral,never,4,0,0,MATH/Llama,MATH/Gemma,60601,66,6,False,False,False,False,False,baseline,,mathstral,never,NOT_ROUTED
60601,5,mathstral,never,4,0,0,MATH/Llama,MATH/Gemma,60601,66,7,False,False,False,False,False,baseline,,mathstral,never,NOT_ROUTED
60601,5,mathstral,never,4,0,0,MATH/Llama,MATH/Gemma,60601,70,0,False,False,False,False,False,baseline,,mathstral,never,NOT_ROUTED
60601,5,mathstral,never,4,0,0,MATH/Llama,MATH/Gemma,60601,70,1,False,False,False,False,False,baseline,,mathstral,never,NOT_ROUTED
60601,5,mathstral,never,4,0,0,MATH/Llama,MATH/Gemma,60601,70,2,False,False,False,False,False,baseline,,mathstral,never,NOT_ROUTED
60601,5,mathstral,never,4,0,0,MATH/Llama,MATH/Gemma,60601,70,3,False,False,False,False,False,baseline,,mathstral,never,NOT_ROUTED
60601,5,mathstral,never,4,0,0,MATH/Llama,MATH/Gemma,60601,70,4,False,False,False,False,False,baseline,,mathstral,never,NOT_ROUTED
60601,5,mathstral,never,4,0,0,MATH/Llama,MATH/Gemma,60601,70,5,False,False,False,False,False,baseline,,mathstral,never,NOT_ROUTED
60601,5,mathstral,never,4,0,0,MATH/Llama,MATH/Gemma,60601,70,6,False,False,False,False,False,baseline,,mathstral,never,NOT_ROUTED
60601,5,mathstral,never,4,0,0,MATH/Llama,MATH/Gemma,60601,70,7,False,False,False,False,False,baseline,,mathstral,never,NOT_ROUTED
60601,5,mathstral,never,4,0,0,MATH/Llama,MATH/Gemma,60601,72,0,False,False,False,False,False,baseline,,mathstral,never,NOT_ROUTED
60601,5,mathstral,never,4,0,0,MATH/Llama,MATH/Gemma,60601,72,1,False,False,False,False,False,baseline,,mathstral,never,NOT_ROUTED
60601,5,mathstral,never,4,0,0,MATH/Llama,MATH/Gemma,60601,72,2,False,False,False,False,False,baseline,,mathstral,never,NOT_ROUTED
60601,5,mathstral,never,4,0,0,MATH/Llama,MATH/Gemma,60601,72,3,False,False,False,False,False,baseline,,mathstral,never,NOT_ROUTED
60601,5,mathstral,never,4,0,0,MATH/Llama,MATH/Gemma,60601,72,4,False,False,False,False,False,baseline,,mathstral,never,NOT_ROUTED
60601,5,mathstral,never,4,0,0,MATH/Llama,MATH/Gemma,60601,72,5,False,False,False,False,False,baseline,,mathstral,never,NOT_ROUTED
60601,5,mathstral,never,4,0,0,MATH/Llama,MATH/Gemma,60601,72,6,False,False,False,False,False,baseline,,mathstral,never,NOT_ROUTED
60601,5,mathstral,never,4,0,0,MATH/Llama,MATH/Gemma,60601,72,7,False,False,False,False,False,baseline,,mathstral,never,NOT_ROUTED
60601,5,mathstral,never,4,0,0,MATH/Llama,MATH/Gemma,60601,75,0,False,False,False,False,False,baseline,,mathstral,never,NOT_ROUTED
60601,5,mathstral,never,4,0,0,MATH/Llama,MATH/Gemma,60601,75,1,False,False,False,False,False,baseline,,mathstral,never,NOT_ROUTED
60601,5,mathstral,never,4,0,0,MATH/Llama,MATH/Gemma,60601,75,2,False,False,False,False,False,baseline,,mathstral,never,NOT_ROUTED
60601,5,mathstral,never,4,0,0,MATH/Llama,MATH/Gemma,60601,75,3,False,False,False,False,False,baseline,,mathstral,never,NOT_ROUTED
60601,5,mathstral,never,4,0,0,MATH/Llama,MATH/Gemma,60601,75,4,False,False,False,False,False,baseline,,mathstral,never,NOT_ROUTED
60601,5,mathstral,never,4,0,0,MATH/Llama,MATH/Gemma,60601,75,5,False,False,False,False,False,baseline,,mathstral,never,NOT_ROUTED
60601,5,mathstral,never,4,0,0,MATH/Llama,MATH/Gemma,60601,75,6,False,False,False,False,False,baseline,,mathstral,never,NOT_ROUTED
60601,5,mathstral,never,4,0,0,MATH/Llama,MATH/Gemma,60601,75,7,False,False,False,False,False,baseline,,mathstral,never,NOT_ROUTED
60601,5,mathstral,never,4,0,0,MATH/Llama,MATH/Gemma,60601,77,0,False,False,False,False,False,baseline,,mathstral,never,NOT_ROUTED
60601,5,mathstral,never,4,0,0,MATH/Llama,MATH/Gemma,60601,77,1,False,False,False,False,False,baseline,,mathstral,never,NOT_ROUTED
60601,5,mathstral,never,4,0,0,MATH/Llama,MATH/Gemma,60601,77,2,False,False,False,False,False,baseline,,mathstral,never,NOT_ROUTED
60601,5,mathstral,never,4,0,0,MATH/Llama,MATH/Gemma,60601,77,3,False,False,False,False,False,baseline,,mathstral,never,NOT_ROUTED
60601,5,mathstral,never,4,0,0,MATH/Llama,MATH/Gemma,60601,77,4,False,False,False,False,False,baseline,,mathstral,never,NOT_ROUTED
60601,5,mathstral,never,4,0,0,MATH/Llama,MATH/Gemma,60601,77,5,False,False,False,False,False,baseline,,mathstral,never,NOT_ROUTED
60601,5,mathstral,never,4,0,0,MATH/Llama,MATH/Gemma,60601,77,6,False,False,False,False,False,baseline,,mathstral,never,NOT_ROUTED
60601,5,mathstral,never,4,0,0,MATH/Llama,MATH/Gemma,60601,77,7,False,False,False,False,False,baseline,,mathstral,never,NOT_ROUTED
60601,5,mathstral,never,4,0,0,MATH/Llama,MATH/Gemma,60601,78,0,False,False,False,False,False,baseline,,mathstral,never,NOT_ROUTED
60601,5,mathstral,never,4,0,0,MATH/Llama,MATH/Gemma,60601,78,1,False,False,False,False,False,baseline,,mathstral,never,NOT_ROUTED
60601,5,mathstral,never,4,0,0,MATH/Llama,MATH/Gemma,60601,78,2,False,False,False,False,False,baseline,,mathstral,never,NOT_ROUTED
60601,5,mathstral,never,4,0,0,MATH/Llama,MATH/Gemma,60601,78,3,False,False,False,False,False,baseline,,mathstral,never,NOT_ROUTED
60601,5,mathstral,never,4,0,0,MATH/Llama,MATH/Gemma,60601,78,4,False,False,False,False,False,baseline,,mathstral,never,NOT_ROUTED
60601,5,mathstral,never,4,0,0,MATH/Llama,MATH/Gemma,60601,78,5,False,False,False,False,False,baseline,,mathstral,never,NOT_ROUTED
60601,5,mathstral,never,4,0,0,MATH/Llama,MATH/Gemma,60601,78,6,False,False,False,False,False,baseline,,mathstral,never,NOT_ROUTED
60601,5,mathstral,never,4,0,0,MATH/Llama,MATH/Gemma,60601,78,7,False,False,False,False,False,baseline,,mathstral,never,NOT_ROUTED
60601,5,mathstral,never,4,0,0,MATH/Llama,MATH/Gemma,60601,81,0,False,False,False,False,False,baseline,,mathstral,never,NOT_ROUTED
60601,5,mathstral,never,4,0,0,MATH/Llama,MATH/Gemma,60601,81,1,False,False,False,False,False,baseline,,mathstral,never,NOT_ROUTED
60601,5,mathstral,never,4,0,0,MATH/Llama,MATH/Gemma,60601,81,2,False,False,False,False,False,baseline,,mathstral,never,NOT_ROUTED
60601,5,mathstral,never,4,0,0,MATH/Llama,MATH/Gemma,60601,81,3,False,False,False,False,False,baseline,,mathstral,never,NOT_ROUTED
60601,5,mathstral,never,4,0,0,MATH/Llama,MATH/Gemma,60601,81,4,False,False,False,False,False,baseline,,mathstral,never,NOT_ROUTED
60601,5,mathstral,never,4,0,0,MATH/Llama,MATH/Gemma,60601,81,5,False,False,False,False,False,baseline,,mathstral,never,NOT_ROUTED
60601,5,mathstral,never,4,0,0,MATH/Llama,MATH/Gemma,60601,81,6,False,False,False,False,False,baseline,,mathstral,never,NOT_ROUTED
60601,5,mathstral,never,4,0,0,MATH/Llama,MATH/Gemma,60601,81,7,False,False,False,False,False,baseline,,mathstral,never,NOT_ROUTED
60601,5,mathstral,never,4,0,0,MATH/Llama,MATH/Gemma,60601,87,0,False,False,False,False,False,baseline,,mathstral,never,NOT_ROUTED
60601,5,mathstral,never,4,0,0,MATH/Llama,MATH/Gemma,60601,87,1,False,False,False,False,False,baseline,,mathstral,never,NOT_ROUTED
60601,5,mathstral,never,4,0,0,MATH/Llama,MATH/Gemma,60601,87,2,False,False,False,False,False,baseline,,mathstral,never,NOT_ROUTED
60601,5,mathstral,never,4,0,0,MATH/Llama,MATH/Gemma,60601,87,3,False,False,False,False,False,baseline,,mathstral,never,NOT_ROUTED
60601,5,mathstral,never,4,0,0,MATH/Llama,MATH/Gemma,60601,87,4,False,False,False,False,False,baseline,,mathstral,never,NOT_ROUTED
60601,5,mathstral,never,4,0,0,MATH/Llama,MATH/Gemma,60601,87,5,False,False,False,False,False,baseline,,mathstral,never,NOT_ROUTED
60601,5,mathstral,never,4,0,0,MATH/Llama,MATH/Gemma,60601,87,6,False,False,False,False,False,baseline,,mathstral,never,NOT_ROUTED
60601,5,mathstral,never,4,0,0,MATH/Llama,MATH/Gemma,60601,87,7,False,False,False,False,False,baseline,,mathstral,never,NOT_ROUTED
60601,5,mathstral,never,4,0,0,MATH/Llama,MATH/Gemma,60601,88,0,False,False,False,False,False,baseline,,mathstral,never,NOT_ROUTED
60601,5,mathstral,never,4,0,0,MATH/Llama,MATH/Gemma,60601,88,1,False,False,False,False,False,baseline,,mathstral,never,NOT_ROUTED
60601,5,mathstral,never,4,0,0,MATH/Llama,MATH/Gemma,60601,88,2,False,False,False,False,False,baseline,,mathstral,never,NOT_ROUTED
60601,5,mathstral,never,4,0,0,MATH/Llama,MATH/Gemma,60601,88,3,False,False,False,False,False,baseline,,mathstral,never,NOT_ROUTED
60601,5,mathstral,never,4,0,0,MATH/Llama,MATH/Gemma,60601,88,4,False,False,False,False,False,baseline,,mathstral,never,NOT_ROUTED
60601,5,mathstral,never,4,0,0,MATH/Llama,MATH/Gemma,60601,88,5,False,False,False,False,False,baseline,,mathstral,never,NOT_ROUTED
60601,5,mathstral,never,4,0,0,MATH/Llama,MATH/Gemma,60601,88,6,False,False,False,False,False,baseline,,mathstral,never,NOT_ROUTED
60601,5,mathstral,never,4,0,0,MATH/Llama,MATH/Gemma,60601,88,7,False,False,False,False,False,baseline,,mathstral,never,NOT_ROUTED
60601,5,mathstral,never,4,0,0,MATH/Llama,MATH/Gemma,60601,89,0,False,False,False,False,False,baseline,,mathstral,never,NOT_ROUTED
60601,5,mathstral,never,4,0,0,MATH/Llama,MATH/Gemma,60601,89,1,False,False,False,False,False,baseline,,mathstral,never,NOT_ROUTED
60601,5,mathstral,never,4,0,0,MATH/Llama,MATH/Gemma,60601,89,2,False,False,False,False,False,baseline,,mathstral,never,NOT_ROUTED
60601,5,mathstral,never,4,0,0,MATH/Llama,MATH/Gemma,60601,89,3,False,False,False,False,False,baseline,,mathstral,never,NOT_ROUTED
60601,5,mathstral,never,4,0,0,MATH/Llama,MATH/Gemma,60601,89,4,False,False,False,False,False,baseline,,mathstral,never,NOT_ROUTED
60601,5,mathstral,never,4,0,0,MATH/Llama,MATH/Gemma,60601,89,5,False,False,False,False,False,baseline,,mathstral,never,NOT_ROUTED
60601,5,mathstral,never,4,0,0,MATH/Llama,MATH/Gemma,60601,89,6,False,False,False,False,False,baseline,,mathstral,never,NOT_ROUTED
60601,5,mathstral,never,4,0,0,MATH/Llama,MATH/Gemma,60601,89,7,False,False,False,False,False,baseline,,mathstral,never,NOT_ROUTED
60601,5,mathstral,never,4,0,0,MATH/Llama,MATH/Gemma,60601,93,0,True,True,True,False,False,baseline,,mathstral,never,NOT_ROUTED
60601,5,mathstral,never,4,0,0,MATH/Llama,MATH/Gemma,60601,93,1,True,True,True,False,False,baseline,,mathstral,never,NOT_ROUTED
60601,5,mathstral,never,4,0,0,MATH/Llama,MATH/Gemma,60601,93,2,True,True,True,False,False,baseline,,mathstral,never,NOT_ROUTED
60601,5,mathstral,never,4,0,0,MATH/Llama,MATH/Gemma,60601,93,3,True,True,True,False,False,baseline,,mathstral,never,NOT_ROUTED
60601,5,mathstral,never,4,0,0,MATH/Llama,MATH/Gemma,60601,93,4,True,True,True,False,False,baseline,,mathstral,never,NOT_ROUTED
60601,5,mathstral,never,4,0,0,MATH/Llama,MATH/Gemma,60601,93,5,True,True,True,False,False,baseline,,mathstral,never,NOT_ROUTED
60601,5,mathstral,never,4,0,0,MATH/Llama,MATH/Gemma,60601,93,6,True,True,True,False,False,baseline,,mathstral,never,NOT_ROUTED
60601,5,mathstral,never,4,0,0,MATH/Llama,MATH/Gemma,60601,93,7,True,True,True,False,False,baseline,,mathstral,never,NOT_ROUTED
60601,5,mathstral,never,4,0,0,MATH/Llama,MATH/Gemma,60601,96,0,True,True,True,False,False,baseline,,mathstral,never,NOT_ROUTED
60601,5,mathstral,never,4,0,0,MATH/Llama,MATH/Gemma,60601,96,1,True,True,True,False,False,baseline,,mathstral,never,NOT_ROUTED
60601,5,mathstral,never,4,0,0,MATH/Llama,MATH/Gemma,60601,96,2,True,True,True,False,False,baseline,,mathstral,never,NOT_ROUTED
60601,5,mathstral,never,4,0,0,MATH/Llama,MATH/Gemma,60601,96,3,True,True,True,False,False,baseline,,mathstral,never,NOT_ROUTED
60601,5,mathstral,never,4,0,0,MATH/Llama,MATH/Gemma,60601,96,4,True,True,True,False,False,baseline,,mathstral,never,NOT_ROUTED
60601,5,mathstral,never,4,0,0,MATH/Llama,MATH/Gemma,60601,96,5,True,True,True,False,False,baseline,,mathstral,never,NOT_ROUTED
60601,5,mathstral,never,4,0,0,MATH/Llama,MATH/Gemma,60601,96,6,True,True,True,False,False,baseline,,mathstral,never,NOT_ROUTED
60601,5,mathstral,never,4,0,0,MATH/Llama,MATH/Gemma,60601,96,7,True,True,True,False,False,baseline,,mathstral,never,NOT_ROUTED
60601,5,mathstral,never,4,0,0,MATH/Llama,MATH/Gemma,60601,98,0,True,True,True,False,False,baseline,,mathstral,never,NOT_ROUTED
60601,5,mathstral,never,4,0,0,MATH/Llama,MATH/Gemma,60601,98,1,True,True,True,False,False,baseline,,mathstral,never,NOT_ROUTED
60601,5,mathstral,never,4,0,0,MATH/Llama,MATH/Gemma,60601,98,2,True,True,True,False,False,baseline,,mathstral,never,NOT_ROUTED
60601,5,mathstral,never,4,0,0,MATH/Llama,MATH/Gemma,60601,98,3,True,True,True,False,False,baseline,,mathstral,never,NOT_ROUTED
60601,5,mathstral,never,4,0,0,MATH/Llama,MATH/Gemma,60601,98,4,False,False,False,False,False,baseline,,mathstral,never,NOT_ROUTED
60601,5,mathstral,never,4,0,0,MATH/Llama,MATH/Gemma,60601,98,5,True,True,True,False,False,baseline,,mathstral,never,NOT_ROUTED
60601,5,mathstral,never,4,0,0,MATH/Llama,MATH/Gemma,60601,98,6,True,True,True,False,False,baseline,,mathstral,never,NOT_ROUTED
60601,5,mathstral,never,4,0,0,MATH/Llama,MATH/Gemma,60601,98,7,True,True,True,False,False,baseline,,mathstral,never,NOT_ROUTED
60601,5,mathstral,never,4,0,0,MATH/Llama,MATH/Gemma,60601,100,0,True,True,True,False,False,baseline,,mathstral,never,NOT_ROUTED
60601,5,mathstral,never,4,0,0,MATH/Llama,MATH/Gemma,60601,100,1,True,True,True,False,False,baseline,,mathstral,never,NOT_ROUTED
60601,5,mathstral,never,4,0,0,MATH/Llama,MATH/Gemma,60601,100,2,True,True,True,False,False,baseline,,mathstral,never,NOT_ROUTED
60601,5,mathstral,never,4,0,0,MATH/Llama,MATH/Gemma,60601,100,3,True,True,True,False,False,baseline,,mathstral,never,NOT_ROUTED
60601,5,mathstral,never,4,0,0,MATH/Llama,MATH/Gemma,60601,100,4,True,True,True,False,False,baseline,,mathstral,never,NOT_ROUTED
60601,5,mathstral,never,4,0,0,MATH/Llama,MATH/Gemma,60601,100,5,True,True,True,False,False,baseline,,mathstral,never,NOT_ROUTED
60601,5,mathstral,never,4,0,0,MATH/Llama,MATH/Gemma,60601,100,6,True,True,True,False,False,baseline,,mathstral,never,NOT_ROUTED
60601,5,mathstral,never,4,0,0,MATH/Llama,MATH/Gemma,60601,100,7,True,True,True,False,False,baseline,,mathstral,never,NOT_ROUTED
60601,5,mathstral,never,4,0,0,MATH/Llama,MATH/Gemma,60601,101,0,True,True,True,False,False,baseline,,mathstral,never,NOT_ROUTED
60601,5,mathstral,never,4,0,0,MATH/Llama,MATH/Gemma,60601,101,1,True,True,True,False,False,baseline,,mathstral,never,NOT_ROUTED
60601,5,mathstral,never,4,0,0,MATH/Llama,MATH/Gemma,60601,101,2,True,True,True,False,False,baseline,,mathstral,never,NOT_ROUTED
60601,5,mathstral,never,4,0,0,MATH/Llama,MATH/Gemma,60601,101,3,True,True,True,False,False,baseline,,mathstral,never,NOT_ROUTED
60601,5,mathstral,never,4,0,0,MATH/Llama,MATH/Gemma,60601,101,4,True,True,True,False,False,baseline,,mathstral,never,NOT_ROUTED
60601,5,mathstral,never,4,0,0,MATH/Llama,MATH/Gemma,60601,101,5,True,True,True,False,False,baseline,,mathstral,never,NOT_ROUTED
60601,5,mathstral,never,4,0,0,MATH/Llama,MATH/Gemma,60601,101,6,True,True,True,False,False,baseline,,mathstral,never,NOT_ROUTED
60601,5,mathstral,never,4,0,0,MATH/Llama,MATH/Gemma,60601,101,7,True,True,True,False,False,baseline,,mathstral,never,NOT_ROUTED
60601,5,mathstral,never,4,0,0,MATH/Llama,MATH/Gemma,60601,102,0,True,True,True,False,False,baseline,,mathstral,never,NOT_ROUTED
60601,5,mathstral,never,4,0,0,MATH/Llama,MATH/Gemma,60601,102,1,True,True,True,False,False,baseline,,mathstral,never,NOT_ROUTED
60601,5,mathstral,never,4,0,0,MATH/Llama,MATH/Gemma,60601,102,2,True,True,True,False,False,baseline,,mathstral,never,NOT_ROUTED
60601,5,mathstral,never,4,0,0,MATH/Llama,MATH/Gemma,60601,102,3,True,True,True,False,False,baseline,,mathstral,never,NOT_ROUTED
60601,5,mathstral,never,4,0,0,MATH/Llama,MATH/Gemma,60601,102,4,True,True,True,False,False,baseline,,mathstral,never,NOT_ROUTED
60601,5,mathstral,never,4,0,0,MATH/Llama,MATH/Gemma,60601,102,5,True,True,True,False,False,baseline,,mathstral,never,NOT_ROUTED
60601,5,mathstral,never,4,0,0,MATH/Llama,MATH/Gemma,60601,102,6,True,True,True,False,False,baseline,,mathstral,never,NOT_ROUTED
60601,5,mathstral,never,4,0,0,MATH/Llama,MATH/Gemma,60601,102,7,True,True,True,False,False,baseline,,mathstral,never,NOT_ROUTED
60601,5,mathstral,never,4,0,0,MATH/Llama,MATH/Gemma,60601,103,0,True,True,True,False,False,baseline,,mathstral,never,NOT_ROUTED
60601,5,mathstral,never,4,0,0,MATH/Llama,MATH/Gemma,60601,103,1,True,True,True,False,False,baseline,,mathstral,never,NOT_ROUTED
60601,5,mathstral,never,4,0,0,MATH/Llama,MATH/Gemma,60601,103,2,True,True,True,False,False,baseline,,mathstral,never,NOT_ROUTED
60601,5,mathstral,never,4,0,0,MATH/Llama,MATH/Gemma,60601,103,3,True,True,True,False,False,baseline,,mathstral,never,NOT_ROUTED
60601,5,mathstral,never,4,0,0,MATH/Llama,MATH/Gemma,60601,103,4,True,True,True,False,False,baseline,,mathstral,never,NOT_ROUTED
60601,5,mathstral,never,4,0,0,MATH/Llama,MATH/Gemma,60601,103,5,True,True,True,False,False,baseline,,mathstral,never,NOT_ROUTED
60601,5,mathstral,never,4,0,0,MATH/Llama,MATH/Gemma,60601,103,6,True,True,True,False,False,baseline,,mathstral,never,NOT_ROUTED
60601,5,mathstral,never,4,0,0,MATH/Llama,MATH/Gemma,60601,103,7,True,True,True,False,False,baseline,,mathstral,never,NOT_ROUTED
60601,5,mathstral,never,4,0,0,MATH/Llama,MATH/Gemma,60601,106,0,True,True,True,False,False,baseline,,mathstral,never,NOT_ROUTED
60601,5,mathstral,never,4,0,0,MATH/Llama,MATH/Gemma,60601,106,1,True,True,True,False,False,baseline,,mathstral,never,NOT_ROUTED
60601,5,mathstral,never,4,0,0,MATH/Llama,MATH/Gemma,60601,106,2,True,True,True,False,False,baseline,,mathstral,never,NOT_ROUTED
60601,5,mathstral,never,4,0,0,MATH/Llama,MATH/Gemma,60601,106,3,True,True,True,False,False,baseline,,mathstral,never,NOT_ROUTED
60601,5,mathstral,never,4,0,0,MATH/Llama,MATH/Gemma,60601,106,4,True,True,True,False,False,baseline,,mathstral,never,NOT_ROUTED
60601,5,mathstral,never,4,0,0,MATH/Llama,MATH/Gemma,60601,106,5,True,True,True,False,False,baseline,,mathstral,never,NOT_ROUTED
60601,5,mathstral,never,4,0,0,MATH/Llama,MATH/Gemma,60601,106,6,True,True,True,False,False,baseline,,mathstral,never,NOT_ROUTED
60601,5,mathstral,never,4,0,0,MATH/Llama,MATH/Gemma,60601,106,7,True,True,True,False,False,baseline,,mathstral,never,NOT_ROUTED
60601,5,mathstral,never,4,0,0,MATH/Llama,MATH/Gemma,60601,109,0,True,True,True,False,False,baseline,,mathstral,never,NOT_ROUTED
60601,5,mathstral,never,4,0,0,MATH/Llama,MATH/Gemma,60601,109,1,True,True,True,False,False,baseline,,mathstral,never,NOT_ROUTED
60601,5,mathstral,never,4,0,0,MATH/Llama,MATH/Gemma,60601,109,2,True,True,True,False,False,baseline,,mathstral,never,NOT_ROUTED
60601,5,mathstral,never,4,0,0,MATH/Llama,MATH/Gemma,60601,109,3,True,True,True,False,False,baseline,,mathstral,never,NOT_ROUTED
60601,5,mathstral,never,4,0,0,MATH/Llama,MATH/Gemma,60601,109,4,True,True,True,False,False,baseline,,mathstral,never,NOT_ROUTED
60601,5,mathstral,never,4,0,0,MATH/Llama,MATH/Gemma,60601,109,5,True,True,True,False,False,baseline,,mathstral,never,NOT_ROUTED
60601,5,mathstral,never,4,0,0,MATH/Llama,MATH/Gemma,60601,109,6,True,True,True,False,False,baseline,,mathstral,never,NOT_ROUTED
60601,5,mathstral,never,4,0,0,MATH/Llama,MATH/Gemma,60601,109,7,True,True,True,False,False,baseline,,mathstral,never,NOT_ROUTED
60601,5,mathstral,never,4,0,0,MATH/Llama,MATH/Gemma,60601,111,0,True,True,True,False,False,baseline,,mathstral,never,NOT_ROUTED
60601,5,mathstral,never,4,0,0,MATH/Llama,MATH/Gemma,60601,111,1,True,True,True,False,False,baseline,,mathstral,never,NOT_ROUTED
60601,5,mathstral,never,4,0,0,MATH/Llama,MATH/Gemma,60601,111,2,True,True,True,False,False,baseline,,mathstral,never,NOT_ROUTED
60601,5,mathstral,never,4,0,0,MATH/Llama,MATH/Gemma,60601,111,3,True,True,True,False,False,baseline,,mathstral,never,NOT_ROUTED
60601,5,mathstral,never,4,0,0,MATH/Llama,MATH/Gemma,60601,111,4,True,True,True,False,False,baseline,,mathstral,never,NOT_ROUTED
60601,5,mathstral,never,4,0,0,MATH/Llama,MATH/Gemma,60601,111,5,True,True,True,False,False,baseline,,mathstral,never,NOT_ROUTED
60601,5,mathstral,never,4,0,0,MATH/Llama,MATH/Gemma,60601,111,6,True,True,True,False,False,baseline,,mathstral,never,NOT_ROUTED
60601,5,mathstral,never,4,0,0,MATH/Llama,MATH/Gemma,60601,111,7,True,True,True,False,False,baseline,,mathstral,never,NOT_ROUTED
60601,5,mathstral,never,4,0,0,MATH/Llama,MATH/Gemma,60601,112,0,False,False,False,False,False,baseline,,mathstral,never,NOT_ROUTED
60601,5,mathstral,never,4,0,0,MATH/Llama,MATH/Gemma,60601,112,1,False,False,False,False,False,baseline,,mathstral,never,NOT_ROUTED
60601,5,mathstral,never,4,0,0,MATH/Llama,MATH/Gemma,60601,112,2,False,False,False,False,False,baseline,,mathstral,never,NOT_ROUTED
60601,5,mathstral,never,4,0,0,MATH/Llama,MATH/Gemma,60601,112,3,False,False,False,False,False,baseline,,mathstral,never,NOT_ROUTED
60601,5,mathstral,never,4,0,0,MATH/Llama,MATH/Gemma,60601,112,4,False,False,False,False,False,baseline,,mathstral,never,NOT_ROUTED
60601,5,mathstral,never,4,0,0,MATH/Llama,MATH/Gemma,60601,112,5,False,False,False,False,False,baseline,,mathstral,never,NOT_ROUTED
60601,5,mathstral,never,4,0,0,MATH/Llama,MATH/Gemma,60601,112,6,False,False,False,False,False,baseline,,mathstral,never,NOT_ROUTED
60601,5,mathstral,never,4,0,0,MATH/Llama,MATH/Gemma,60601,112,7,False,False,False,False,False,baseline,,mathstral,never,NOT_ROUTED
60601,5,mathstral,never,4,0,0,MATH/Llama,MATH/Gemma,60601,115,0,False,False,False,False,False,baseline,,mathstral,never,NOT_ROUTED
60601,5,mathstral,never,4,0,0,MATH/Llama,MATH/Gemma,60601,115,1,False,False,False,False,False,baseline,,mathstral,never,NOT_ROUTED
60601,5,mathstral,never,4,0,0,MATH/Llama,MATH/Gemma,60601,115,2,False,False,False,False,False,baseline,,mathstral,never,NOT_ROUTED
60601,5,mathstral,never,4,0,0,MATH/Llama,MATH/Gemma,60601,115,3,False,False,False,False,False,baseline,,mathstral,never,NOT_ROUTED
60601,5,mathstral,never,4,0,0,MATH/Llama,MATH/Gemma,60601,115,4,False,False,False,False,False,baseline,,mathstral,never,NOT_ROUTED
60601,5,mathstral,never,4,0,0,MATH/Llama,MATH/Gemma,60601,115,5,False,False,False,False,False,baseline,,mathstral,never,NOT_ROUTED
60601,5,mathstral,never,4,0,0,MATH/Llama,MATH/Gemma,60601,115,6,False,False,False,False,False,baseline,,mathstral,never,NOT_ROUTED
60601,5,mathstral,never,4,0,0,MATH/Llama,MATH/Gemma,60601,115,7,False,False,False,False,False,baseline,,mathstral,never,NOT_ROUTED
60601,5,mathstral,never,4,0,0,MATH/Llama,MATH/Gemma,60601,117,0,False,False,False,False,False,baseline,,mathstral,never,NOT_ROUTED
60601,5,mathstral,never,4,0,0,MATH/Llama,MATH/Gemma,60601,117,1,False,False,False,False,False,baseline,,mathstral,never,NOT_ROUTED
60601,5,mathstral,never,4,0,0,MATH/Llama,MATH/Gemma,60601,117,2,False,False,False,False,False,baseline,,mathstral,never,NOT_ROUTED
60601,5,mathstral,never,4,0,0,MATH/Llama,MATH/Gemma,60601,117,3,False,False,False,False,False,baseline,,mathstral,never,NOT_ROUTED
60601,5,mathstral,never,4,0,0,MATH/Llama,MATH/Gemma,60601,117,4,False,False,False,False,False,baseline,,mathstral,never,NOT_ROUTED
60601,5,mathstral,never,4,0,0,MATH/Llama,MATH/Gemma,60601,117,5,False,False,False,False,False,baseline,,mathstral,never,NOT_ROUTED
60601,5,mathstral,never,4,0,0,MATH/Llama,MATH/Gemma,60601,117,6,False,False,False,False,False,baseline,,mathstral,never,NOT_ROUTED
60601,5,mathstral,never,4,0,0,MATH/Llama,MATH/Gemma,60601,117,7,False,False,False,False,False,baseline,,mathstral,never,NOT_ROUTED
60601,5,mathstral,never,4,0,0,MATH/Llama,MATH/Gemma,60601,118,0,False,False,False,False,False,baseline,,mathstral,never,NOT_ROUTED
60601,5,mathstral,never,4,0,0,MATH/Llama,MATH/Gemma,60601,118,1,False,False,False,False,False,baseline,,mathstral,never,NOT_ROUTED
60601,5,mathstral,never,4,0,0,MATH/Llama,MATH/Gemma,60601,118,2,True,True,True,False,False,baseline,,mathstral,never,NOT_ROUTED
60601,5,mathstral,never,4,0,0,MATH/Llama,MATH/Gemma,60601,118,3,False,False,False,False,False,baseline,,mathstral,never,NOT_ROUTED
60601,5,mathstral,never,4,0,0,MATH/Llama,MATH/Gemma,60601,118,4,False,False,False,False,False,baseline,,mathstral,never,NOT_ROUTED
60601,5,mathstral,never,4,0,0,MATH/Llama,MATH/Gemma,60601,118,5,True,True,True,False,False,baseline,,mathstral,never,NOT_ROUTED
60601,5,mathstral,never,4,0,0,MATH/Llama,MATH/Gemma,60601,118,6,True,True,True,False,False,baseline,,mathstral,never,NOT_ROUTED
60601,5,mathstral,never,4,0,0,MATH/Llama,MATH/Gemma,60601,118,7,True,True,True,False,False,baseline,,mathstral,never,NOT_ROUTED
60601,5,mathstral,never,4,0,0,MATH/Llama,MATH/Gemma,60601,120,0,False,False,False,False,False,baseline,,mathstral,never,NOT_ROUTED
60601,5,mathstral,never,4,0,0,MATH/Llama,MATH/Gemma,60601,120,1,False,False,False,False,False,baseline,,mathstral,never,NOT_ROUTED
60601,5,mathstral,never,4,0,0,MATH/Llama,MATH/Gemma,60601,120,2,False,False,False,False,False,baseline,,mathstral,never,NOT_ROUTED
60601,5,mathstral,never,4,0,0,MATH/Llama,MATH/Gemma,60601,120,3,False,False,False,False,False,baseline,,mathstral,never,NOT_ROUTED
60601,5,mathstral,never,4,0,0,MATH/Llama,MATH/Gemma,60601,120,4,False,False,False,False,False,baseline,,mathstral,never,NOT_ROUTED
60601,5,mathstral,never,4,0,0,MATH/Llama,MATH/Gemma,60601,120,5,False,False,False,False,False,baseline,,mathstral,never,NOT_ROUTED
60601,5,mathstral,never,4,0,0,MATH/Llama,MATH/Gemma,60601,120,6,False,False,False,False,False,baseline,,mathstral,never,NOT_ROUTED
60601,5,mathstral,never,4,0,0,MATH/Llama,MATH/Gemma,60601,120,7,False,False,False,False,False,baseline,,mathstral,never,NOT_ROUTED
60601,5,mathstral,never,4,0,0,MATH/Llama,MATH/Gemma,60601,121,0,False,False,False,False,False,baseline,,mathstral,never,NOT_ROUTED
60601,5,mathstral,never,4,0,0,MATH/Llama,MATH/Gemma,60601,121,1,False,False,False,False,False,baseline,,mathstral,never,NOT_ROUTED
60601,5,mathstral,never,4,0,0,MATH/Llama,MATH/Gemma,60601,121,2,False,False,False,False,False,baseline,,mathstral,never,NOT_ROUTED
60601,5,mathstral,never,4,0,0,MATH/Llama,MATH/Gemma,60601,121,3,False,False,False,False,False,baseline,,mathstral,never,NOT_ROUTED
60601,5,mathstral,never,4,0,0,MATH/Llama,MATH/Gemma,60601,121,4,False,False,False,False,False,baseline,,mathstral,never,NOT_ROUTED
60601,5,mathstral,never,4,0,0,MATH/Llama,MATH/Gemma,60601,121,5,False,False,False,False,False,baseline,,mathstral,never,NOT_ROUTED
60601,5,mathstral,never,4,0,0,MATH/Llama,MATH/Gemma,60601,121,6,False,False,False,False,False,baseline,,mathstral,never,NOT_ROUTED
60601,5,mathstral,never,4,0,0,MATH/Llama,MATH/Gemma,60601,121,7,False,False,False,False,False,baseline,,mathstral,never,NOT_ROUTED
60601,5,mathstral,never,4,0,0,MATH/Llama,MATH/Gemma,60601,122,0,False,False,False,False,False,baseline,,mathstral,never,NOT_ROUTED
60601,5,mathstral,never,4,0,0,MATH/Llama,MATH/Gemma,60601,122,1,False,False,False,False,False,baseline,,mathstral,never,NOT_ROUTED
60601,5,mathstral,never,4,0,0,MATH/Llama,MATH/Gemma,60601,122,2,False,False,False,False,False,baseline,,mathstral,never,NOT_ROUTED
60601,5,mathstral,never,4,0,0,MATH/Llama,MATH/Gemma,60601,122,3,False,False,False,False,False,baseline,,mathstral,never,NOT_ROUTED
60601,5,mathstral,never,4,0,0,MATH/Llama,MATH/Gemma,60601,122,4,False,False,False,False,False,baseline,,mathstral,never,NOT_ROUTED
60601,5,mathstral,never,4,0,0,MATH/Llama,MATH/Gemma,60601,122,5,False,False,False,False,False,baseline,,mathstral,never,NOT_ROUTED
60601,5,mathstral,never,4,0,0,MATH/Llama,MATH/Gemma,60601,122,6,False,False,False,False,False,baseline,,mathstral,never,NOT_ROUTED
60601,5,mathstral,never,4,0,0,MATH/Llama,MATH/Gemma,60601,122,7,False,False,False,False,False,baseline,,mathstral,never,NOT_ROUTED
60601,5,mathstral,never,4,0,0,MATH/Llama,MATH/Gemma,60601,123,0,False,False,False,False,False,baseline,,mathstral,never,NOT_ROUTED
60601,5,mathstral,never,4,0,0,MATH/Llama,MATH/Gemma,60601,123,1,False,False,False,False,False,baseline,,mathstral,never,NOT_ROUTED
60601,5,mathstral,never,4,0,0,MATH/Llama,MATH/Gemma,60601,123,2,False,False,False,False,False,baseline,,mathstral,never,NOT_ROUTED
60601,5,mathstral,never,4,0,0,MATH/Llama,MATH/Gemma,60601,123,3,False,False,False,False,False,baseline,,mathstral,never,NOT_ROUTED
60601,5,mathstral,never,4,0,0,MATH/Llama,MATH/Gemma,60601,123,4,False,False,False,False,False,baseline,,mathstral,never,NOT_ROUTED
60601,5,mathstral,never,4,0,0,MATH/Llama,MATH/Gemma,60601,123,5,False,False,False,False,False,baseline,,mathstral,never,NOT_ROUTED
60601,5,mathstral,never,4,0,0,MATH/Llama,MATH/Gemma,60601,123,6,False,False,False,False,False,baseline,,mathstral,never,NOT_ROUTED
60601,5,mathstral,never,4,0,0,MATH/Llama,MATH/Gemma,60601,123,7,False,False,False,False,False,baseline,,mathstral,never,NOT_ROUTED
60601,5,mathstral,never,4,0,0,MATH/Llama,MATH/Gemma,60601,124,0,False,False,False,False,False,baseline,,mathstral,never,NOT_ROUTED
60601,5,mathstral,never,4,0,0,MATH/Llama,MATH/Gemma,60601,124,1,False,False,False,False,False,baseline,,mathstral,never,NOT_ROUTED
60601,5,mathstral,never,4,0,0,MATH/Llama,MATH/Gemma,60601,124,2,False,False,False,False,False,baseline,,mathstral,never,NOT_ROUTED
60601,5,mathstral,never,4,0,0,MATH/Llama,MATH/Gemma,60601,124,3,False,False,False,False,False,baseline,,mathstral,never,NOT_ROUTED
60601,5,mathstral,never,4,0,0,MATH/Llama,MATH/Gemma,60601,124,4,False,False,False,False,False,baseline,,mathstral,never,NOT_ROUTED
60601,5,mathstral,never,4,0,0,MATH/Llama,MATH/Gemma,60601,124,5,False,False,False,False,False,baseline,,mathstral,never,NOT_ROUTED
60601,5,mathstral,never,4,0,0,MATH/Llama,MATH/Gemma,60601,124,6,False,False,False,False,False,baseline,,mathstral,never,NOT_ROUTED
60601,5,mathstral,never,4,0,0,MATH/Llama,MATH/Gemma,60601,124,7,False,False,False,False,False,baseline,,mathstral,never,NOT_ROUTED
60601,5,mathstral,never,4,0,0,MATH/Llama,MATH/Gemma,60601,126,0,False,False,False,False,False,baseline,,mathstral,never,NOT_ROUTED
60601,5,mathstral,never,4,0,0,MATH/Llama,MATH/Gemma,60601,126,1,False,False,False,False,False,baseline,,mathstral,never,NOT_ROUTED
60601,5,mathstral,never,4,0,0,MATH/Llama,MATH/Gemma,60601,126,2,False,False,False,False,False,baseline,,mathstral,never,NOT_ROUTED
60601,5,mathstral,never,4,0,0,MATH/Llama,MATH/Gemma,60601,126,3,False,False,False,False,False,baseline,,mathstral,never,NOT_ROUTED
60601,5,mathstral,never,4,0,0,MATH/Llama,MATH/Gemma,60601,126,4,False,False,False,False,False,baseline,,mathstral,never,NOT_ROUTED
60601,5,mathstral,never,4,0,0,MATH/Llama,MATH/Gemma,60601,126,5,False,False,False,False,False,baseline,,mathstral,never,NOT_ROUTED
60601,5,mathstral,never,4,0,0,MATH/Llama,MATH/Gemma,60601,126,6,False,False,False,False,False,baseline,,mathstral,never,NOT_ROUTED
60601,5,mathstral,never,4,0,0,MATH/Llama,MATH/Gemma,60601,126,7,False,False,False,False,False,baseline,,mathstral,never,NOT_ROUTED
60601,5,mathstral,never,4,0,0,MATH/Llama,MATH/Gemma,60601,127,0,False,False,False,False,False,baseline,,mathstral,never,NOT_ROUTED
60601,5,mathstral,never,4,0,0,MATH/Llama,MATH/Gemma,60601,127,1,False,False,False,False,False,baseline,,mathstral,never,NOT_ROUTED
60601,5,mathstral,never,4,0,0,MATH/Llama,MATH/Gemma,60601,127,2,False,False,False,False,False,baseline,,mathstral,never,NOT_ROUTED
60601,5,mathstral,never,4,0,0,MATH/Llama,MATH/Gemma,60601,127,3,False,False,False,False,False,baseline,,mathstral,never,NOT_ROUTED
60601,5,mathstral,never,4,0,0,MATH/Llama,MATH/Gemma,60601,127,4,False,False,False,False,False,baseline,,mathstral,never,NOT_ROUTED
60601,5,mathstral,never,4,0,0,MATH/Llama,MATH/Gemma,60601,127,5,False,False,False,False,False,baseline,,mathstral,never,NOT_ROUTED
60601,5,mathstral,never,4,0,0,MATH/Llama,MATH/Gemma,60601,127,6,False,False,False,False,False,baseline,,mathstral,never,NOT_ROUTED
60601,5,mathstral,never,4,0,0,MATH/Llama,MATH/Gemma,60601,127,7,False,False,False,False,False,baseline,,mathstral,never,NOT_ROUTED
60602,0,mathstral,never,2,0,0,MATH/Llama,MATH/Gemma,60602,0,0,False,False,False,False,False,baseline,,mathstral,never,NOT_ROUTED
60602,0,mathstral,never,2,0,0,MATH/Llama,MATH/Gemma,60602,0,1,False,False,False,False,False,baseline,,mathstral,never,NOT_ROUTED
60602,0,mathstral,never,2,0,0,MATH/Llama,MATH/Gemma,60602,0,2,False,False,False,False,False,baseline,,mathstral,never,NOT_ROUTED
60602,0,mathstral,never,2,0,0,MATH/Llama,MATH/Gemma,60602,0,3,False,False,False,True,False,target_intersection_top10,pairwise_router_v123_llama_with_gemma_budget0_all_0001_neither_correct_s60602_p0_t3,mathstral,never,NEITHER
60602,0,mathstral,never,2,0,0,MATH/Llama,MATH/Gemma,60602,0,4,False,False,False,False,False,baseline,,mathstral,never,NOT_ROUTED
60602,0,mathstral,never,2,0,0,MATH/Llama,MATH/Gemma,60602,0,5,False,False,False,False,False,baseline,,mathstral,never,NOT_ROUTED
60602,0,mathstral,never,2,0,0,MATH/Llama,MATH/Gemma,60602,0,6,False,False,False,False,False,baseline,,mathstral,never,NOT_ROUTED
60602,0,mathstral,never,2,0,0,MATH/Llama,MATH/Gemma,60602,0,7,False,False,False,False,False,baseline,,mathstral,never,NOT_ROUTED
60602,0,mathstral,never,2,0,0,MATH/Llama,MATH/Gemma,60602,2,0,True,True,True,False,False,baseline,,mathstral,never,NOT_ROUTED
60602,0,mathstral,never,2,0,0,MATH/Llama,MATH/Gemma,60602,2,1,True,True,True,False,False,baseline,,mathstral,never,NOT_ROUTED
60602,0,mathstral,never,2,0,0,MATH/Llama,MATH/Gemma,60602,2,2,True,True,True,False,False,baseline,,mathstral,never,NOT_ROUTED
60602,0,mathstral,never,2,0,0,MATH/Llama,MATH/Gemma,60602,2,3,True,True,True,False,False,baseline,,mathstral,never,NOT_ROUTED
60602,0,mathstral,never,2,0,0,MATH/Llama,MATH/Gemma,60602,2,4,True,True,True,False,False,baseline,,mathstral,never,NOT_ROUTED
60602,0,mathstral,never,2,0,0,MATH/Llama,MATH/Gemma,60602,2,5,True,True,True,False,False,baseline,,mathstral,never,NOT_ROUTED
60602,0,mathstral,never,2,0,0,MATH/Llama,MATH/Gemma,60602,2,6,True,True,True,False,False,baseline,,mathstral,never,NOT_ROUTED
60602,0,mathstral,never,2,0,0,MATH/Llama,MATH/Gemma,60602,2,7,True,True,True,False,False,baseline,,mathstral,never,NOT_ROUTED
60602,0,mathstral,never,2,0,0,MATH/Llama,MATH/Gemma,60602,5,0,True,True,True,False,False,baseline,,mathstral,never,NOT_ROUTED
60602,0,mathstral,never,2,0,0,MATH/Llama,MATH/Gemma,60602,5,1,True,True,True,False,False,baseline,,mathstral,never,NOT_ROUTED
60602,0,mathstral,never,2,0,0,MATH/Llama,MATH/Gemma,60602,5,2,True,True,True,False,False,baseline,,mathstral,never,NOT_ROUTED
60602,0,mathstral,never,2,0,0,MATH/Llama,MATH/Gemma,60602,5,3,True,True,True,False,False,baseline,,mathstral,never,NOT_ROUTED
60602,0,mathstral,never,2,0,0,MATH/Llama,MATH/Gemma,60602,5,4,True,True,True,False,False,baseline,,mathstral,never,NOT_ROUTED
60602,0,mathstral,never,2,0,0,MATH/Llama,MATH/Gemma,60602,5,5,True,True,True,False,False,baseline,,mathstral,never,NOT_ROUTED
60602,0,mathstral,never,2,0,0,MATH/Llama,MATH/Gemma,60602,5,6,True,True,True,False,False,baseline,,mathstral,never,NOT_ROUTED
60602,0,mathstral,never,2,0,0,MATH/Llama,MATH/Gemma,60602,5,7,True,True,True,False,False,baseline,,mathstral,never,NOT_ROUTED
60602,0,mathstral,never,2,0,0,MATH/Llama,MATH/Gemma,60602,7,0,True,True,True,False,False,baseline,,mathstral,never,NOT_ROUTED
60602,0,mathstral,never,2,0,0,MATH/Llama,MATH/Gemma,60602,7,1,True,True,True,False,False,baseline,,mathstral,never,NOT_ROUTED
60602,0,mathstral,never,2,0,0,MATH/Llama,MATH/Gemma,60602,7,2,True,True,True,False,False,baseline,,mathstral,never,NOT_ROUTED
60602,0,mathstral,never,2,0,0,MATH/Llama,MATH/Gemma,60602,7,3,True,True,True,False,False,baseline,,mathstral,never,NOT_ROUTED
60602,0,mathstral,never,2,0,0,MATH/Llama,MATH/Gemma,60602,7,4,True,True,True,False,False,baseline,,mathstral,never,NOT_ROUTED
60602,0,mathstral,never,2,0,0,MATH/Llama,MATH/Gemma,60602,7,5,True,True,True,False,False,baseline,,mathstral,never,NOT_ROUTED
60602,0,mathstral,never,2,0,0,MATH/Llama,MATH/Gemma,60602,7,6,True,True,True,False,False,baseline,,mathstral,never,NOT_ROUTED
60602,0,mathstral,never,2,0,0,MATH/Llama,MATH/Gemma,60602,7,7,True,True,True,False,False,baseline,,mathstral,never,NOT_ROUTED
60602,0,mathstral,never,2,0,0,MATH/Llama,MATH/Gemma,60602,11,0,False,False,False,False,False,baseline,,mathstral,never,NOT_ROUTED
60602,0,mathstral,never,2,0,0,MATH/Llama,MATH/Gemma,60602,11,1,False,False,False,False,False,baseline,,mathstral,never,NOT_ROUTED
60602,0,mathstral,never,2,0,0,MATH/Llama,MATH/Gemma,60602,11,2,False,False,False,False,False,baseline,,mathstral,never,NOT_ROUTED
60602,0,mathstral,never,2,0,0,MATH/Llama,MATH/Gemma,60602,11,3,False,False,False,False,False,baseline,,mathstral,never,NOT_ROUTED
60602,0,mathstral,never,2,0,0,MATH/Llama,MATH/Gemma,60602,11,4,False,False,False,False,False,baseline,,mathstral,never,NOT_ROUTED
60602,0,mathstral,never,2,0,0,MATH/Llama,MATH/Gemma,60602,11,5,False,False,False,False,False,baseline,,mathstral,never,NOT_ROUTED
60602,0,mathstral,never,2,0,0,MATH/Llama,MATH/Gemma,60602,11,6,False,False,False,False,False,baseline,,mathstral,never,NOT_ROUTED
60602,0,mathstral,never,2,0,0,MATH/Llama,MATH/Gemma,60602,11,7,False,False,False,False,False,baseline,,mathstral,never,NOT_ROUTED
60602,0,mathstral,never,2,0,0,MATH/Llama,MATH/Gemma,60602,12,0,True,True,True,False,False,baseline,,mathstral,never,NOT_ROUTED
60602,0,mathstral,never,2,0,0,MATH/Llama,MATH/Gemma,60602,12,1,True,True,True,False,False,baseline,,mathstral,never,NOT_ROUTED
60602,0,mathstral,never,2,0,0,MATH/Llama,MATH/Gemma,60602,12,2,True,True,True,False,False,baseline,,mathstral,never,NOT_ROUTED
60602,0,mathstral,never,2,0,0,MATH/Llama,MATH/Gemma,60602,12,3,True,True,True,False,False,baseline,,mathstral,never,NOT_ROUTED
60602,0,mathstral,never,2,0,0,MATH/Llama,MATH/Gemma,60602,12,4,True,True,True,False,False,baseline,,mathstral,never,NOT_ROUTED
60602,0,mathstral,never,2,0,0,MATH/Llama,MATH/Gemma,60602,12,5,True,True,True,False,False,baseline,,mathstral,never,NOT_ROUTED
60602,0,mathstral,never,2,0,0,MATH/Llama,MATH/Gemma,60602,12,6,True,True,True,False,False,baseline,,mathstral,never,NOT_ROUTED
60602,0,mathstral,never,2,0,0,MATH/Llama,MATH/Gemma,60602,12,7,True,True,True,False,False,baseline,,mathstral,never,NOT_ROUTED
60602,0,mathstral,never,2,0,0,MATH/Llama,MATH/Gemma,60602,13,0,False,False,False,False,False,baseline,,mathstral,never,NOT_ROUTED
60602,0,mathstral,never,2,0,0,MATH/Llama,MATH/Gemma,60602,13,1,False,False,False,False,False,baseline,,mathstral,never,NOT_ROUTED
60602,0,mathstral,never,2,0,0,MATH/Llama,MATH/Gemma,60602,13,2,False,False,False,False,False,baseline,,mathstral,never,NOT_ROUTED
60602,0,mathstral,never,2,0,0,MATH/Llama,MATH/Gemma,60602,13,3,False,False,False,False,False,baseline,,mathstral,never,NOT_ROUTED
60602,0,mathstral,never,2,0,0,MATH/Llama,MATH/Gemma,60602,13,4,False,False,False,False,False,baseline,,mathstral,never,NOT_ROUTED
60602,0,mathstral,never,2,0,0,MATH/Llama,MATH/Gemma,60602,13,5,False,False,False,False,False,baseline,,mathstral,never,NOT_ROUTED
60602,0,mathstral,never,2,0,0,MATH/Llama,MATH/Gemma,60602,13,6,False,False,False,False,False,baseline,,mathstral,never,NOT_ROUTED
60602,0,mathstral,never,2,0,0,MATH/Llama,MATH/Gemma,60602,13,7,False,False,False,False,False,baseline,,mathstral,never,NOT_ROUTED
60602,0,mathstral,never,2,0,0,MATH/Llama,MATH/Gemma,60602,16,0,False,False,False,False,False,baseline,,mathstral,never,NOT_ROUTED
60602,0,mathstral,never,2,0,0,MATH/Llama,MATH/Gemma,60602,16,1,False,False,False,False,False,baseline,,mathstral,never,NOT_ROUTED
60602,0,mathstral,never,2,0,0,MATH/Llama,MATH/Gemma,60602,16,2,False,False,False,False,False,baseline,,mathstral,never,NOT_ROUTED
60602,0,mathstral,never,2,0,0,MATH/Llama,MATH/Gemma,60602,16,3,False,False,False,False,False,baseline,,mathstral,never,NOT_ROUTED
60602,0,mathstral,never,2,0,0,MATH/Llama,MATH/Gemma,60602,16,4,False,False,False,False,False,baseline,,mathstral,never,NOT_ROUTED
60602,0,mathstral,never,2,0,0,MATH/Llama,MATH/Gemma,60602,16,5,False,False,False,False,False,baseline,,mathstral,never,NOT_ROUTED
60602,0,mathstral,never,2,0,0,MATH/Llama,MATH/Gemma,60602,16,6,False,False,False,False,False,baseline,,mathstral,never,NOT_ROUTED
60602,0,mathstral,never,2,0,0,MATH/Llama,MATH/Gemma,60602,16,7,False,False,False,False,False,baseline,,mathstral,never,NOT_ROUTED
60602,0,mathstral,never,2,0,0,MATH/Llama,MATH/Gemma,60602,17,0,False,False,False,False,False,baseline,,mathstral,never,NOT_ROUTED
60602,0,mathstral,never,2,0,0,MATH/Llama,MATH/Gemma,60602,17,1,False,False,False,False,False,baseline,,mathstral,never,NOT_ROUTED
60602,0,mathstral,never,2,0,0,MATH/Llama,MATH/Gemma,60602,17,2,False,False,False,False,False,baseline,,mathstral,never,NOT_ROUTED
60602,0,mathstral,never,2,0,0,MATH/Llama,MATH/Gemma,60602,17,3,False,False,False,False,False,baseline,,mathstral,never,NOT_ROUTED
60602,0,mathstral,never,2,0,0,MATH/Llama,MATH/Gemma,60602,17,4,False,False,False,False,False,baseline,,mathstral,never,NOT_ROUTED
60602,0,mathstral,never,2,0,0,MATH/Llama,MATH/Gemma,60602,17,5,False,False,False,False,False,baseline,,mathstral,never,NOT_ROUTED
60602,0,mathstral,never,2,0,0,MATH/Llama,MATH/Gemma,60602,17,6,False,False,False,False,False,baseline,,mathstral,never,NOT_ROUTED
60602,0,mathstral,never,2,0,0,MATH/Llama,MATH/Gemma,60602,17,7,False,False,False,False,False,baseline,,mathstral,never,NOT_ROUTED
60602,0,mathstral,never,2,0,0,MATH/Llama,MATH/Gemma,60602,18,0,False,False,False,False,False,baseline,,mathstral,never,NOT_ROUTED
60602,0,mathstral,never,2,0,0,MATH/Llama,MATH/Gemma,60602,18,1,False,False,False,False,False,baseline,,mathstral,never,NOT_ROUTED
60602,0,mathstral,never,2,0,0,MATH/Llama,MATH/Gemma,60602,18,2,False,False,False,False,False,baseline,,mathstral,never,NOT_ROUTED
60602,0,mathstral,never,2,0,0,MATH/Llama,MATH/Gemma,60602,18,3,False,False,False,False,False,baseline,,mathstral,never,NOT_ROUTED
60602,0,mathstral,never,2,0,0,MATH/Llama,MATH/Gemma,60602,18,4,False,False,False,False,False,baseline,,mathstral,never,NOT_ROUTED
60602,0,mathstral,never,2,0,0,MATH/Llama,MATH/Gemma,60602,18,5,False,False,False,False,False,baseline,,mathstral,never,NOT_ROUTED
60602,0,mathstral,never,2,0,0,MATH/Llama,MATH/Gemma,60602,18,6,False,False,False,False,False,baseline,,mathstral,never,NOT_ROUTED
60602,0,mathstral,never,2,0,0,MATH/Llama,MATH/Gemma,60602,18,7,False,False,False,False,False,baseline,,mathstral,never,NOT_ROUTED
60602,0,mathstral,never,2,0,0,MATH/Llama,MATH/Gemma,60602,22,0,True,True,True,False,False,baseline,,mathstral,never,NOT_ROUTED
60602,0,mathstral,never,2,0,0,MATH/Llama,MATH/Gemma,60602,22,1,True,True,True,False,False,baseline,,mathstral,never,NOT_ROUTED
60602,0,mathstral,never,2,0,0,MATH/Llama,MATH/Gemma,60602,22,2,True,True,True,False,False,baseline,,mathstral,never,NOT_ROUTED
60602,0,mathstral,never,2,0,0,MATH/Llama,MATH/Gemma,60602,22,3,True,True,True,False,False,baseline,,mathstral,never,NOT_ROUTED
60602,0,mathstral,never,2,0,0,MATH/Llama,MATH/Gemma,60602,22,4,True,True,True,False,False,baseline,,mathstral,never,NOT_ROUTED
60602,0,mathstral,never,2,0,0,MATH/Llama,MATH/Gemma,60602,22,5,True,True,True,False,False,baseline,,mathstral,never,NOT_ROUTED
60602,0,mathstral,never,2,0,0,MATH/Llama,MATH/Gemma,60602,22,6,True,True,True,False,False,baseline,,mathstral,never,NOT_ROUTED
60602,0,mathstral,never,2,0,0,MATH/Llama,MATH/Gemma,60602,22,7,True,True,True,False,False,baseline,,mathstral,never,NOT_ROUTED
60602,0,mathstral,never,2,0,0,MATH/Llama,MATH/Gemma,60602,24,0,True,True,True,False,False,baseline,,mathstral,never,NOT_ROUTED
60602,0,mathstral,never,2,0,0,MATH/Llama,MATH/Gemma,60602,24,1,True,True,True,False,False,baseline,,mathstral,never,NOT_ROUTED
60602,0,mathstral,never,2,0,0,MATH/Llama,MATH/Gemma,60602,24,2,True,True,True,False,False,baseline,,mathstral,never,NOT_ROUTED
60602,0,mathstral,never,2,0,0,MATH/Llama,MATH/Gemma,60602,24,3,True,True,True,False,False,baseline,,mathstral,never,NOT_ROUTED
60602,0,mathstral,never,2,0,0,MATH/Llama,MATH/Gemma,60602,24,4,True,True,True,False,False,baseline,,mathstral,never,NOT_ROUTED
60602,0,mathstral,never,2,0,0,MATH/Llama,MATH/Gemma,60602,24,5,True,True,True,False,False,baseline,,mathstral,never,NOT_ROUTED
60602,0,mathstral,never,2,0,0,MATH/Llama,MATH/Gemma,60602,24,6,True,True,True,False,False,baseline,,mathstral,never,NOT_ROUTED
60602,0,mathstral,never,2,0,0,MATH/Llama,MATH/Gemma,60602,24,7,True,True,True,False,False,baseline,,mathstral,never,NOT_ROUTED
60602,0,mathstral,never,2,0,0,MATH/Llama,MATH/Gemma,60602,26,0,True,True,True,False,False,baseline,,mathstral,never,NOT_ROUTED
60602,0,mathstral,never,2,0,0,MATH/Llama,MATH/Gemma,60602,26,1,True,True,True,False,False,baseline,,mathstral,never,NOT_ROUTED
60602,0,mathstral,never,2,0,0,MATH/Llama,MATH/Gemma,60602,26,2,True,True,True,False,False,baseline,,mathstral,never,NOT_ROUTED
60602,0,mathstral,never,2,0,0,MATH/Llama,MATH/Gemma,60602,26,3,True,True,True,False,False,baseline,,mathstral,never,NOT_ROUTED
60602,0,mathstral,never,2,0,0,MATH/Llama,MATH/Gemma,60602,26,4,True,True,True,False,False,baseline,,mathstral,never,NOT_ROUTED
60602,0,mathstral,never,2,0,0,MATH/Llama,MATH/Gemma,60602,26,5,True,True,True,False,False,baseline,,mathstral,never,NOT_ROUTED
60602,0,mathstral,never,2,0,0,MATH/Llama,MATH/Gemma,60602,26,6,True,True,True,False,False,baseline,,mathstral,never,NOT_ROUTED
60602,0,mathstral,never,2,0,0,MATH/Llama,MATH/Gemma,60602,26,7,True,True,True,False,False,baseline,,mathstral,never,NOT_ROUTED
60602,0,mathstral,never,2,0,0,MATH/Llama,MATH/Gemma,60602,27,0,True,True,True,False,False,baseline,,mathstral,never,NOT_ROUTED
60602,0,mathstral,never,2,0,0,MATH/Llama,MATH/Gemma,60602,27,1,True,True,True,False,False,baseline,,mathstral,never,NOT_ROUTED
60602,0,mathstral,never,2,0,0,MATH/Llama,MATH/Gemma,60602,27,2,True,True,True,False,False,baseline,,mathstral,never,NOT_ROUTED
60602,0,mathstral,never,2,0,0,MATH/Llama,MATH/Gemma,60602,27,3,True,True,True,False,False,baseline,,mathstral,never,NOT_ROUTED
60602,0,mathstral,never,2,0,0,MATH/Llama,MATH/Gemma,60602,27,4,True,True,True,False,False,baseline,,mathstral,never,NOT_ROUTED
60602,0,mathstral,never,2,0,0,MATH/Llama,MATH/Gemma,60602,27,5,True,True,True,False,False,baseline,,mathstral,never,NOT_ROUTED
60602,0,mathstral,never,2,0,0,MATH/Llama,MATH/Gemma,60602,27,6,True,True,True,False,False,baseline,,mathstral,never,NOT_ROUTED
60602,0,mathstral,never,2,0,0,MATH/Llama,MATH/Gemma,60602,27,7,True,True,True,False,False,baseline,,mathstral,never,NOT_ROUTED
60602,0,mathstral,never,2,0,0,MATH/Llama,MATH/Gemma,60602,30,0,True,True,True,False,False,baseline,,mathstral,never,NOT_ROUTED
60602,0,mathstral,never,2,0,0,MATH/Llama,MATH/Gemma,60602,30,1,True,True,True,False,False,baseline,,mathstral,never,NOT_ROUTED
60602,0,mathstral,never,2,0,0,MATH/Llama,MATH/Gemma,60602,30,2,True,True,True,False,False,baseline,,mathstral,never,NOT_ROUTED
60602,0,mathstral,never,2,0,0,MATH/Llama,MATH/Gemma,60602,30,3,True,True,True,False,False,baseline,,mathstral,never,NOT_ROUTED
60602,0,mathstral,never,2,0,0,MATH/Llama,MATH/Gemma,60602,30,4,True,True,True,False,False,baseline,,mathstral,never,NOT_ROUTED
60602,0,mathstral,never,2,0,0,MATH/Llama,MATH/Gemma,60602,30,5,True,True,True,False,False,baseline,,mathstral,never,NOT_ROUTED
60602,0,mathstral,never,2,0,0,MATH/Llama,MATH/Gemma,60602,30,6,True,True,True,False,False,baseline,,mathstral,never,NOT_ROUTED
60602,0,mathstral,never,2,0,0,MATH/Llama,MATH/Gemma,60602,30,7,True,True,True,False,False,baseline,,mathstral,never,NOT_ROUTED
60602,0,mathstral,never,2,0,0,MATH/Llama,MATH/Gemma,60602,32,0,True,True,True,False,False,baseline,,mathstral,never,NOT_ROUTED
60602,0,mathstral,never,2,0,0,MATH/Llama,MATH/Gemma,60602,32,1,True,True,True,False,False,baseline,,mathstral,never,NOT_ROUTED
60602,0,mathstral,never,2,0,0,MATH/Llama,MATH/Gemma,60602,32,2,True,True,True,False,False,baseline,,mathstral,never,NOT_ROUTED
60602,0,mathstral,never,2,0,0,MATH/Llama,MATH/Gemma,60602,32,3,True,True,True,False,False,baseline,,mathstral,never,NOT_ROUTED
60602,0,mathstral,never,2,0,0,MATH/Llama,MATH/Gemma,60602,32,4,True,True,True,False,False,baseline,,mathstral,never,NOT_ROUTED
60602,0,mathstral,never,2,0,0,MATH/Llama,MATH/Gemma,60602,32,5,True,True,True,False,False,baseline,,mathstral,never,NOT_ROUTED
60602,0,mathstral,never,2,0,0,MATH/Llama,MATH/Gemma,60602,32,6,True,True,True,False,False,baseline,,mathstral,never,NOT_ROUTED
60602,0,mathstral,never,2,0,0,MATH/Llama,MATH/Gemma,60602,32,7,True,True,True,False,False,baseline,,mathstral,never,NOT_ROUTED
60602,0,mathstral,never,2,0,0,MATH/Llama,MATH/Gemma,60602,33,0,False,False,False,False,False,baseline,,mathstral,never,NOT_ROUTED
60602,0,mathstral,never,2,0,0,MATH/Llama,MATH/Gemma,60602,33,1,False,False,False,False,False,baseline,,mathstral,never,NOT_ROUTED
60602,0,mathstral,never,2,0,0,MATH/Llama,MATH/Gemma,60602,33,2,False,False,False,True,False,target_intersection_top20,pairwise_router_v123_llama_with_gemma_budget0_all_0002_neither_correct_s60602_p33_t2,mathstral,never,NEITHER
60602,0,mathstral,never,2,0,0,MATH/Llama,MATH/Gemma,60602,33,3,False,False,False,False,False,baseline,,mathstral,never,NOT_ROUTED
60602,0,mathstral,never,2,0,0,MATH/Llama,MATH/Gemma,60602,33,4,False,False,False,False,False,baseline,,mathstral,never,NOT_ROUTED
60602,0,mathstral,never,2,0,0,MATH/Llama,MATH/Gemma,60602,33,5,False,False,False,False,False,baseline,,mathstral,never,NOT_ROUTED
60602,0,mathstral,never,2,0,0,MATH/Llama,MATH/Gemma,60602,33,6,False,False,False,False,False,baseline,,mathstral,never,NOT_ROUTED
60602,0,mathstral,never,2,0,0,MATH/Llama,MATH/Gemma,60602,33,7,False,False,False,False,False,baseline,,mathstral,never,NOT_ROUTED
60602,0,mathstral,never,2,0,0,MATH/Llama,MATH/Gemma,60602,35,0,True,True,True,False,False,baseline,,mathstral,never,NOT_ROUTED
60602,0,mathstral,never,2,0,0,MATH/Llama,MATH/Gemma,60602,35,1,True,True,True,False,False,baseline,,mathstral,never,NOT_ROUTED
60602,0,mathstral,never,2,0,0,MATH/Llama,MATH/Gemma,60602,35,2,True,True,True,False,False,baseline,,mathstral,never,NOT_ROUTED
60602,0,mathstral,never,2,0,0,MATH/Llama,MATH/Gemma,60602,35,3,True,True,True,False,False,baseline,,mathstral,never,NOT_ROUTED
60602,0,mathstral,never,2,0,0,MATH/Llama,MATH/Gemma,60602,35,4,True,True,True,False,False,baseline,,mathstral,never,NOT_ROUTED
60602,0,mathstral,never,2,0,0,MATH/Llama,MATH/Gemma,60602,35,5,True,True,True,False,False,baseline,,mathstral,never,NOT_ROUTED
60602,0,mathstral,never,2,0,0,MATH/Llama,MATH/Gemma,60602,35,6,True,True,True,False,False,baseline,,mathstral,never,NOT_ROUTED
60602,0,mathstral,never,2,0,0,MATH/Llama,MATH/Gemma,60602,35,7,True,True,True,False,False,baseline,,mathstral,never,NOT_ROUTED
60602,0,mathstral,never,2,0,0,MATH/Llama,MATH/Gemma,60602,36,0,False,False,False,False,False,baseline,,mathstral,never,NOT_ROUTED
60602,0,mathstral,never,2,0,0,MATH/Llama,MATH/Gemma,60602,36,1,False,False,False,False,False,baseline,,mathstral,never,NOT_ROUTED
60602,0,mathstral,never,2,0,0,MATH/Llama,MATH/Gemma,60602,36,2,False,False,False,False,False,baseline,,mathstral,never,NOT_ROUTED
60602,0,mathstral,never,2,0,0,MATH/Llama,MATH/Gemma,60602,36,3,False,False,False,False,False,baseline,,mathstral,never,NOT_ROUTED
60602,0,mathstral,never,2,0,0,MATH/Llama,MATH/Gemma,60602,36,4,False,False,False,False,False,baseline,,mathstral,never,NOT_ROUTED
60602,0,mathstral,never,2,0,0,MATH/Llama,MATH/Gemma,60602,36,5,False,False,False,False,False,baseline,,mathstral,never,NOT_ROUTED
60602,0,mathstral,never,2,0,0,MATH/Llama,MATH/Gemma,60602,36,6,False,False,False,False,False,baseline,,mathstral,never,NOT_ROUTED
60602,0,mathstral,never,2,0,0,MATH/Llama,MATH/Gemma,60602,36,7,False,False,False,False,False,baseline,,mathstral,never,NOT_ROUTED
60602,0,mathstral,never,2,0,0,MATH/Llama,MATH/Gemma,60602,38,0,True,True,True,False,False,baseline,,mathstral,never,NOT_ROUTED
60602,0,mathstral,never,2,0,0,MATH/Llama,MATH/Gemma,60602,38,1,True,True,True,False,False,baseline,,mathstral,never,NOT_ROUTED
60602,0,mathstral,never,2,0,0,MATH/Llama,MATH/Gemma,60602,38,2,True,True,True,False,False,baseline,,mathstral,never,NOT_ROUTED
60602,0,mathstral,never,2,0,0,MATH/Llama,MATH/Gemma,60602,38,3,True,True,True,False,False,baseline,,mathstral,never,NOT_ROUTED
60602,0,mathstral,never,2,0,0,MATH/Llama,MATH/Gemma,60602,38,4,True,True,True,False,False,baseline,,mathstral,never,NOT_ROUTED
60602,0,mathstral,never,2,0,0,MATH/Llama,MATH/Gemma,60602,38,5,True,True,True,False,False,baseline,,mathstral,never,NOT_ROUTED
60602,0,mathstral,never,2,0,0,MATH/Llama,MATH/Gemma,60602,38,6,True,True,True,False,False,baseline,,mathstral,never,NOT_ROUTED
60602,0,mathstral,never,2,0,0,MATH/Llama,MATH/Gemma,60602,38,7,True,True,True,False,False,baseline,,mathstral,never,NOT_ROUTED
60602,0,mathstral,never,2,0,0,MATH/Llama,MATH/Gemma,60602,39,0,True,True,True,False,False,baseline,,mathstral,never,NOT_ROUTED
60602,0,mathstral,never,2,0,0,MATH/Llama,MATH/Gemma,60602,39,1,True,True,True,False,False,baseline,,mathstral,never,NOT_ROUTED
60602,0,mathstral,never,2,0,0,MATH/Llama,MATH/Gemma,60602,39,2,True,True,True,False,False,baseline,,mathstral,never,NOT_ROUTED
60602,0,mathstral,never,2,0,0,MATH/Llama,MATH/Gemma,60602,39,3,True,True,True,False,False,baseline,,mathstral,never,NOT_ROUTED
60602,0,mathstral,never,2,0,0,MATH/Llama,MATH/Gemma,60602,39,4,True,True,True,False,False,baseline,,mathstral,never,NOT_ROUTED
60602,0,mathstral,never,2,0,0,MATH/Llama,MATH/Gemma,60602,39,5,True,True,True,False,False,baseline,,mathstral,never,NOT_ROUTED
60602,0,mathstral,never,2,0,0,MATH/Llama,MATH/Gemma,60602,39,6,True,True,True,False,False,baseline,,mathstral,never,NOT_ROUTED
60602,0,mathstral,never,2,0,0,MATH/Llama,MATH/Gemma,60602,39,7,True,True,True,False,False,baseline,,mathstral,never,NOT_ROUTED
60602,0,mathstral,never,2,0,0,MATH/Llama,MATH/Gemma,60602,42,0,False,False,False,False,False,baseline,,mathstral,never,NOT_ROUTED
60602,0,mathstral,never,2,0,0,MATH/Llama,MATH/Gemma,60602,42,1,False,False,False,False,False,baseline,,mathstral,never,NOT_ROUTED
60602,0,mathstral,never,2,0,0,MATH/Llama,MATH/Gemma,60602,42,2,False,False,False,False,False,baseline,,mathstral,never,NOT_ROUTED
60602,0,mathstral,never,2,0,0,MATH/Llama,MATH/Gemma,60602,42,3,False,False,False,False,False,baseline,,mathstral,never,NOT_ROUTED
60602,0,mathstral,never,2,0,0,MATH/Llama,MATH/Gemma,60602,42,4,False,False,False,False,False,baseline,,mathstral,never,NOT_ROUTED
60602,0,mathstral,never,2,0,0,MATH/Llama,MATH/Gemma,60602,42,5,False,False,False,False,False,baseline,,mathstral,never,NOT_ROUTED
60602,0,mathstral,never,2,0,0,MATH/Llama,MATH/Gemma,60602,42,6,False,False,False,False,False,baseline,,mathstral,never,NOT_ROUTED
60602,0,mathstral,never,2,0,0,MATH/Llama,MATH/Gemma,60602,42,7,False,False,False,False,False,baseline,,mathstral,never,NOT_ROUTED
60602,0,mathstral,never,2,0,0,MATH/Llama,MATH/Gemma,60602,43,0,True,True,True,False,False,baseline,,mathstral,never,NOT_ROUTED
60602,0,mathstral,never,2,0,0,MATH/Llama,MATH/Gemma,60602,43,1,True,True,True,False,False,baseline,,mathstral,never,NOT_ROUTED
60602,0,mathstral,never,2,0,0,MATH/Llama,MATH/Gemma,60602,43,2,True,True,True,False,False,baseline,,mathstral,never,NOT_ROUTED
60602,0,mathstral,never,2,0,0,MATH/Llama,MATH/Gemma,60602,43,3,True,True,True,False,False,baseline,,mathstral,never,NOT_ROUTED
60602,0,mathstral,never,2,0,0,MATH/Llama,MATH/Gemma,60602,43,4,True,True,True,False,False,baseline,,mathstral,never,NOT_ROUTED
60602,0,mathstral,never,2,0,0,MATH/Llama,MATH/Gemma,60602,43,5,True,True,True,False,False,baseline,,mathstral,never,NOT_ROUTED
60602,0,mathstral,never,2,0,0,MATH/Llama,MATH/Gemma,60602,43,6,True,True,True,False,False,baseline,,mathstral,never,NOT_ROUTED
60602,0,mathstral,never,2,0,0,MATH/Llama,MATH/Gemma,60602,43,7,True,True,True,False,False,baseline,,mathstral,never,NOT_ROUTED
60602,0,mathstral,never,2,0,0,MATH/Llama,MATH/Gemma,60602,44,0,False,False,False,False,False,baseline,,mathstral,never,NOT_ROUTED
60602,0,mathstral,never,2,0,0,MATH/Llama,MATH/Gemma,60602,44,1,False,False,False,False,False,baseline,,mathstral,never,NOT_ROUTED
60602,0,mathstral,never,2,0,0,MATH/Llama,MATH/Gemma,60602,44,2,False,False,False,False,False,baseline,,mathstral,never,NOT_ROUTED
60602,0,mathstral,never,2,0,0,MATH/Llama,MATH/Gemma,60602,44,3,False,False,False,False,False,baseline,,mathstral,never,NOT_ROUTED
60602,0,mathstral,never,2,0,0,MATH/Llama,MATH/Gemma,60602,44,4,False,False,False,False,False,baseline,,mathstral,never,NOT_ROUTED
60602,0,mathstral,never,2,0,0,MATH/Llama,MATH/Gemma,60602,44,5,False,False,False,False,False,baseline,,mathstral,never,NOT_ROUTED
60602,0,mathstral,never,2,0,0,MATH/Llama,MATH/Gemma,60602,44,6,False,False,False,False,False,baseline,,mathstral,never,NOT_ROUTED
60602,0,mathstral,never,2,0,0,MATH/Llama,MATH/Gemma,60602,44,7,False,False,False,False,False,baseline,,mathstral,never,NOT_ROUTED
60602,0,mathstral,never,2,0,0,MATH/Llama,MATH/Gemma,60602,45,0,False,False,False,False,False,baseline,,mathstral,never,NOT_ROUTED
60602,0,mathstral,never,2,0,0,MATH/Llama,MATH/Gemma,60602,45,1,False,False,False,False,False,baseline,,mathstral,never,NOT_ROUTED
60602,0,mathstral,never,2,0,0,MATH/Llama,MATH/Gemma,60602,45,2,False,False,False,False,False,baseline,,mathstral,never,NOT_ROUTED
60602,0,mathstral,never,2,0,0,MATH/Llama,MATH/Gemma,60602,45,3,False,False,False,False,False,baseline,,mathstral,never,NOT_ROUTED
60602,0,mathstral,never,2,0,0,MATH/Llama,MATH/Gemma,60602,45,4,False,False,False,False,False,baseline,,mathstral,never,NOT_ROUTED
60602,0,mathstral,never,2,0,0,MATH/Llama,MATH/Gemma,60602,45,5,False,False,False,False,False,baseline,,mathstral,never,NOT_ROUTED
60602,0,mathstral,never,2,0,0,MATH/Llama,MATH/Gemma,60602,45,6,False,False,False,False,False,baseline,,mathstral,never,NOT_ROUTED
60602,0,mathstral,never,2,0,0,MATH/Llama,MATH/Gemma,60602,45,7,False,False,False,False,False,baseline,,mathstral,never,NOT_ROUTED
60602,0,mathstral,never,2,0,0,MATH/Llama,MATH/Gemma,60602,46,0,False,False,False,False,False,baseline,,mathstral,never,NOT_ROUTED
60602,0,mathstral,never,2,0,0,MATH/Llama,MATH/Gemma,60602,46,1,False,False,False,False,False,baseline,,mathstral,never,NOT_ROUTED
60602,0,mathstral,never,2,0,0,MATH/Llama,MATH/Gemma,60602,46,2,False,False,False,False,False,baseline,,mathstral,never,NOT_ROUTED
60602,0,mathstral,never,2,0,0,MATH/Llama,MATH/Gemma,60602,46,3,False,False,False,False,False,baseline,,mathstral,never,NOT_ROUTED
60602,0,mathstral,never,2,0,0,MATH/Llama,MATH/Gemma,60602,46,4,False,False,False,False,False,baseline,,mathstral,never,NOT_ROUTED
60602,0,mathstral,never,2,0,0,MATH/Llama,MATH/Gemma,60602,46,5,False,False,False,False,False,baseline,,mathstral,never,NOT_ROUTED
60602,0,mathstral,never,2,0,0,MATH/Llama,MATH/Gemma,60602,46,6,False,False,False,False,False,baseline,,mathstral,never,NOT_ROUTED
60602,0,mathstral,never,2,0,0,MATH/Llama,MATH/Gemma,60602,46,7,False,False,False,False,False,baseline,,mathstral,never,NOT_ROUTED
60602,0,mathstral,never,2,0,0,MATH/Llama,MATH/Gemma,60602,47,0,True,True,True,False,False,baseline,,mathstral,never,NOT_ROUTED
60602,0,mathstral,never,2,0,0,MATH/Llama,MATH/Gemma,60602,47,1,True,True,True,False,False,baseline,,mathstral,never,NOT_ROUTED
60602,0,mathstral,never,2,0,0,MATH/Llama,MATH/Gemma,60602,47,2,True,True,True,False,False,baseline,,mathstral,never,NOT_ROUTED
60602,0,mathstral,never,2,0,0,MATH/Llama,MATH/Gemma,60602,47,3,True,True,True,False,False,baseline,,mathstral,never,NOT_ROUTED
60602,0,mathstral,never,2,0,0,MATH/Llama,MATH/Gemma,60602,47,4,True,True,True,False,False,baseline,,mathstral,never,NOT_ROUTED
60602,0,mathstral,never,2,0,0,MATH/Llama,MATH/Gemma,60602,47,5,False,False,False,False,False,baseline,,mathstral,never,NOT_ROUTED
60602,0,mathstral,never,2,0,0,MATH/Llama,MATH/Gemma,60602,47,6,False,False,False,False,False,baseline,,mathstral,never,NOT_ROUTED
60602,0,mathstral,never,2,0,0,MATH/Llama,MATH/Gemma,60602,47,7,True,True,True,False,False,baseline,,mathstral,never,NOT_ROUTED
60602,0,mathstral,never,2,0,0,MATH/Llama,MATH/Gemma,60602,49,0,False,False,False,False,False,baseline,,mathstral,never,NOT_ROUTED
60602,0,mathstral,never,2,0,0,MATH/Llama,MATH/Gemma,60602,49,1,False,False,False,False,False,baseline,,mathstral,never,NOT_ROUTED
60602,0,mathstral,never,2,0,0,MATH/Llama,MATH/Gemma,60602,49,2,False,False,False,False,False,baseline,,mathstral,never,NOT_ROUTED
60602,0,mathstral,never,2,0,0,MATH/Llama,MATH/Gemma,60602,49,3,False,False,False,False,False,baseline,,mathstral,never,NOT_ROUTED
60602,0,mathstral,never,2,0,0,MATH/Llama,MATH/Gemma,60602,49,4,False,False,False,False,False,baseline,,mathstral,never,NOT_ROUTED
60602,0,mathstral,never,2,0,0,MATH/Llama,MATH/Gemma,60602,49,5,False,False,False,False,False,baseline,,mathstral,never,NOT_ROUTED
60602,0,mathstral,never,2,0,0,MATH/Llama,MATH/Gemma,60602,49,6,False,False,False,False,False,baseline,,mathstral,never,NOT_ROUTED
60602,0,mathstral,never,2,0,0,MATH/Llama,MATH/Gemma,60602,49,7,False,False,False,False,False,baseline,,mathstral,never,NOT_ROUTED
60602,0,mathstral,never,2,0,0,MATH/Llama,MATH/Gemma,60602,50,0,False,False,False,False,False,baseline,,mathstral,never,NOT_ROUTED
60602,0,mathstral,never,2,0,0,MATH/Llama,MATH/Gemma,60602,50,1,False,False,False,False,False,baseline,,mathstral,never,NOT_ROUTED
60602,0,mathstral,never,2,0,0,MATH/Llama,MATH/Gemma,60602,50,2,False,False,False,False,False,baseline,,mathstral,never,NOT_ROUTED
60602,0,mathstral,never,2,0,0,MATH/Llama,MATH/Gemma,60602,50,3,False,False,False,False,False,baseline,,mathstral,never,NOT_ROUTED
60602,0,mathstral,never,2,0,0,MATH/Llama,MATH/Gemma,60602,50,4,False,False,False,False,False,baseline,,mathstral,never,NOT_ROUTED
60602,0,mathstral,never,2,0,0,MATH/Llama,MATH/Gemma,60602,50,5,False,False,False,False,False,baseline,,mathstral,never,NOT_ROUTED
60602,0,mathstral,never,2,0,0,MATH/Llama,MATH/Gemma,60602,50,6,False,False,False,False,False,baseline,,mathstral,never,NOT_ROUTED
60602,0,mathstral,never,2,0,0,MATH/Llama,MATH/Gemma,60602,50,7,False,False,False,False,False,baseline,,mathstral,never,NOT_ROUTED
60602,0,mathstral,never,2,0,0,MATH/Llama,MATH/Gemma,60602,52,0,False,False,False,False,False,baseline,,mathstral,never,NOT_ROUTED
60602,0,mathstral,never,2,0,0,MATH/Llama,MATH/Gemma,60602,52,1,False,False,False,False,False,baseline,,mathstral,never,NOT_ROUTED
60602,0,mathstral,never,2,0,0,MATH/Llama,MATH/Gemma,60602,52,2,False,False,False,False,False,baseline,,mathstral,never,NOT_ROUTED
60602,0,mathstral,never,2,0,0,MATH/Llama,MATH/Gemma,60602,52,3,False,False,False,False,False,baseline,,mathstral,never,NOT_ROUTED
60602,0,mathstral,never,2,0,0,MATH/Llama,MATH/Gemma,60602,52,4,False,False,False,False,False,baseline,,mathstral,never,NOT_ROUTED
60602,0,mathstral,never,2,0,0,MATH/Llama,MATH/Gemma,60602,52,5,False,False,False,False,False,baseline,,mathstral,never,NOT_ROUTED
60602,0,mathstral,never,2,0,0,MATH/Llama,MATH/Gemma,60602,52,6,False,False,False,False,False,baseline,,mathstral,never,NOT_ROUTED
60602,0,mathstral,never,2,0,0,MATH/Llama,MATH/Gemma,60602,52,7,False,False,False,False,False,baseline,,mathstral,never,NOT_ROUTED
60602,0,mathstral,never,2,0,0,MATH/Llama,MATH/Gemma,60602,54,0,True,True,True,False,False,baseline,,mathstral,never,NOT_ROUTED
60602,0,mathstral,never,2,0,0,MATH/Llama,MATH/Gemma,60602,54,1,True,True,True,False,False,baseline,,mathstral,never,NOT_ROUTED
60602,0,mathstral,never,2,0,0,MATH/Llama,MATH/Gemma,60602,54,2,True,True,True,False,False,baseline,,mathstral,never,NOT_ROUTED
60602,0,mathstral,never,2,0,0,MATH/Llama,MATH/Gemma,60602,54,3,False,False,False,False,False,baseline,,mathstral,never,NOT_ROUTED
60602,0,mathstral,never,2,0,0,MATH/Llama,MATH/Gemma,60602,54,4,True,True,True,False,False,baseline,,mathstral,never,NOT_ROUTED
60602,0,mathstral,never,2,0,0,MATH/Llama,MATH/Gemma,60602,54,5,False,False,False,False,False,baseline,,mathstral,never,NOT_ROUTED
60602,0,mathstral,never,2,0,0,MATH/Llama,MATH/Gemma,60602,54,6,True,True,True,False,False,baseline,,mathstral,never,NOT_ROUTED
60602,0,mathstral,never,2,0,0,MATH/Llama,MATH/Gemma,60602,54,7,False,False,False,False,False,baseline,,mathstral,never,NOT_ROUTED
60602,0,mathstral,never,2,0,0,MATH/Llama,MATH/Gemma,60602,56,0,False,False,False,False,False,baseline,,mathstral,never,NOT_ROUTED
60602,0,mathstral,never,2,0,0,MATH/Llama,MATH/Gemma,60602,56,1,False,False,False,False,False,baseline,,mathstral,never,NOT_ROUTED
60602,0,mathstral,never,2,0,0,MATH/Llama,MATH/Gemma,60602,56,2,False,False,False,False,False,baseline,,mathstral,never,NOT_ROUTED
60602,0,mathstral,never,2,0,0,MATH/Llama,MATH/Gemma,60602,56,3,False,False,False,False,False,baseline,,mathstral,never,NOT_ROUTED
60602,0,mathstral,never,2,0,0,MATH/Llama,MATH/Gemma,60602,56,4,False,False,False,False,False,baseline,,mathstral,never,NOT_ROUTED
60602,0,mathstral,never,2,0,0,MATH/Llama,MATH/Gemma,60602,56,5,False,False,False,False,False,baseline,,mathstral,never,NOT_ROUTED
60602,0,mathstral,never,2,0,0,MATH/Llama,MATH/Gemma,60602,56,6,False,False,False,True,False,target_intersection_top20,pairwise_router_v123_llama_with_gemma_budget0_all_0003_neither_correct_s60602_p56_t6,mathstral,never,NEITHER
60602,0,mathstral,never,2,0,0,MATH/Llama,MATH/Gemma,60602,56,7,False,False,False,False,False,baseline,,mathstral,never,NOT_ROUTED
60602,0,mathstral,never,2,0,0,MATH/Llama,MATH/Gemma,60602,61,0,False,False,False,False,False,baseline,,mathstral,never,NOT_ROUTED
60602,0,mathstral,never,2,0,0,MATH/Llama,MATH/Gemma,60602,61,1,False,False,False,False,False,baseline,,mathstral,never,NOT_ROUTED
60602,0,mathstral,never,2,0,0,MATH/Llama,MATH/Gemma,60602,61,2,False,False,False,False,False,baseline,,mathstral,never,NOT_ROUTED
60602,0,mathstral,never,2,0,0,MATH/Llama,MATH/Gemma,60602,61,3,False,False,False,False,False,baseline,,mathstral,never,NOT_ROUTED
60602,0,mathstral,never,2,0,0,MATH/Llama,MATH/Gemma,60602,61,4,False,False,False,False,False,baseline,,mathstral,never,NOT_ROUTED
60602,0,mathstral,never,2,0,0,MATH/Llama,MATH/Gemma,60602,61,5,False,False,False,False,False,baseline,,mathstral,never,NOT_ROUTED
60602,0,mathstral,never,2,0,0,MATH/Llama,MATH/Gemma,60602,61,6,False,False,False,False,False,baseline,,mathstral,never,NOT_ROUTED
60602,0,mathstral,never,2,0,0,MATH/Llama,MATH/Gemma,60602,61,7,False,False,False,False,False,baseline,,mathstral,never,NOT_ROUTED
60602,0,mathstral,never,2,0,0,MATH/Llama,MATH/Gemma,60602,62,0,False,False,False,False,False,baseline,,mathstral,never,NOT_ROUTED
60602,0,mathstral,never,2,0,0,MATH/Llama,MATH/Gemma,60602,62,1,False,False,False,False,False,baseline,,mathstral,never,NOT_ROUTED
60602,0,mathstral,never,2,0,0,MATH/Llama,MATH/Gemma,60602,62,2,False,False,False,False,False,baseline,,mathstral,never,NOT_ROUTED
60602,0,mathstral,never,2,0,0,MATH/Llama,MATH/Gemma,60602,62,3,False,False,False,False,False,baseline,,mathstral,never,NOT_ROUTED
60602,0,mathstral,never,2,0,0,MATH/Llama,MATH/Gemma,60602,62,4,False,False,False,False,False,baseline,,mathstral,never,NOT_ROUTED
60602,0,mathstral,never,2,0,0,MATH/Llama,MATH/Gemma,60602,62,5,False,False,False,False,False,baseline,,mathstral,never,NOT_ROUTED
60602,0,mathstral,never,2,0,0,MATH/Llama,MATH/Gemma,60602,62,6,False,False,False,False,False,baseline,,mathstral,never,NOT_ROUTED
60602,0,mathstral,never,2,0,0,MATH/Llama,MATH/Gemma,60602,62,7,False,False,False,False,False,baseline,,mathstral,never,NOT_ROUTED
60602,0,mathstral,never,2,0,0,MATH/Llama,MATH/Gemma,60602,63,0,True,True,True,False,False,baseline,,mathstral,never,NOT_ROUTED
60602,0,mathstral,never,2,0,0,MATH/Llama,MATH/Gemma,60602,63,1,True,True,True,False,False,baseline,,mathstral,never,NOT_ROUTED
60602,0,mathstral,never,2,0,0,MATH/Llama,MATH/Gemma,60602,63,2,False,False,False,False,False,baseline,,mathstral,never,NOT_ROUTED
60602,0,mathstral,never,2,0,0,MATH/Llama,MATH/Gemma,60602,63,3,True,True,True,False,False,baseline,,mathstral,never,NOT_ROUTED
60602,0,mathstral,never,2,0,0,MATH/Llama,MATH/Gemma,60602,63,4,True,True,True,False,False,baseline,,mathstral,never,NOT_ROUTED
60602,0,mathstral,never,2,0,0,MATH/Llama,MATH/Gemma,60602,63,5,True,True,True,False,False,baseline,,mathstral,never,NOT_ROUTED
60602,0,mathstral,never,2,0,0,MATH/Llama,MATH/Gemma,60602,63,6,False,False,False,False,False,baseline,,mathstral,never,NOT_ROUTED
60602,0,mathstral,never,2,0,0,MATH/Llama,MATH/Gemma,60602,63,7,False,False,False,False,False,baseline,,mathstral,never,NOT_ROUTED
60602,0,mathstral,never,2,0,0,MATH/Llama,MATH/Gemma,60602,65,0,False,False,False,False,False,baseline,,mathstral,never,NOT_ROUTED
60602,0,mathstral,never,2,0,0,MATH/Llama,MATH/Gemma,60602,65,1,False,False,False,False,False,baseline,,mathstral,never,NOT_ROUTED
60602,0,mathstral,never,2,0,0,MATH/Llama,MATH/Gemma,60602,65,2,False,False,False,False,False,baseline,,mathstral,never,NOT_ROUTED
60602,0,mathstral,never,2,0,0,MATH/Llama,MATH/Gemma,60602,65,3,False,False,False,False,False,baseline,,mathstral,never,NOT_ROUTED
60602,0,mathstral,never,2,0,0,MATH/Llama,MATH/Gemma,60602,65,4,False,False,False,False,False,baseline,,mathstral,never,NOT_ROUTED
60602,0,mathstral,never,2,0,0,MATH/Llama,MATH/Gemma,60602,65,5,False,False,False,False,False,baseline,,mathstral,never,NOT_ROUTED
60602,0,mathstral,never,2,0,0,MATH/Llama,MATH/Gemma,60602,65,6,False,False,False,False,False,baseline,,mathstral,never,NOT_ROUTED
60602,0,mathstral,never,2,0,0,MATH/Llama,MATH/Gemma,60602,65,7,False,False,False,False,False,baseline,,mathstral,never,NOT_ROUTED
60602,0,mathstral,never,2,0,0,MATH/Llama,MATH/Gemma,60602,66,0,False,False,False,False,False,baseline,,mathstral,never,NOT_ROUTED
60602,0,mathstral,never,2,0,0,MATH/Llama,MATH/Gemma,60602,66,1,False,False,False,False,False,baseline,,mathstral,never,NOT_ROUTED
60602,0,mathstral,never,2,0,0,MATH/Llama,MATH/Gemma,60602,66,2,False,False,False,False,False,baseline,,mathstral,never,NOT_ROUTED
60602,0,mathstral,never,2,0,0,MATH/Llama,MATH/Gemma,60602,66,3,False,False,False,False,False,baseline,,mathstral,never,NOT_ROUTED
60602,0,mathstral,never,2,0,0,MATH/Llama,MATH/Gemma,60602,66,4,False,False,False,False,False,baseline,,mathstral,never,NOT_ROUTED
60602,0,mathstral,never,2,0,0,MATH/Llama,MATH/Gemma,60602,66,5,False,False,False,False,False,baseline,,mathstral,never,NOT_ROUTED
60602,0,mathstral,never,2,0,0,MATH/Llama,MATH/Gemma,60602,66,6,False,False,False,False,False,baseline,,mathstral,never,NOT_ROUTED
60602,0,mathstral,never,2,0,0,MATH/Llama,MATH/Gemma,60602,66,7,False,False,False,False,False,baseline,,mathstral,never,NOT_ROUTED
60602,0,mathstral,never,2,0,0,MATH/Llama,MATH/Gemma,60602,67,0,True,True,True,False,False,baseline,,mathstral,never,NOT_ROUTED
60602,0,mathstral,never,2,0,0,MATH/Llama,MATH/Gemma,60602,67,1,True,True,True,False,False,baseline,,mathstral,never,NOT_ROUTED
60602,0,mathstral,never,2,0,0,MATH/Llama,MATH/Gemma,60602,67,2,True,True,True,False,False,baseline,,mathstral,never,NOT_ROUTED
60602,0,mathstral,never,2,0,0,MATH/Llama,MATH/Gemma,60602,67,3,True,True,True,False,False,baseline,,mathstral,never,NOT_ROUTED
60602,0,mathstral,never,2,0,0,MATH/Llama,MATH/Gemma,60602,67,4,True,True,True,False,False,baseline,,mathstral,never,NOT_ROUTED
60602,0,mathstral,never,2,0,0,MATH/Llama,MATH/Gemma,60602,67,5,True,True,True,False,False,baseline,,mathstral,never,NOT_ROUTED
60602,0,mathstral,never,2,0,0,MATH/Llama,MATH/Gemma,60602,67,6,True,True,True,False,False,baseline,,mathstral,never,NOT_ROUTED
60602,0,mathstral,never,2,0,0,MATH/Llama,MATH/Gemma,60602,67,7,True,True,True,False,False,baseline,,mathstral,never,NOT_ROUTED
60602,0,mathstral,never,2,0,0,MATH/Llama,MATH/Gemma,60602,69,0,False,False,False,False,False,baseline,,mathstral,never,NOT_ROUTED
60602,0,mathstral,never,2,0,0,MATH/Llama,MATH/Gemma,60602,69,1,False,False,False,False,False,baseline,,mathstral,never,NOT_ROUTED
60602,0,mathstral,never,2,0,0,MATH/Llama,MATH/Gemma,60602,69,2,False,False,False,False,False,baseline,,mathstral,never,NOT_ROUTED
60602,0,mathstral,never,2,0,0,MATH/Llama,MATH/Gemma,60602,69,3,False,False,False,False,False,baseline,,mathstral,never,NOT_ROUTED
60602,0,mathstral,never,2,0,0,MATH/Llama,MATH/Gemma,60602,69,4,False,False,False,False,False,baseline,,mathstral,never,NOT_ROUTED
60602,0,mathstral,never,2,0,0,MATH/Llama,MATH/Gemma,60602,69,5,False,False,False,False,False,baseline,,mathstral,never,NOT_ROUTED
60602,0,mathstral,never,2,0,0,MATH/Llama,MATH/Gemma,60602,69,6,False,False,False,False,False,baseline,,mathstral,never,NOT_ROUTED
60602,0,mathstral,never,2,0,0,MATH/Llama,MATH/Gemma,60602,69,7,False,False,False,False,False,baseline,,mathstral,never,NOT_ROUTED
60602,0,mathstral,never,2,0,0,MATH/Llama,MATH/Gemma,60602,72,0,False,False,False,False,False,baseline,,mathstral,never,NOT_ROUTED
60602,0,mathstral,never,2,0,0,MATH/Llama,MATH/Gemma,60602,72,1,False,False,False,False,False,baseline,,mathstral,never,NOT_ROUTED
60602,0,mathstral,never,2,0,0,MATH/Llama,MATH/Gemma,60602,72,2,False,False,False,False,False,baseline,,mathstral,never,NOT_ROUTED
60602,0,mathstral,never,2,0,0,MATH/Llama,MATH/Gemma,60602,72,3,False,False,False,False,False,baseline,,mathstral,never,NOT_ROUTED
60602,0,mathstral,never,2,0,0,MATH/Llama,MATH/Gemma,60602,72,4,False,False,False,False,False,baseline,,mathstral,never,NOT_ROUTED
60602,0,mathstral,never,2,0,0,MATH/Llama,MATH/Gemma,60602,72,5,False,False,False,False,False,baseline,,mathstral,never,NOT_ROUTED
60602,0,mathstral,never,2,0,0,MATH/Llama,MATH/Gemma,60602,72,6,False,False,False,False,False,baseline,,mathstral,never,NOT_ROUTED
60602,0,mathstral,never,2,0,0,MATH/Llama,MATH/Gemma,60602,72,7,False,False,False,False,False,baseline,,mathstral,never,NOT_ROUTED
60602,0,mathstral,never,2,0,0,MATH/Llama,MATH/Gemma,60602,74,0,False,False,False,False,False,baseline,,mathstral,never,NOT_ROUTED
60602,0,mathstral,never,2,0,0,MATH/Llama,MATH/Gemma,60602,74,1,False,False,False,False,False,baseline,,mathstral,never,NOT_ROUTED
60602,0,mathstral,never,2,0,0,MATH/Llama,MATH/Gemma,60602,74,2,False,False,False,False,False,baseline,,mathstral,never,NOT_ROUTED
60602,0,mathstral,never,2,0,0,MATH/Llama,MATH/Gemma,60602,74,3,False,False,False,False,False,baseline,,mathstral,never,NOT_ROUTED
60602,0,mathstral,never,2,0,0,MATH/Llama,MATH/Gemma,60602,74,4,False,False,False,False,False,baseline,,mathstral,never,NOT_ROUTED
60602,0,mathstral,never,2,0,0,MATH/Llama,MATH/Gemma,60602,74,5,False,False,False,False,False,baseline,,mathstral,never,NOT_ROUTED
60602,0,mathstral,never,2,0,0,MATH/Llama,MATH/Gemma,60602,74,6,False,False,False,False,False,baseline,,mathstral,never,NOT_ROUTED
60602,0,mathstral,never,2,0,0,MATH/Llama,MATH/Gemma,60602,74,7,False,False,False,False,False,baseline,,mathstral,never,NOT_ROUTED
60602,0,mathstral,never,2,0,0,MATH/Llama,MATH/Gemma,60602,75,0,False,False,False,False,False,baseline,,mathstral,never,NOT_ROUTED
60602,0,mathstral,never,2,0,0,MATH/Llama,MATH/Gemma,60602,75,1,False,False,False,False,False,baseline,,mathstral,never,NOT_ROUTED
60602,0,mathstral,never,2,0,0,MATH/Llama,MATH/Gemma,60602,75,2,False,False,False,False,False,baseline,,mathstral,never,NOT_ROUTED
60602,0,mathstral,never,2,0,0,MATH/Llama,MATH/Gemma,60602,75,3,False,False,False,False,False,baseline,,mathstral,never,NOT_ROUTED
60602,0,mathstral,never,2,0,0,MATH/Llama,MATH/Gemma,60602,75,4,False,False,False,False,False,baseline,,mathstral,never,NOT_ROUTED
60602,0,mathstral,never,2,0,0,MATH/Llama,MATH/Gemma,60602,75,5,False,False,False,False,False,baseline,,mathstral,never,NOT_ROUTED
60602,0,mathstral,never,2,0,0,MATH/Llama,MATH/Gemma,60602,75,6,False,False,False,False,False,baseline,,mathstral,never,NOT_ROUTED
60602,0,mathstral,never,2,0,0,MATH/Llama,MATH/Gemma,60602,75,7,False,False,False,False,False,baseline,,mathstral,never,NOT_ROUTED
60602,0,mathstral,never,2,0,0,MATH/Llama,MATH/Gemma,60602,77,0,False,False,False,False,False,baseline,,mathstral,never,NOT_ROUTED
60602,0,mathstral,never,2,0,0,MATH/Llama,MATH/Gemma,60602,77,1,False,False,False,False,False,baseline,,mathstral,never,NOT_ROUTED
60602,0,mathstral,never,2,0,0,MATH/Llama,MATH/Gemma,60602,77,2,False,False,False,False,False,baseline,,mathstral,never,NOT_ROUTED
60602,0,mathstral,never,2,0,0,MATH/Llama,MATH/Gemma,60602,77,3,False,False,False,False,False,baseline,,mathstral,never,NOT_ROUTED
60602,0,mathstral,never,2,0,0,MATH/Llama,MATH/Gemma,60602,77,4,False,False,False,False,False,baseline,,mathstral,never,NOT_ROUTED
60602,0,mathstral,never,2,0,0,MATH/Llama,MATH/Gemma,60602,77,5,False,False,False,False,False,baseline,,mathstral,never,NOT_ROUTED
60602,0,mathstral,never,2,0,0,MATH/Llama,MATH/Gemma,60602,77,6,False,False,False,False,False,baseline,,mathstral,never,NOT_ROUTED
60602,0,mathstral,never,2,0,0,MATH/Llama,MATH/Gemma,60602,77,7,False,False,False,False,False,baseline,,mathstral,never,NOT_ROUTED
60602,0,mathstral,never,2,0,0,MATH/Llama,MATH/Gemma,60602,79,0,True,True,True,False,False,baseline,,mathstral,never,NOT_ROUTED
60602,0,mathstral,never,2,0,0,MATH/Llama,MATH/Gemma,60602,79,1,True,True,True,False,False,baseline,,mathstral,never,NOT_ROUTED
60602,0,mathstral,never,2,0,0,MATH/Llama,MATH/Gemma,60602,79,2,True,True,True,False,False,baseline,,mathstral,never,NOT_ROUTED
60602,0,mathstral,never,2,0,0,MATH/Llama,MATH/Gemma,60602,79,3,True,True,True,False,False,baseline,,mathstral,never,NOT_ROUTED
60602,0,mathstral,never,2,0,0,MATH/Llama,MATH/Gemma,60602,79,4,True,True,True,False,False,baseline,,mathstral,never,NOT_ROUTED
60602,0,mathstral,never,2,0,0,MATH/Llama,MATH/Gemma,60602,79,5,True,True,True,False,False,baseline,,mathstral,never,NOT_ROUTED
60602,0,mathstral,never,2,0,0,MATH/Llama,MATH/Gemma,60602,79,6,True,True,True,False,False,baseline,,mathstral,never,NOT_ROUTED
60602,0,mathstral,never,2,0,0,MATH/Llama,MATH/Gemma,60602,79,7,True,True,True,False,False,baseline,,mathstral,never,NOT_ROUTED
60602,0,mathstral,never,2,0,0,MATH/Llama,MATH/Gemma,60602,82,0,True,True,True,False,False,baseline,,mathstral,never,NOT_ROUTED
60602,0,mathstral,never,2,0,0,MATH/Llama,MATH/Gemma,60602,82,1,False,False,False,False,False,baseline,,mathstral,never,NOT_ROUTED
60602,0,mathstral,never,2,0,0,MATH/Llama,MATH/Gemma,60602,82,2,False,False,False,False,False,baseline,,mathstral,never,NOT_ROUTED
60602,0,mathstral,never,2,0,0,MATH/Llama,MATH/Gemma,60602,82,3,True,True,True,False,False,baseline,,mathstral,never,NOT_ROUTED
60602,0,mathstral,never,2,0,0,MATH/Llama,MATH/Gemma,60602,82,4,False,False,False,False,False,baseline,,mathstral,never,NOT_ROUTED
60602,0,mathstral,never,2,0,0,MATH/Llama,MATH/Gemma,60602,82,5,False,False,False,False,False,baseline,,mathstral,never,NOT_ROUTED
60602,0,mathstral,never,2,0,0,MATH/Llama,MATH/Gemma,60602,82,6,True,True,True,False,False,baseline,,mathstral,never,NOT_ROUTED
60602,0,mathstral,never,2,0,0,MATH/Llama,MATH/Gemma,60602,82,7,True,True,True,False,False,baseline,,mathstral,never,NOT_ROUTED
60602,0,mathstral,never,2,0,0,MATH/Llama,MATH/Gemma,60602,83,0,True,True,True,False,False,baseline,,mathstral,never,NOT_ROUTED
60602,0,mathstral,never,2,0,0,MATH/Llama,MATH/Gemma,60602,83,1,True,True,True,False,False,baseline,,mathstral,never,NOT_ROUTED
60602,0,mathstral,never,2,0,0,MATH/Llama,MATH/Gemma,60602,83,2,True,True,True,False,False,baseline,,mathstral,never,NOT_ROUTED
60602,0,mathstral,never,2,0,0,MATH/Llama,MATH/Gemma,60602,83,3,True,True,True,False,False,baseline,,mathstral,never,NOT_ROUTED
60602,0,mathstral,never,2,0,0,MATH/Llama,MATH/Gemma,60602,83,4,True,True,True,False,False,baseline,,mathstral,never,NOT_ROUTED
60602,0,mathstral,never,2,0,0,MATH/Llama,MATH/Gemma,60602,83,5,True,True,True,False,False,baseline,,mathstral,never,NOT_ROUTED
60602,0,mathstral,never,2,0,0,MATH/Llama,MATH/Gemma,60602,83,6,True,True,True,False,False,baseline,,mathstral,never,NOT_ROUTED
60602,0,mathstral,never,2,0,0,MATH/Llama,MATH/Gemma,60602,83,7,True,True,True,False,False,baseline,,mathstral,never,NOT_ROUTED
60602,0,mathstral,never,2,0,0,MATH/Llama,MATH/Gemma,60602,84,0,True,True,True,False,False,baseline,,mathstral,never,NOT_ROUTED
60602,0,mathstral,never,2,0,0,MATH/Llama,MATH/Gemma,60602,84,1,True,True,True,False,False,baseline,,mathstral,never,NOT_ROUTED
60602,0,mathstral,never,2,0,0,MATH/Llama,MATH/Gemma,60602,84,2,True,True,True,False,False,baseline,,mathstral,never,NOT_ROUTED
60602,0,mathstral,never,2,0,0,MATH/Llama,MATH/Gemma,60602,84,3,True,True,True,False,False,baseline,,mathstral,never,NOT_ROUTED
60602,0,mathstral,never,2,0,0,MATH/Llama,MATH/Gemma,60602,84,4,True,True,True,False,False,baseline,,mathstral,never,NOT_ROUTED
60602,0,mathstral,never,2,0,0,MATH/Llama,MATH/Gemma,60602,84,5,True,True,True,False,False,baseline,,mathstral,never,NOT_ROUTED
60602,0,mathstral,never,2,0,0,MATH/Llama,MATH/Gemma,60602,84,6,True,True,True,False,False,baseline,,mathstral,never,NOT_ROUTED
60602,0,mathstral,never,2,0,0,MATH/Llama,MATH/Gemma,60602,84,7,True,True,True,False,False,baseline,,mathstral,never,NOT_ROUTED
60602,0,mathstral,never,2,0,0,MATH/Llama,MATH/Gemma,60602,85,0,True,True,True,False,False,baseline,,mathstral,never,NOT_ROUTED
60602,0,mathstral,never,2,0,0,MATH/Llama,MATH/Gemma,60602,85,1,False,False,False,False,False,baseline,,mathstral,never,NOT_ROUTED
60602,0,mathstral,never,2,0,0,MATH/Llama,MATH/Gemma,60602,85,2,True,True,True,False,False,baseline,,mathstral,never,NOT_ROUTED
60602,0,mathstral,never,2,0,0,MATH/Llama,MATH/Gemma,60602,85,3,True,True,True,False,False,baseline,,mathstral,never,NOT_ROUTED
60602,0,mathstral,never,2,0,0,MATH/Llama,MATH/Gemma,60602,85,4,True,True,True,False,False,baseline,,mathstral,never,NOT_ROUTED
60602,0,mathstral,never,2,0,0,MATH/Llama,MATH/Gemma,60602,85,5,True,True,True,False,False,baseline,,mathstral,never,NOT_ROUTED
60602,0,mathstral,never,2,0,0,MATH/Llama,MATH/Gemma,60602,85,6,False,False,False,False,False,baseline,,mathstral,never,NOT_ROUTED
60602,0,mathstral,never,2,0,0,MATH/Llama,MATH/Gemma,60602,85,7,True,True,True,False,False,baseline,,mathstral,never,NOT_ROUTED
60602,0,mathstral,never,2,0,0,MATH/Llama,MATH/Gemma,60602,87,0,False,False,False,False,False,baseline,,mathstral,never,NOT_ROUTED
60602,0,mathstral,never,2,0,0,MATH/Llama,MATH/Gemma,60602,87,1,False,False,False,False,False,baseline,,mathstral,never,NOT_ROUTED
60602,0,mathstral,never,2,0,0,MATH/Llama,MATH/Gemma,60602,87,2,False,False,False,False,False,baseline,,mathstral,never,NOT_ROUTED
60602,0,mathstral,never,2,0,0,MATH/Llama,MATH/Gemma,60602,87,3,False,False,False,False,False,baseline,,mathstral,never,NOT_ROUTED
60602,0,mathstral,never,2,0,0,MATH/Llama,MATH/Gemma,60602,87,4,False,False,False,False,False,baseline,,mathstral,never,NOT_ROUTED
60602,0,mathstral,never,2,0,0,MATH/Llama,MATH/Gemma,60602,87,5,False,False,False,False,False,baseline,,mathstral,never,NOT_ROUTED
60602,0,mathstral,never,2,0,0,MATH/Llama,MATH/Gemma,60602,87,6,False,False,False,False,False,baseline,,mathstral,never,NOT_ROUTED
60602,0,mathstral,never,2,0,0,MATH/Llama,MATH/Gemma,60602,87,7,False,False,False,False,False,baseline,,mathstral,never,NOT_ROUTED
60602,0,mathstral,never,2,0,0,MATH/Llama,MATH/Gemma,60602,91,0,True,True,True,False,False,baseline,,mathstral,never,NOT_ROUTED
60602,0,mathstral,never,2,0,0,MATH/Llama,MATH/Gemma,60602,91,1,True,True,True,False,False,baseline,,mathstral,never,NOT_ROUTED
60602,0,mathstral,never,2,0,0,MATH/Llama,MATH/Gemma,60602,91,2,True,True,True,False,False,baseline,,mathstral,never,NOT_ROUTED
60602,0,mathstral,never,2,0,0,MATH/Llama,MATH/Gemma,60602,91,3,True,True,True,False,False,baseline,,mathstral,never,NOT_ROUTED
60602,0,mathstral,never,2,0,0,MATH/Llama,MATH/Gemma,60602,91,4,True,True,True,False,False,baseline,,mathstral,never,NOT_ROUTED
60602,0,mathstral,never,2,0,0,MATH/Llama,MATH/Gemma,60602,91,5,True,True,True,False,False,baseline,,mathstral,never,NOT_ROUTED
60602,0,mathstral,never,2,0,0,MATH/Llama,MATH/Gemma,60602,91,6,True,True,True,False,False,baseline,,mathstral,never,NOT_ROUTED
60602,0,mathstral,never,2,0,0,MATH/Llama,MATH/Gemma,60602,91,7,True,True,True,False,False,baseline,,mathstral,never,NOT_ROUTED
60602,0,mathstral,never,2,0,0,MATH/Llama,MATH/Gemma,60602,92,0,True,True,True,False,False,baseline,,mathstral,never,NOT_ROUTED
60602,0,mathstral,never,2,0,0,MATH/Llama,MATH/Gemma,60602,92,1,True,True,True,False,False,baseline,,mathstral,never,NOT_ROUTED
60602,0,mathstral,never,2,0,0,MATH/Llama,MATH/Gemma,60602,92,2,True,True,True,False,False,baseline,,mathstral,never,NOT_ROUTED
60602,0,mathstral,never,2,0,0,MATH/Llama,MATH/Gemma,60602,92,3,True,True,True,False,False,baseline,,mathstral,never,NOT_ROUTED
60602,0,mathstral,never,2,0,0,MATH/Llama,MATH/Gemma,60602,92,4,True,True,True,False,False,baseline,,mathstral,never,NOT_ROUTED
60602,0,mathstral,never,2,0,0,MATH/Llama,MATH/Gemma,60602,92,5,True,True,True,False,False,baseline,,mathstral,never,NOT_ROUTED
60602,0,mathstral,never,2,0,0,MATH/Llama,MATH/Gemma,60602,92,6,True,True,True,False,False,baseline,,mathstral,never,NOT_ROUTED
60602,0,mathstral,never,2,0,0,MATH/Llama,MATH/Gemma,60602,92,7,True,True,True,False,False,baseline,,mathstral,never,NOT_ROUTED
60602,0,mathstral,never,2,0,0,MATH/Llama,MATH/Gemma,60602,93,0,True,True,True,False,False,baseline,,mathstral,never,NOT_ROUTED
60602,0,mathstral,never,2,0,0,MATH/Llama,MATH/Gemma,60602,93,1,True,True,True,False,False,baseline,,mathstral,never,NOT_ROUTED
60602,0,mathstral,never,2,0,0,MATH/Llama,MATH/Gemma,60602,93,2,True,True,True,False,False,baseline,,mathstral,never,NOT_ROUTED
60602,0,mathstral,never,2,0,0,MATH/Llama,MATH/Gemma,60602,93,3,True,True,True,False,False,baseline,,mathstral,never,NOT_ROUTED
60602,0,mathstral,never,2,0,0,MATH/Llama,MATH/Gemma,60602,93,4,True,True,True,False,False,baseline,,mathstral,never,NOT_ROUTED
60602,0,mathstral,never,2,0,0,MATH/Llama,MATH/Gemma,60602,93,5,True,True,True,False,False,baseline,,mathstral,never,NOT_ROUTED
60602,0,mathstral,never,2,0,0,MATH/Llama,MATH/Gemma,60602,93,6,True,True,True,False,False,baseline,,mathstral,never,NOT_ROUTED
60602,0,mathstral,never,2,0,0,MATH/Llama,MATH/Gemma,60602,93,7,True,True,True,False,False,baseline,,mathstral,never,NOT_ROUTED
60602,0,mathstral,never,2,0,0,MATH/Llama,MATH/Gemma,60602,94,0,True,True,True,False,False,baseline,,mathstral,never,NOT_ROUTED
60602,0,mathstral,never,2,0,0,MATH/Llama,MATH/Gemma,60602,94,1,True,True,True,False,False,baseline,,mathstral,never,NOT_ROUTED
60602,0,mathstral,never,2,0,0,MATH/Llama,MATH/Gemma,60602,94,2,True,True,True,False,False,baseline,,mathstral,never,NOT_ROUTED
60602,0,mathstral,never,2,0,0,MATH/Llama,MATH/Gemma,60602,94,3,True,True,True,False,False,baseline,,mathstral,never,NOT_ROUTED
60602,0,mathstral,never,2,0,0,MATH/Llama,MATH/Gemma,60602,94,4,False,False,False,False,False,baseline,,mathstral,never,NOT_ROUTED
60602,0,mathstral,never,2,0,0,MATH/Llama,MATH/Gemma,60602,94,5,True,True,True,False,False,baseline,,mathstral,never,NOT_ROUTED
60602,0,mathstral,never,2,0,0,MATH/Llama,MATH/Gemma,60602,94,6,False,False,False,False,False,baseline,,mathstral,never,NOT_ROUTED
60602,0,mathstral,never,2,0,0,MATH/Llama,MATH/Gemma,60602,94,7,True,True,True,False,False,baseline,,mathstral,never,NOT_ROUTED
60602,0,mathstral,never,2,0,0,MATH/Llama,MATH/Gemma,60602,95,0,False,False,False,False,False,baseline,,mathstral,never,NOT_ROUTED
60602,0,mathstral,never,2,0,0,MATH/Llama,MATH/Gemma,60602,95,1,False,False,False,False,False,baseline,,mathstral,never,NOT_ROUTED
60602,0,mathstral,never,2,0,0,MATH/Llama,MATH/Gemma,60602,95,2,False,False,False,False,False,baseline,,mathstral,never,NOT_ROUTED
60602,0,mathstral,never,2,0,0,MATH/Llama,MATH/Gemma,60602,95,3,False,False,False,False,False,baseline,,mathstral,never,NOT_ROUTED
60602,0,mathstral,never,2,0,0,MATH/Llama,MATH/Gemma,60602,95,4,False,False,False,False,False,baseline,,mathstral,never,NOT_ROUTED
60602,0,mathstral,never,2,0,0,MATH/Llama,MATH/Gemma,60602,95,5,False,False,False,False,False,baseline,,mathstral,never,NOT_ROUTED
60602,0,mathstral,never,2,0,0,MATH/Llama,MATH/Gemma,60602,95,6,False,False,False,False,False,baseline,,mathstral,never,NOT_ROUTED
60602,0,mathstral,never,2,0,0,MATH/Llama,MATH/Gemma,60602,95,7,False,False,False,False,False,baseline,,mathstral,never,NOT_ROUTED
60602,0,mathstral,never,2,0,0,MATH/Llama,MATH/Gemma,60602,98,0,False,False,False,False,False,baseline,,mathstral,never,NOT_ROUTED
60602,0,mathstral,never,2,0,0,MATH/Llama,MATH/Gemma,60602,98,1,True,True,True,False,False,baseline,,mathstral,never,NOT_ROUTED
60602,0,mathstral,never,2,0,0,MATH/Llama,MATH/Gemma,60602,98,2,True,True,True,False,False,baseline,,mathstral,never,NOT_ROUTED
60602,0,mathstral,never,2,0,0,MATH/Llama,MATH/Gemma,60602,98,3,True,True,True,False,False,baseline,,mathstral,never,NOT_ROUTED
60602,0,mathstral,never,2,0,0,MATH/Llama,MATH/Gemma,60602,98,4,True,True,True,False,False,baseline,,mathstral,never,NOT_ROUTED
60602,0,mathstral,never,2,0,0,MATH/Llama,MATH/Gemma,60602,98,5,True,True,True,False,False,baseline,,mathstral,never,NOT_ROUTED
60602,0,mathstral,never,2,0,0,MATH/Llama,MATH/Gemma,60602,98,6,True,True,True,False,False,baseline,,mathstral,never,NOT_ROUTED
60602,0,mathstral,never,2,0,0,MATH/Llama,MATH/Gemma,60602,98,7,False,False,False,False,False,baseline,,mathstral,never,NOT_ROUTED
60602,0,mathstral,never,2,0,0,MATH/Llama,MATH/Gemma,60602,99,0,True,True,True,False,False,baseline,,mathstral,never,NOT_ROUTED
60602,0,mathstral,never,2,0,0,MATH/Llama,MATH/Gemma,60602,99,1,True,True,True,False,False,baseline,,mathstral,never,NOT_ROUTED
60602,0,mathstral,never,2,0,0,MATH/Llama,MATH/Gemma,60602,99,2,True,True,True,False,False,baseline,,mathstral,never,NOT_ROUTED
60602,0,mathstral,never,2,0,0,MATH/Llama,MATH/Gemma,60602,99,3,True,True,True,False,False,baseline,,mathstral,never,NOT_ROUTED
60602,0,mathstral,never,2,0,0,MATH/Llama,MATH/Gemma,60602,99,4,True,True,True,False,False,baseline,,mathstral,never,NOT_ROUTED
60602,0,mathstral,never,2,0,0,MATH/Llama,MATH/Gemma,60602,99,5,True,True,True,False,False,baseline,,mathstral,never,NOT_ROUTED
60602,0,mathstral,never,2,0,0,MATH/Llama,MATH/Gemma,60602,99,6,True,True,True,False,False,baseline,,mathstral,never,NOT_ROUTED
60602,0,mathstral,never,2,0,0,MATH/Llama,MATH/Gemma,60602,99,7,True,True,True,False,False,baseline,,mathstral,never,NOT_ROUTED
60602,0,mathstral,never,2,0,0,MATH/Llama,MATH/Gemma,60602,100,0,True,True,True,False,False,baseline,,mathstral,never,NOT_ROUTED
60602,0,mathstral,never,2,0,0,MATH/Llama,MATH/Gemma,60602,100,1,True,True,True,False,False,baseline,,mathstral,never,NOT_ROUTED
60602,0,mathstral,never,2,0,0,MATH/Llama,MATH/Gemma,60602,100,2,True,True,True,False,False,baseline,,mathstral,never,NOT_ROUTED
60602,0,mathstral,never,2,0,0,MATH/Llama,MATH/Gemma,60602,100,3,True,True,True,False,False,baseline,,mathstral,never,NOT_ROUTED
60602,0,mathstral,never,2,0,0,MATH/Llama,MATH/Gemma,60602,100,4,True,True,True,False,False,baseline,,mathstral,never,NOT_ROUTED
60602,0,mathstral,never,2,0,0,MATH/Llama,MATH/Gemma,60602,100,5,True,True,True,False,False,baseline,,mathstral,never,NOT_ROUTED
60602,0,mathstral,never,2,0,0,MATH/Llama,MATH/Gemma,60602,100,6,True,True,True,False,False,baseline,,mathstral,never,NOT_ROUTED
60602,0,mathstral,never,2,0,0,MATH/Llama,MATH/Gemma,60602,100,7,True,True,True,False,False,baseline,,mathstral,never,NOT_ROUTED
60602,0,mathstral,never,2,0,0,MATH/Llama,MATH/Gemma,60602,102,0,True,True,True,False,False,baseline,,mathstral,never,NOT_ROUTED
60602,0,mathstral,never,2,0,0,MATH/Llama,MATH/Gemma,60602,102,1,True,True,True,False,False,baseline,,mathstral,never,NOT_ROUTED
60602,0,mathstral,never,2,0,0,MATH/Llama,MATH/Gemma,60602,102,2,True,True,True,False,False,baseline,,mathstral,never,NOT_ROUTED
60602,0,mathstral,never,2,0,0,MATH/Llama,MATH/Gemma,60602,102,3,True,True,True,False,False,baseline,,mathstral,never,NOT_ROUTED
60602,0,mathstral,never,2,0,0,MATH/Llama,MATH/Gemma,60602,102,4,True,True,True,False,False,baseline,,mathstral,never,NOT_ROUTED
60602,0,mathstral,never,2,0,0,MATH/Llama,MATH/Gemma,60602,102,5,True,True,True,False,False,baseline,,mathstral,never,NOT_ROUTED
60602,0,mathstral,never,2,0,0,MATH/Llama,MATH/Gemma,60602,102,6,True,True,True,False,False,baseline,,mathstral,never,NOT_ROUTED
60602,0,mathstral,never,2,0,0,MATH/Llama,MATH/Gemma,60602,102,7,True,True,True,False,False,baseline,,mathstral,never,NOT_ROUTED
60602,0,mathstral,never,2,0,0,MATH/Llama,MATH/Gemma,60602,103,0,True,True,True,False,False,baseline,,mathstral,never,NOT_ROUTED
60602,0,mathstral,never,2,0,0,MATH/Llama,MATH/Gemma,60602,103,1,True,True,True,False,False,baseline,,mathstral,never,NOT_ROUTED
60602,0,mathstral,never,2,0,0,MATH/Llama,MATH/Gemma,60602,103,2,True,True,True,False,False,baseline,,mathstral,never,NOT_ROUTED
60602,0,mathstral,never,2,0,0,MATH/Llama,MATH/Gemma,60602,103,3,True,True,True,False,False,baseline,,mathstral,never,NOT_ROUTED
60602,0,mathstral,never,2,0,0,MATH/Llama,MATH/Gemma,60602,103,4,True,True,True,False,False,baseline,,mathstral,never,NOT_ROUTED
60602,0,mathstral,never,2,0,0,MATH/Llama,MATH/Gemma,60602,103,5,True,True,True,False,False,baseline,,mathstral,never,NOT_ROUTED
60602,0,mathstral,never,2,0,0,MATH/Llama,MATH/Gemma,60602,103,6,True,True,True,False,False,baseline,,mathstral,never,NOT_ROUTED
60602,0,mathstral,never,2,0,0,MATH/Llama,MATH/Gemma,60602,103,7,True,True,True,False,False,baseline,,mathstral,never,NOT_ROUTED
60602,0,mathstral,never,2,0,0,MATH/Llama,MATH/Gemma,60602,105,0,False,False,False,False,False,baseline,,mathstral,never,NOT_ROUTED
60602,0,mathstral,never,2,0,0,MATH/Llama,MATH/Gemma,60602,105,1,False,False,False,False,False,baseline,,mathstral,never,NOT_ROUTED
60602,0,mathstral,never,2,0,0,MATH/Llama,MATH/Gemma,60602,105,2,False,False,False,False,False,baseline,,mathstral,never,NOT_ROUTED
60602,0,mathstral,never,2,0,0,MATH/Llama,MATH/Gemma,60602,105,3,False,False,False,False,False,baseline,,mathstral,never,NOT_ROUTED
60602,0,mathstral,never,2,0,0,MATH/Llama,MATH/Gemma,60602,105,4,False,False,False,True,False,target_intersection_top10,pairwise_router_v123_llama_with_gemma_budget0_all_0004_neither_correct_s60602_p105_t4,mathstral,never,NEITHER
60602,0,mathstral,never,2,0,0,MATH/Llama,MATH/Gemma,60602,105,5,False,False,False,False,False,baseline,,mathstral,never,NOT_ROUTED
60602,0,mathstral,never,2,0,0,MATH/Llama,MATH/Gemma,60602,105,6,False,False,False,False,False,baseline,,mathstral,never,NOT_ROUTED
60602,0,mathstral,never,2,0,0,MATH/Llama,MATH/Gemma,60602,105,7,False,False,False,False,False,baseline,,mathstral,never,NOT_ROUTED
60602,0,mathstral,never,2,0,0,MATH/Llama,MATH/Gemma,60602,109,0,True,True,True,False,False,baseline,,mathstral,never,NOT_ROUTED
60602,0,mathstral,never,2,0,0,MATH/Llama,MATH/Gemma,60602,109,1,True,True,True,False,False,baseline,,mathstral,never,NOT_ROUTED
60602,0,mathstral,never,2,0,0,MATH/Llama,MATH/Gemma,60602,109,2,True,True,True,False,False,baseline,,mathstral,never,NOT_ROUTED
60602,0,mathstral,never,2,0,0,MATH/Llama,MATH/Gemma,60602,109,3,True,True,True,False,False,baseline,,mathstral,never,NOT_ROUTED
60602,0,mathstral,never,2,0,0,MATH/Llama,MATH/Gemma,60602,109,4,True,True,True,False,False,baseline,,mathstral,never,NOT_ROUTED
60602,0,mathstral,never,2,0,0,MATH/Llama,MATH/Gemma,60602,109,5,True,True,True,False,False,baseline,,mathstral,never,NOT_ROUTED
60602,0,mathstral,never,2,0,0,MATH/Llama,MATH/Gemma,60602,109,6,True,True,True,False,False,baseline,,mathstral,never,NOT_ROUTED
60602,0,mathstral,never,2,0,0,MATH/Llama,MATH/Gemma,60602,109,7,True,True,True,False,False,baseline,,mathstral,never,NOT_ROUTED
60602,0,mathstral,never,2,0,0,MATH/Llama,MATH/Gemma,60602,110,0,False,False,False,False,False,baseline,,mathstral,never,NOT_ROUTED
60602,0,mathstral,never,2,0,0,MATH/Llama,MATH/Gemma,60602,110,1,False,False,False,False,False,baseline,,mathstral,never,NOT_ROUTED
60602,0,mathstral,never,2,0,0,MATH/Llama,MATH/Gemma,60602,110,2,False,False,False,False,False,baseline,,mathstral,never,NOT_ROUTED
60602,0,mathstral,never,2,0,0,MATH/Llama,MATH/Gemma,60602,110,3,False,False,False,False,False,baseline,,mathstral,never,NOT_ROUTED
60602,0,mathstral,never,2,0,0,MATH/Llama,MATH/Gemma,60602,110,4,False,False,False,False,False,baseline,,mathstral,never,NOT_ROUTED
60602,0,mathstral,never,2,0,0,MATH/Llama,MATH/Gemma,60602,110,5,False,False,False,False,False,baseline,,mathstral,never,NOT_ROUTED
60602,0,mathstral,never,2,0,0,MATH/Llama,MATH/Gemma,60602,110,6,False,False,False,False,False,baseline,,mathstral,never,NOT_ROUTED
60602,0,mathstral,never,2,0,0,MATH/Llama,MATH/Gemma,60602,110,7,False,False,False,False,False,baseline,,mathstral,never,NOT_ROUTED
60602,0,mathstral,never,2,0,0,MATH/Llama,MATH/Gemma,60602,111,0,True,True,True,False,False,baseline,,mathstral,never,NOT_ROUTED
60602,0,mathstral,never,2,0,0,MATH/Llama,MATH/Gemma,60602,111,1,True,True,True,False,False,baseline,,mathstral,never,NOT_ROUTED
60602,0,mathstral,never,2,0,0,MATH/Llama,MATH/Gemma,60602,111,2,True,True,True,False,False,baseline,,mathstral,never,NOT_ROUTED
60602,0,mathstral,never,2,0,0,MATH/Llama,MATH/Gemma,60602,111,3,True,True,True,False,False,baseline,,mathstral,never,NOT_ROUTED
60602,0,mathstral,never,2,0,0,MATH/Llama,MATH/Gemma,60602,111,4,True,True,True,False,False,baseline,,mathstral,never,NOT_ROUTED
60602,0,mathstral,never,2,0,0,MATH/Llama,MATH/Gemma,60602,111,5,True,True,True,False,False,baseline,,mathstral,never,NOT_ROUTED
60602,0,mathstral,never,2,0,0,MATH/Llama,MATH/Gemma,60602,111,6,True,True,True,False,False,baseline,,mathstral,never,NOT_ROUTED
60602,0,mathstral,never,2,0,0,MATH/Llama,MATH/Gemma,60602,111,7,True,True,True,False,False,baseline,,mathstral,never,NOT_ROUTED
60602,0,mathstral,never,2,0,0,MATH/Llama,MATH/Gemma,60602,114,0,False,False,False,False,False,baseline,,mathstral,never,NOT_ROUTED
60602,0,mathstral,never,2,0,0,MATH/Llama,MATH/Gemma,60602,114,1,False,False,False,False,False,baseline,,mathstral,never,NOT_ROUTED
60602,0,mathstral,never,2,0,0,MATH/Llama,MATH/Gemma,60602,114,2,False,False,False,False,False,baseline,,mathstral,never,NOT_ROUTED
60602,0,mathstral,never,2,0,0,MATH/Llama,MATH/Gemma,60602,114,3,False,False,False,False,False,baseline,,mathstral,never,NOT_ROUTED
60602,0,mathstral,never,2,0,0,MATH/Llama,MATH/Gemma,60602,114,4,False,False,False,False,False,baseline,,mathstral,never,NOT_ROUTED
60602,0,mathstral,never,2,0,0,MATH/Llama,MATH/Gemma,60602,114,5,False,False,False,False,False,baseline,,mathstral,never,NOT_ROUTED
60602,0,mathstral,never,2,0,0,MATH/Llama,MATH/Gemma,60602,114,6,False,False,False,False,False,baseline,,mathstral,never,NOT_ROUTED
60602,0,mathstral,never,2,0,0,MATH/Llama,MATH/Gemma,60602,114,7,False,False,False,False,False,baseline,,mathstral,never,NOT_ROUTED
60602,0,mathstral,never,2,0,0,MATH/Llama,MATH/Gemma,60602,117,0,False,False,False,False,False,baseline,,mathstral,never,NOT_ROUTED
60602,0,mathstral,never,2,0,0,MATH/Llama,MATH/Gemma,60602,117,1,False,False,False,False,False,baseline,,mathstral,never,NOT_ROUTED
60602,0,mathstral,never,2,0,0,MATH/Llama,MATH/Gemma,60602,117,2,False,False,False,False,False,baseline,,mathstral,never,NOT_ROUTED
60602,0,mathstral,never,2,0,0,MATH/Llama,MATH/Gemma,60602,117,3,False,False,False,False,False,baseline,,mathstral,never,NOT_ROUTED
60602,0,mathstral,never,2,0,0,MATH/Llama,MATH/Gemma,60602,117,4,False,False,False,False,False,baseline,,mathstral,never,NOT_ROUTED
60602,0,mathstral,never,2,0,0,MATH/Llama,MATH/Gemma,60602,117,5,False,False,False,False,False,baseline,,mathstral,never,NOT_ROUTED
60602,0,mathstral,never,2,0,0,MATH/Llama,MATH/Gemma,60602,117,6,False,False,False,False,False,baseline,,mathstral,never,NOT_ROUTED
60602,0,mathstral,never,2,0,0,MATH/Llama,MATH/Gemma,60602,117,7,False,False,False,False,False,baseline,,mathstral,never,NOT_ROUTED
60602,0,mathstral,never,2,0,0,MATH/Llama,MATH/Gemma,60602,119,0,False,False,False,False,False,baseline,,mathstral,never,NOT_ROUTED
60602,0,mathstral,never,2,0,0,MATH/Llama,MATH/Gemma,60602,119,1,False,False,False,False,False,baseline,,mathstral,never,NOT_ROUTED
60602,0,mathstral,never,2,0,0,MATH/Llama,MATH/Gemma,60602,119,2,False,False,False,False,False,baseline,,mathstral,never,NOT_ROUTED
60602,0,mathstral,never,2,0,0,MATH/Llama,MATH/Gemma,60602,119,3,False,False,False,False,False,baseline,,mathstral,never,NOT_ROUTED
60602,0,mathstral,never,2,0,0,MATH/Llama,MATH/Gemma,60602,119,4,False,False,False,False,False,baseline,,mathstral,never,NOT_ROUTED
60602,0,mathstral,never,2,0,0,MATH/Llama,MATH/Gemma,60602,119,5,False,False,False,False,False,baseline,,mathstral,never,NOT_ROUTED
60602,0,mathstral,never,2,0,0,MATH/Llama,MATH/Gemma,60602,119,6,False,False,False,False,False,baseline,,mathstral,never,NOT_ROUTED
60602,0,mathstral,never,2,0,0,MATH/Llama,MATH/Gemma,60602,119,7,False,False,False,False,False,baseline,,mathstral,never,NOT_ROUTED
60602,0,mathstral,never,2,0,0,MATH/Llama,MATH/Gemma,60602,120,0,False,False,False,False,False,baseline,,mathstral,never,NOT_ROUTED
60602,0,mathstral,never,2,0,0,MATH/Llama,MATH/Gemma,60602,120,1,False,False,False,False,False,baseline,,mathstral,never,NOT_ROUTED
60602,0,mathstral,never,2,0,0,MATH/Llama,MATH/Gemma,60602,120,2,False,False,False,False,False,baseline,,mathstral,never,NOT_ROUTED
60602,0,mathstral,never,2,0,0,MATH/Llama,MATH/Gemma,60602,120,3,False,False,False,False,False,baseline,,mathstral,never,NOT_ROUTED
60602,0,mathstral,never,2,0,0,MATH/Llama,MATH/Gemma,60602,120,4,False,False,False,False,False,baseline,,mathstral,never,NOT_ROUTED
60602,0,mathstral,never,2,0,0,MATH/Llama,MATH/Gemma,60602,120,5,False,False,False,False,False,baseline,,mathstral,never,NOT_ROUTED
60602,0,mathstral,never,2,0,0,MATH/Llama,MATH/Gemma,60602,120,6,False,False,False,False,False,baseline,,mathstral,never,NOT_ROUTED
60602,0,mathstral,never,2,0,0,MATH/Llama,MATH/Gemma,60602,120,7,False,False,False,False,False,baseline,,mathstral,never,NOT_ROUTED
60602,0,mathstral,never,2,0,0,MATH/Llama,MATH/Gemma,60602,121,0,False,False,False,False,False,baseline,,mathstral,never,NOT_ROUTED
60602,0,mathstral,never,2,0,0,MATH/Llama,MATH/Gemma,60602,121,1,False,False,False,False,False,baseline,,mathstral,never,NOT_ROUTED
60602,0,mathstral,never,2,0,0,MATH/Llama,MATH/Gemma,60602,121,2,False,False,False,False,False,baseline,,mathstral,never,NOT_ROUTED
60602,0,mathstral,never,2,0,0,MATH/Llama,MATH/Gemma,60602,121,3,False,False,False,False,False,baseline,,mathstral,never,NOT_ROUTED
60602,0,mathstral,never,2,0,0,MATH/Llama,MATH/Gemma,60602,121,4,False,False,False,False,False,baseline,,mathstral,never,NOT_ROUTED
60602,0,mathstral,never,2,0,0,MATH/Llama,MATH/Gemma,60602,121,5,False,False,False,True,False,union_rank_top3,pairwise_router_v123_llama_with_gemma_budget0_all_0005_neither_correct_s60602_p121_t5,mathstral,never,NEITHER
60602,0,mathstral,never,2,0,0,MATH/Llama,MATH/Gemma,60602,121,6,False,False,False,False,False,baseline,,mathstral,never,NOT_ROUTED
60602,0,mathstral,never,2,0,0,MATH/Llama,MATH/Gemma,60602,121,7,False,False,False,False,False,baseline,,mathstral,never,NOT_ROUTED
60602,0,mathstral,never,2,0,0,MATH/Llama,MATH/Gemma,60602,122,0,False,False,False,False,False,baseline,,mathstral,never,NOT_ROUTED
60602,0,mathstral,never,2,0,0,MATH/Llama,MATH/Gemma,60602,122,1,False,False,False,False,False,baseline,,mathstral,never,NOT_ROUTED
60602,0,mathstral,never,2,0,0,MATH/Llama,MATH/Gemma,60602,122,2,False,False,False,False,False,baseline,,mathstral,never,NOT_ROUTED
60602,0,mathstral,never,2,0,0,MATH/Llama,MATH/Gemma,60602,122,3,False,False,False,False,False,baseline,,mathstral,never,NOT_ROUTED
60602,0,mathstral,never,2,0,0,MATH/Llama,MATH/Gemma,60602,122,4,False,False,False,False,False,baseline,,mathstral,never,NOT_ROUTED
60602,0,mathstral,never,2,0,0,MATH/Llama,MATH/Gemma,60602,122,5,False,False,False,False,False,baseline,,mathstral,never,NOT_ROUTED
60602,0,mathstral,never,2,0,0,MATH/Llama,MATH/Gemma,60602,122,6,False,False,False,False,False,baseline,,mathstral,never,NOT_ROUTED
60602,0,mathstral,never,2,0,0,MATH/Llama,MATH/Gemma,60602,122,7,False,False,False,False,False,baseline,,mathstral,never,NOT_ROUTED
60602,0,mathstral,never,2,0,0,MATH/Llama,MATH/Gemma,60602,123,0,False,False,False,False,False,baseline,,mathstral,never,NOT_ROUTED
60602,0,mathstral,never,2,0,0,MATH/Llama,MATH/Gemma,60602,123,1,False,False,False,False,False,baseline,,mathstral,never,NOT_ROUTED
60602,0,mathstral,never,2,0,0,MATH/Llama,MATH/Gemma,60602,123,2,False,False,False,False,False,baseline,,mathstral,never,NOT_ROUTED
60602,0,mathstral,never,2,0,0,MATH/Llama,MATH/Gemma,60602,123,3,False,False,False,False,False,baseline,,mathstral,never,NOT_ROUTED
60602,0,mathstral,never,2,0,0,MATH/Llama,MATH/Gemma,60602,123,4,False,False,False,False,False,baseline,,mathstral,never,NOT_ROUTED
60602,0,mathstral,never,2,0,0,MATH/Llama,MATH/Gemma,60602,123,5,False,False,False,False,False,baseline,,mathstral,never,NOT_ROUTED
60602,0,mathstral,never,2,0,0,MATH/Llama,MATH/Gemma,60602,123,6,False,False,False,True,False,target_intersection_top20,pairwise_router_v123_llama_with_gemma_budget0_all_0006_neither_correct_s60602_p123_t6,mathstral,never,NEITHER
60602,0,mathstral,never,2,0,0,MATH/Llama,MATH/Gemma,60602,123,7,False,False,False,False,False,baseline,,mathstral,never,NOT_ROUTED
60602,0,mathstral,never,2,0,0,MATH/Llama,MATH/Gemma,60602,124,0,False,False,False,False,False,baseline,,mathstral,never,NOT_ROUTED
60602,0,mathstral,never,2,0,0,MATH/Llama,MATH/Gemma,60602,124,1,False,False,False,False,False,baseline,,mathstral,never,NOT_ROUTED
60602,0,mathstral,never,2,0,0,MATH/Llama,MATH/Gemma,60602,124,2,False,False,False,False,False,baseline,,mathstral,never,NOT_ROUTED
60602,0,mathstral,never,2,0,0,MATH/Llama,MATH/Gemma,60602,124,3,False,False,False,False,False,baseline,,mathstral,never,NOT_ROUTED
60602,0,mathstral,never,2,0,0,MATH/Llama,MATH/Gemma,60602,124,4,False,False,False,False,False,baseline,,mathstral,never,NOT_ROUTED
60602,0,mathstral,never,2,0,0,MATH/Llama,MATH/Gemma,60602,124,5,False,False,False,False,False,baseline,,mathstral,never,NOT_ROUTED
60602,0,mathstral,never,2,0,0,MATH/Llama,MATH/Gemma,60602,124,6,False,False,False,False,False,baseline,,mathstral,never,NOT_ROUTED
60602,0,mathstral,never,2,0,0,MATH/Llama,MATH/Gemma,60602,124,7,False,False,False,False,False,baseline,,mathstral,never,NOT_ROUTED
60602,0,mathstral,never,2,0,0,MATH/Llama,MATH/Gemma,60602,125,0,False,False,False,False,False,baseline,,mathstral,never,NOT_ROUTED
60602,0,mathstral,never,2,0,0,MATH/Llama,MATH/Gemma,60602,125,1,False,False,False,False,False,baseline,,mathstral,never,NOT_ROUTED
60602,0,mathstral,never,2,0,0,MATH/Llama,MATH/Gemma,60602,125,2,False,False,False,False,False,baseline,,mathstral,never,NOT_ROUTED
60602,0,mathstral,never,2,0,0,MATH/Llama,MATH/Gemma,60602,125,3,False,False,False,False,False,baseline,,mathstral,never,NOT_ROUTED
60602,0,mathstral,never,2,0,0,MATH/Llama,MATH/Gemma,60602,125,4,False,False,False,False,False,baseline,,mathstral,never,NOT_ROUTED
60602,0,mathstral,never,2,0,0,MATH/Llama,MATH/Gemma,60602,125,5,False,False,False,False,False,baseline,,mathstral,never,NOT_ROUTED
60602,0,mathstral,never,2,0,0,MATH/Llama,MATH/Gemma,60602,125,6,False,False,False,False,False,baseline,,mathstral,never,NOT_ROUTED
60602,0,mathstral,never,2,0,0,MATH/Llama,MATH/Gemma,60602,125,7,False,False,False,False,False,baseline,,mathstral,never,NOT_ROUTED
60602,0,mathstral,never,2,0,0,MATH/Llama,MATH/Gemma,60602,126,0,False,False,False,False,False,baseline,,mathstral,never,NOT_ROUTED
60602,0,mathstral,never,2,0,0,MATH/Llama,MATH/Gemma,60602,126,1,False,False,False,False,False,baseline,,mathstral,never,NOT_ROUTED
60602,0,mathstral,never,2,0,0,MATH/Llama,MATH/Gemma,60602,126,2,False,False,False,False,False,baseline,,mathstral,never,NOT_ROUTED
60602,0,mathstral,never,2,0,0,MATH/Llama,MATH/Gemma,60602,126,3,False,False,False,False,False,baseline,,mathstral,never,NOT_ROUTED
60602,0,mathstral,never,2,0,0,MATH/Llama,MATH/Gemma,60602,126,4,False,False,False,False,False,baseline,,mathstral,never,NOT_ROUTED
60602,0,mathstral,never,2,0,0,MATH/Llama,MATH/Gemma,60602,126,5,False,False,False,False,False,baseline,,mathstral,never,NOT_ROUTED
60602,0,mathstral,never,2,0,0,MATH/Llama,MATH/Gemma,60602,126,6,False,False,False,False,False,baseline,,mathstral,never,NOT_ROUTED
60602,0,mathstral,never,2,0,0,MATH/Llama,MATH/Gemma,60602,126,7,False,False,False,False,False,baseline,,mathstral,never,NOT_ROUTED
60602,0,mathstral,never,2,0,0,MATH/Llama,MATH/Gemma,60602,127,0,False,False,False,False,False,baseline,,mathstral,never,NOT_ROUTED
60602,0,mathstral,never,2,0,0,MATH/Llama,MATH/Gemma,60602,127,1,False,False,False,False,False,baseline,,mathstral,never,NOT_ROUTED
60602,0,mathstral,never,2,0,0,MATH/Llama,MATH/Gemma,60602,127,2,False,False,False,False,False,baseline,,mathstral,never,NOT_ROUTED
60602,0,mathstral,never,2,0,0,MATH/Llama,MATH/Gemma,60602,127,3,False,False,False,False,False,baseline,,mathstral,never,NOT_ROUTED
60602,0,mathstral,never,2,0,0,MATH/Llama,MATH/Gemma,60602,127,4,True,True,True,False,False,baseline,,mathstral,never,NOT_ROUTED
60602,0,mathstral,never,2,0,0,MATH/Llama,MATH/Gemma,60602,127,5,False,False,False,False,False,baseline,,mathstral,never,NOT_ROUTED
60602,0,mathstral,never,2,0,0,MATH/Llama,MATH/Gemma,60602,127,6,True,True,True,False,False,baseline,,mathstral,never,NOT_ROUTED
60602,0,mathstral,never,2,0,0,MATH/Llama,MATH/Gemma,60602,127,7,False,False,False,False,False,baseline,,mathstral,never,NOT_ROUTED
60602,1,mathstral,never,2,0,0,MATH/Llama,MATH/Gemma,60602,0,0,False,False,False,False,False,baseline,,mathstral,never,NOT_ROUTED
60602,1,mathstral,never,2,0,0,MATH/Llama,MATH/Gemma,60602,0,1,False,False,False,False,False,baseline,,mathstral,never,NOT_ROUTED
60602,1,mathstral,never,2,0,0,MATH/Llama,MATH/Gemma,60602,0,2,False,False,False,False,False,baseline,,mathstral,never,NOT_ROUTED
60602,1,mathstral,never,2,0,0,MATH/Llama,MATH/Gemma,60602,0,3,False,False,False,True,False,target_intersection_top10,pairwise_router_v123_llama_with_gemma_budget0_all_0001_neither_correct_s60602_p0_t3,mathstral,never,NEITHER
60602,1,mathstral,never,2,0,0,MATH/Llama,MATH/Gemma,60602,0,4,False,False,False,False,False,baseline,,mathstral,never,NOT_ROUTED
60602,1,mathstral,never,2,0,0,MATH/Llama,MATH/Gemma,60602,0,5,False,False,False,False,False,baseline,,mathstral,never,NOT_ROUTED
60602,1,mathstral,never,2,0,0,MATH/Llama,MATH/Gemma,60602,0,6,False,False,False,False,False,baseline,,mathstral,never,NOT_ROUTED
60602,1,mathstral,never,2,0,0,MATH/Llama,MATH/Gemma,60602,0,7,False,False,False,False,False,baseline,,mathstral,never,NOT_ROUTED
60602,1,mathstral,never,2,0,0,MATH/Llama,MATH/Gemma,60602,2,0,True,True,True,False,False,baseline,,mathstral,never,NOT_ROUTED
60602,1,mathstral,never,2,0,0,MATH/Llama,MATH/Gemma,60602,2,1,True,True,True,False,False,baseline,,mathstral,never,NOT_ROUTED
60602,1,mathstral,never,2,0,0,MATH/Llama,MATH/Gemma,60602,2,2,True,True,True,False,False,baseline,,mathstral,never,NOT_ROUTED
60602,1,mathstral,never,2,0,0,MATH/Llama,MATH/Gemma,60602,2,3,True,True,True,False,False,baseline,,mathstral,never,NOT_ROUTED
60602,1,mathstral,never,2,0,0,MATH/Llama,MATH/Gemma,60602,2,4,True,True,True,False,False,baseline,,mathstral,never,NOT_ROUTED
60602,1,mathstral,never,2,0,0,MATH/Llama,MATH/Gemma,60602,2,5,True,True,True,False,False,baseline,,mathstral,never,NOT_ROUTED
60602,1,mathstral,never,2,0,0,MATH/Llama,MATH/Gemma,60602,2,6,True,True,True,False,False,baseline,,mathstral,never,NOT_ROUTED
60602,1,mathstral,never,2,0,0,MATH/Llama,MATH/Gemma,60602,2,7,True,True,True,False,False,baseline,,mathstral,never,NOT_ROUTED
60602,1,mathstral,never,2,0,0,MATH/Llama,MATH/Gemma,60602,5,0,True,True,True,False,False,baseline,,mathstral,never,NOT_ROUTED
60602,1,mathstral,never,2,0,0,MATH/Llama,MATH/Gemma,60602,5,1,True,True,True,False,False,baseline,,mathstral,never,NOT_ROUTED
60602,1,mathstral,never,2,0,0,MATH/Llama,MATH/Gemma,60602,5,2,True,True,True,False,False,baseline,,mathstral,never,NOT_ROUTED
60602,1,mathstral,never,2,0,0,MATH/Llama,MATH/Gemma,60602,5,3,True,True,True,False,False,baseline,,mathstral,never,NOT_ROUTED
60602,1,mathstral,never,2,0,0,MATH/Llama,MATH/Gemma,60602,5,4,True,True,True,False,False,baseline,,mathstral,never,NOT_ROUTED
60602,1,mathstral,never,2,0,0,MATH/Llama,MATH/Gemma,60602,5,5,True,True,True,False,False,baseline,,mathstral,never,NOT_ROUTED
60602,1,mathstral,never,2,0,0,MATH/Llama,MATH/Gemma,60602,5,6,True,True,True,False,False,baseline,,mathstral,never,NOT_ROUTED
60602,1,mathstral,never,2,0,0,MATH/Llama,MATH/Gemma,60602,5,7,True,True,True,False,False,baseline,,mathstral,never,NOT_ROUTED
60602,1,mathstral,never,2,0,0,MATH/Llama,MATH/Gemma,60602,7,0,True,True,True,False,False,baseline,,mathstral,never,NOT_ROUTED
60602,1,mathstral,never,2,0,0,MATH/Llama,MATH/Gemma,60602,7,1,True,True,True,False,False,baseline,,mathstral,never,NOT_ROUTED
60602,1,mathstral,never,2,0,0,MATH/Llama,MATH/Gemma,60602,7,2,True,True,True,False,False,baseline,,mathstral,never,NOT_ROUTED
60602,1,mathstral,never,2,0,0,MATH/Llama,MATH/Gemma,60602,7,3,True,True,True,False,False,baseline,,mathstral,never,NOT_ROUTED
60602,1,mathstral,never,2,0,0,MATH/Llama,MATH/Gemma,60602,7,4,True,True,True,False,False,baseline,,mathstral,never,NOT_ROUTED
60602,1,mathstral,never,2,0,0,MATH/Llama,MATH/Gemma,60602,7,5,True,True,True,False,False,baseline,,mathstral,never,NOT_ROUTED
60602,1,mathstral,never,2,0,0,MATH/Llama,MATH/Gemma,60602,7,6,True,True,True,False,False,baseline,,mathstral,never,NOT_ROUTED
60602,1,mathstral,never,2,0,0,MATH/Llama,MATH/Gemma,60602,7,7,True,True,True,False,False,baseline,,mathstral,never,NOT_ROUTED
60602,1,mathstral,never,2,0,0,MATH/Llama,MATH/Gemma,60602,11,0,False,False,False,False,False,baseline,,mathstral,never,NOT_ROUTED
60602,1,mathstral,never,2,0,0,MATH/Llama,MATH/Gemma,60602,11,1,False,False,False,False,False,baseline,,mathstral,never,NOT_ROUTED
60602,1,mathstral,never,2,0,0,MATH/Llama,MATH/Gemma,60602,11,2,False,False,False,False,False,baseline,,mathstral,never,NOT_ROUTED
60602,1,mathstral,never,2,0,0,MATH/Llama,MATH/Gemma,60602,11,3,False,False,False,False,False,baseline,,mathstral,never,NOT_ROUTED
60602,1,mathstral,never,2,0,0,MATH/Llama,MATH/Gemma,60602,11,4,False,False,False,False,False,baseline,,mathstral,never,NOT_ROUTED
60602,1,mathstral,never,2,0,0,MATH/Llama,MATH/Gemma,60602,11,5,False,False,False,False,False,baseline,,mathstral,never,NOT_ROUTED
60602,1,mathstral,never,2,0,0,MATH/Llama,MATH/Gemma,60602,11,6,False,False,False,False,False,baseline,,mathstral,never,NOT_ROUTED
60602,1,mathstral,never,2,0,0,MATH/Llama,MATH/Gemma,60602,11,7,False,False,False,False,False,baseline,,mathstral,never,NOT_ROUTED
60602,1,mathstral,never,2,0,0,MATH/Llama,MATH/Gemma,60602,12,0,True,True,True,False,False,baseline,,mathstral,never,NOT_ROUTED
60602,1,mathstral,never,2,0,0,MATH/Llama,MATH/Gemma,60602,12,1,True,True,True,False,False,baseline,,mathstral,never,NOT_ROUTED
60602,1,mathstral,never,2,0,0,MATH/Llama,MATH/Gemma,60602,12,2,True,True,True,False,False,baseline,,mathstral,never,NOT_ROUTED
60602,1,mathstral,never,2,0,0,MATH/Llama,MATH/Gemma,60602,12,3,True,True,True,False,False,baseline,,mathstral,never,NOT_ROUTED
60602,1,mathstral,never,2,0,0,MATH/Llama,MATH/Gemma,60602,12,4,True,True,True,False,False,baseline,,mathstral,never,NOT_ROUTED
60602,1,mathstral,never,2,0,0,MATH/Llama,MATH/Gemma,60602,12,5,True,True,True,False,False,baseline,,mathstral,never,NOT_ROUTED
60602,1,mathstral,never,2,0,0,MATH/Llama,MATH/Gemma,60602,12,6,True,True,True,False,False,baseline,,mathstral,never,NOT_ROUTED
60602,1,mathstral,never,2,0,0,MATH/Llama,MATH/Gemma,60602,12,7,True,True,True,False,False,baseline,,mathstral,never,NOT_ROUTED
60602,1,mathstral,never,2,0,0,MATH/Llama,MATH/Gemma,60602,13,0,False,False,False,False,False,baseline,,mathstral,never,NOT_ROUTED
60602,1,mathstral,never,2,0,0,MATH/Llama,MATH/Gemma,60602,13,1,False,False,False,False,False,baseline,,mathstral,never,NOT_ROUTED
60602,1,mathstral,never,2,0,0,MATH/Llama,MATH/Gemma,60602,13,2,False,False,False,False,False,baseline,,mathstral,never,NOT_ROUTED
60602,1,mathstral,never,2,0,0,MATH/Llama,MATH/Gemma,60602,13,3,False,False,False,False,False,baseline,,mathstral,never,NOT_ROUTED
60602,1,mathstral,never,2,0,0,MATH/Llama,MATH/Gemma,60602,13,4,False,False,False,False,False,baseline,,mathstral,never,NOT_ROUTED
60602,1,mathstral,never,2,0,0,MATH/Llama,MATH/Gemma,60602,13,5,False,False,False,False,False,baseline,,mathstral,never,NOT_ROUTED
60602,1,mathstral,never,2,0,0,MATH/Llama,MATH/Gemma,60602,13,6,False,False,False,False,False,baseline,,mathstral,never,NOT_ROUTED
60602,1,mathstral,never,2,0,0,MATH/Llama,MATH/Gemma,60602,13,7,False,False,False,False,False,baseline,,mathstral,never,NOT_ROUTED
60602,1,mathstral,never,2,0,0,MATH/Llama,MATH/Gemma,60602,16,0,False,False,False,False,False,baseline,,mathstral,never,NOT_ROUTED
60602,1,mathstral,never,2,0,0,MATH/Llama,MATH/Gemma,60602,16,1,False,False,False,False,False,baseline,,mathstral,never,NOT_ROUTED
60602,1,mathstral,never,2,0,0,MATH/Llama,MATH/Gemma,60602,16,2,False,False,False,False,False,baseline,,mathstral,never,NOT_ROUTED
60602,1,mathstral,never,2,0,0,MATH/Llama,MATH/Gemma,60602,16,3,False,False,False,False,False,baseline,,mathstral,never,NOT_ROUTED
60602,1,mathstral,never,2,0,0,MATH/Llama,MATH/Gemma,60602,16,4,False,False,False,False,False,baseline,,mathstral,never,NOT_ROUTED
60602,1,mathstral,never,2,0,0,MATH/Llama,MATH/Gemma,60602,16,5,False,False,False,False,False,baseline,,mathstral,never,NOT_ROUTED
60602,1,mathstral,never,2,0,0,MATH/Llama,MATH/Gemma,60602,16,6,False,False,False,False,False,baseline,,mathstral,never,NOT_ROUTED
60602,1,mathstral,never,2,0,0,MATH/Llama,MATH/Gemma,60602,16,7,False,False,False,False,False,baseline,,mathstral,never,NOT_ROUTED
60602,1,mathstral,never,2,0,0,MATH/Llama,MATH/Gemma,60602,17,0,False,False,False,False,False,baseline,,mathstral,never,NOT_ROUTED
60602,1,mathstral,never,2,0,0,MATH/Llama,MATH/Gemma,60602,17,1,False,False,False,False,False,baseline,,mathstral,never,NOT_ROUTED
60602,1,mathstral,never,2,0,0,MATH/Llama,MATH/Gemma,60602,17,2,False,False,False,False,False,baseline,,mathstral,never,NOT_ROUTED
60602,1,mathstral,never,2,0,0,MATH/Llama,MATH/Gemma,60602,17,3,False,False,False,False,False,baseline,,mathstral,never,NOT_ROUTED
60602,1,mathstral,never,2,0,0,MATH/Llama,MATH/Gemma,60602,17,4,False,False,False,False,False,baseline,,mathstral,never,NOT_ROUTED
60602,1,mathstral,never,2,0,0,MATH/Llama,MATH/Gemma,60602,17,5,False,False,False,False,False,baseline,,mathstral,never,NOT_ROUTED
60602,1,mathstral,never,2,0,0,MATH/Llama,MATH/Gemma,60602,17,6,False,False,False,False,False,baseline,,mathstral,never,NOT_ROUTED
60602,1,mathstral,never,2,0,0,MATH/Llama,MATH/Gemma,60602,17,7,False,False,False,False,False,baseline,,mathstral,never,NOT_ROUTED
60602,1,mathstral,never,2,0,0,MATH/Llama,MATH/Gemma,60602,18,0,False,False,False,False,False,baseline,,mathstral,never,NOT_ROUTED
60602,1,mathstral,never,2,0,0,MATH/Llama,MATH/Gemma,60602,18,1,False,False,False,False,False,baseline,,mathstral,never,NOT_ROUTED
60602,1,mathstral,never,2,0,0,MATH/Llama,MATH/Gemma,60602,18,2,False,False,False,False,False,baseline,,mathstral,never,NOT_ROUTED
60602,1,mathstral,never,2,0,0,MATH/Llama,MATH/Gemma,60602,18,3,False,False,False,False,False,baseline,,mathstral,never,NOT_ROUTED
60602,1,mathstral,never,2,0,0,MATH/Llama,MATH/Gemma,60602,18,4,False,False,False,False,False,baseline,,mathstral,never,NOT_ROUTED
60602,1,mathstral,never,2,0,0,MATH/Llama,MATH/Gemma,60602,18,5,False,False,False,False,False,baseline,,mathstral,never,NOT_ROUTED
60602,1,mathstral,never,2,0,0,MATH/Llama,MATH/Gemma,60602,18,6,False,False,False,False,False,baseline,,mathstral,never,NOT_ROUTED
60602,1,mathstral,never,2,0,0,MATH/Llama,MATH/Gemma,60602,18,7,False,False,False,False,False,baseline,,mathstral,never,NOT_ROUTED
60602,1,mathstral,never,2,0,0,MATH/Llama,MATH/Gemma,60602,22,0,True,True,True,False,False,baseline,,mathstral,never,NOT_ROUTED
60602,1,mathstral,never,2,0,0,MATH/Llama,MATH/Gemma,60602,22,1,True,True,True,False,False,baseline,,mathstral,never,NOT_ROUTED
60602,1,mathstral,never,2,0,0,MATH/Llama,MATH/Gemma,60602,22,2,True,True,True,False,False,baseline,,mathstral,never,NOT_ROUTED
60602,1,mathstral,never,2,0,0,MATH/Llama,MATH/Gemma,60602,22,3,True,True,True,False,False,baseline,,mathstral,never,NOT_ROUTED
60602,1,mathstral,never,2,0,0,MATH/Llama,MATH/Gemma,60602,22,4,True,True,True,False,False,baseline,,mathstral,never,NOT_ROUTED
60602,1,mathstral,never,2,0,0,MATH/Llama,MATH/Gemma,60602,22,5,True,True,True,False,False,baseline,,mathstral,never,NOT_ROUTED
60602,1,mathstral,never,2,0,0,MATH/Llama,MATH/Gemma,60602,22,6,True,True,True,False,False,baseline,,mathstral,never,NOT_ROUTED
60602,1,mathstral,never,2,0,0,MATH/Llama,MATH/Gemma,60602,22,7,True,True,True,False,False,baseline,,mathstral,never,NOT_ROUTED
60602,1,mathstral,never,2,0,0,MATH/Llama,MATH/Gemma,60602,24,0,True,True,True,False,False,baseline,,mathstral,never,NOT_ROUTED
60602,1,mathstral,never,2,0,0,MATH/Llama,MATH/Gemma,60602,24,1,True,True,True,False,False,baseline,,mathstral,never,NOT_ROUTED
60602,1,mathstral,never,2,0,0,MATH/Llama,MATH/Gemma,60602,24,2,True,True,True,False,False,baseline,,mathstral,never,NOT_ROUTED
60602,1,mathstral,never,2,0,0,MATH/Llama,MATH/Gemma,60602,24,3,True,True,True,False,False,baseline,,mathstral,never,NOT_ROUTED
60602,1,mathstral,never,2,0,0,MATH/Llama,MATH/Gemma,60602,24,4,True,True,True,False,False,baseline,,mathstral,never,NOT_ROUTED
60602,1,mathstral,never,2,0,0,MATH/Llama,MATH/Gemma,60602,24,5,True,True,True,False,False,baseline,,mathstral,never,NOT_ROUTED
60602,1,mathstral,never,2,0,0,MATH/Llama,MATH/Gemma,60602,24,6,True,True,True,False,False,baseline,,mathstral,never,NOT_ROUTED
60602,1,mathstral,never,2,0,0,MATH/Llama,MATH/Gemma,60602,24,7,True,True,True,False,False,baseline,,mathstral,never,NOT_ROUTED
60602,1,mathstral,never,2,0,0,MATH/Llama,MATH/Gemma,60602,26,0,True,True,True,False,False,baseline,,mathstral,never,NOT_ROUTED
60602,1,mathstral,never,2,0,0,MATH/Llama,MATH/Gemma,60602,26,1,True,True,True,False,False,baseline,,mathstral,never,NOT_ROUTED
60602,1,mathstral,never,2,0,0,MATH/Llama,MATH/Gemma,60602,26,2,True,True,True,False,False,baseline,,mathstral,never,NOT_ROUTED
60602,1,mathstral,never,2,0,0,MATH/Llama,MATH/Gemma,60602,26,3,True,True,True,False,False,baseline,,mathstral,never,NOT_ROUTED
60602,1,mathstral,never,2,0,0,MATH/Llama,MATH/Gemma,60602,26,4,True,True,True,False,False,baseline,,mathstral,never,NOT_ROUTED
60602,1,mathstral,never,2,0,0,MATH/Llama,MATH/Gemma,60602,26,5,True,True,True,False,False,baseline,,mathstral,never,NOT_ROUTED
60602,1,mathstral,never,2,0,0,MATH/Llama,MATH/Gemma,60602,26,6,True,True,True,False,False,baseline,,mathstral,never,NOT_ROUTED
60602,1,mathstral,never,2,0,0,MATH/Llama,MATH/Gemma,60602,26,7,True,True,True,False,False,baseline,,mathstral,never,NOT_ROUTED
60602,1,mathstral,never,2,0,0,MATH/Llama,MATH/Gemma,60602,27,0,True,True,True,False,False,baseline,,mathstral,never,NOT_ROUTED
60602,1,mathstral,never,2,0,0,MATH/Llama,MATH/Gemma,60602,27,1,True,True,True,False,False,baseline,,mathstral,never,NOT_ROUTED
60602,1,mathstral,never,2,0,0,MATH/Llama,MATH/Gemma,60602,27,2,True,True,True,False,False,baseline,,mathstral,never,NOT_ROUTED
60602,1,mathstral,never,2,0,0,MATH/Llama,MATH/Gemma,60602,27,3,True,True,True,False,False,baseline,,mathstral,never,NOT_ROUTED
60602,1,mathstral,never,2,0,0,MATH/Llama,MATH/Gemma,60602,27,4,True,True,True,False,False,baseline,,mathstral,never,NOT_ROUTED
60602,1,mathstral,never,2,0,0,MATH/Llama,MATH/Gemma,60602,27,5,True,True,True,False,False,baseline,,mathstral,never,NOT_ROUTED
60602,1,mathstral,never,2,0,0,MATH/Llama,MATH/Gemma,60602,27,6,True,True,True,False,False,baseline,,mathstral,never,NOT_ROUTED
60602,1,mathstral,never,2,0,0,MATH/Llama,MATH/Gemma,60602,27,7,True,True,True,False,False,baseline,,mathstral,never,NOT_ROUTED
60602,1,mathstral,never,2,0,0,MATH/Llama,MATH/Gemma,60602,30,0,True,True,True,False,False,baseline,,mathstral,never,NOT_ROUTED
60602,1,mathstral,never,2,0,0,MATH/Llama,MATH/Gemma,60602,30,1,True,True,True,False,False,baseline,,mathstral,never,NOT_ROUTED
60602,1,mathstral,never,2,0,0,MATH/Llama,MATH/Gemma,60602,30,2,True,True,True,False,False,baseline,,mathstral,never,NOT_ROUTED
60602,1,mathstral,never,2,0,0,MATH/Llama,MATH/Gemma,60602,30,3,True,True,True,False,False,baseline,,mathstral,never,NOT_ROUTED
60602,1,mathstral,never,2,0,0,MATH/Llama,MATH/Gemma,60602,30,4,True,True,True,False,False,baseline,,mathstral,never,NOT_ROUTED
60602,1,mathstral,never,2,0,0,MATH/Llama,MATH/Gemma,60602,30,5,True,True,True,False,False,baseline,,mathstral,never,NOT_ROUTED
60602,1,mathstral,never,2,0,0,MATH/Llama,MATH/Gemma,60602,30,6,True,True,True,False,False,baseline,,mathstral,never,NOT_ROUTED
60602,1,mathstral,never,2,0,0,MATH/Llama,MATH/Gemma,60602,30,7,True,True,True,False,False,baseline,,mathstral,never,NOT_ROUTED
60602,1,mathstral,never,2,0,0,MATH/Llama,MATH/Gemma,60602,32,0,True,True,True,False,False,baseline,,mathstral,never,NOT_ROUTED
60602,1,mathstral,never,2,0,0,MATH/Llama,MATH/Gemma,60602,32,1,True,True,True,False,False,baseline,,mathstral,never,NOT_ROUTED
60602,1,mathstral,never,2,0,0,MATH/Llama,MATH/Gemma,60602,32,2,True,True,True,False,False,baseline,,mathstral,never,NOT_ROUTED
60602,1,mathstral,never,2,0,0,MATH/Llama,MATH/Gemma,60602,32,3,True,True,True,False,False,baseline,,mathstral,never,NOT_ROUTED
60602,1,mathstral,never,2,0,0,MATH/Llama,MATH/Gemma,60602,32,4,True,True,True,False,False,baseline,,mathstral,never,NOT_ROUTED
60602,1,mathstral,never,2,0,0,MATH/Llama,MATH/Gemma,60602,32,5,True,True,True,False,False,baseline,,mathstral,never,NOT_ROUTED
60602,1,mathstral,never,2,0,0,MATH/Llama,MATH/Gemma,60602,32,6,True,True,True,False,False,baseline,,mathstral,never,NOT_ROUTED
60602,1,mathstral,never,2,0,0,MATH/Llama,MATH/Gemma,60602,32,7,True,True,True,False,False,baseline,,mathstral,never,NOT_ROUTED
60602,1,mathstral,never,2,0,0,MATH/Llama,MATH/Gemma,60602,33,0,False,False,False,False,False,baseline,,mathstral,never,NOT_ROUTED
60602,1,mathstral,never,2,0,0,MATH/Llama,MATH/Gemma,60602,33,1,False,False,False,False,False,baseline,,mathstral,never,NOT_ROUTED
60602,1,mathstral,never,2,0,0,MATH/Llama,MATH/Gemma,60602,33,2,False,False,False,True,False,target_intersection_top20,pairwise_router_v123_llama_with_gemma_budget0_all_0002_neither_correct_s60602_p33_t2,mathstral,never,NEITHER
60602,1,mathstral,never,2,0,0,MATH/Llama,MATH/Gemma,60602,33,3,False,False,False,False,False,baseline,,mathstral,never,NOT_ROUTED
60602,1,mathstral,never,2,0,0,MATH/Llama,MATH/Gemma,60602,33,4,False,False,False,False,False,baseline,,mathstral,never,NOT_ROUTED
60602,1,mathstral,never,2,0,0,MATH/Llama,MATH/Gemma,60602,33,5,False,False,False,False,False,baseline,,mathstral,never,NOT_ROUTED
60602,1,mathstral,never,2,0,0,MATH/Llama,MATH/Gemma,60602,33,6,False,False,False,False,False,baseline,,mathstral,never,NOT_ROUTED
60602,1,mathstral,never,2,0,0,MATH/Llama,MATH/Gemma,60602,33,7,False,False,False,False,False,baseline,,mathstral,never,NOT_ROUTED
60602,1,mathstral,never,2,0,0,MATH/Llama,MATH/Gemma,60602,35,0,True,True,True,False,False,baseline,,mathstral,never,NOT_ROUTED
60602,1,mathstral,never,2,0,0,MATH/Llama,MATH/Gemma,60602,35,1,True,True,True,False,False,baseline,,mathstral,never,NOT_ROUTED
60602,1,mathstral,never,2,0,0,MATH/Llama,MATH/Gemma,60602,35,2,True,True,True,False,False,baseline,,mathstral,never,NOT_ROUTED
60602,1,mathstral,never,2,0,0,MATH/Llama,MATH/Gemma,60602,35,3,True,True,True,False,False,baseline,,mathstral,never,NOT_ROUTED
60602,1,mathstral,never,2,0,0,MATH/Llama,MATH/Gemma,60602,35,4,True,True,True,False,False,baseline,,mathstral,never,NOT_ROUTED
60602,1,mathstral,never,2,0,0,MATH/Llama,MATH/Gemma,60602,35,5,True,True,True,False,False,baseline,,mathstral,never,NOT_ROUTED
60602,1,mathstral,never,2,0,0,MATH/Llama,MATH/Gemma,60602,35,6,True,True,True,False,False,baseline,,mathstral,never,NOT_ROUTED
60602,1,mathstral,never,2,0,0,MATH/Llama,MATH/Gemma,60602,35,7,True,True,True,False,False,baseline,,mathstral,never,NOT_ROUTED
60602,1,mathstral,never,2,0,0,MATH/Llama,MATH/Gemma,60602,36,0,False,False,False,False,False,baseline,,mathstral,never,NOT_ROUTED
60602,1,mathstral,never,2,0,0,MATH/Llama,MATH/Gemma,60602,36,1,False,False,False,False,False,baseline,,mathstral,never,NOT_ROUTED
60602,1,mathstral,never,2,0,0,MATH/Llama,MATH/Gemma,60602,36,2,False,False,False,False,False,baseline,,mathstral,never,NOT_ROUTED
60602,1,mathstral,never,2,0,0,MATH/Llama,MATH/Gemma,60602,36,3,False,False,False,False,False,baseline,,mathstral,never,NOT_ROUTED
60602,1,mathstral,never,2,0,0,MATH/Llama,MATH/Gemma,60602,36,4,False,False,False,False,False,baseline,,mathstral,never,NOT_ROUTED
60602,1,mathstral,never,2,0,0,MATH/Llama,MATH/Gemma,60602,36,5,False,False,False,False,False,baseline,,mathstral,never,NOT_ROUTED
60602,1,mathstral,never,2,0,0,MATH/Llama,MATH/Gemma,60602,36,6,False,False,False,False,False,baseline,,mathstral,never,NOT_ROUTED
60602,1,mathstral,never,2,0,0,MATH/Llama,MATH/Gemma,60602,36,7,False,False,False,False,False,baseline,,mathstral,never,NOT_ROUTED
60602,1,mathstral,never,2,0,0,MATH/Llama,MATH/Gemma,60602,38,0,True,True,True,False,False,baseline,,mathstral,never,NOT_ROUTED
60602,1,mathstral,never,2,0,0,MATH/Llama,MATH/Gemma,60602,38,1,True,True,True,False,False,baseline,,mathstral,never,NOT_ROUTED
60602,1,mathstral,never,2,0,0,MATH/Llama,MATH/Gemma,60602,38,2,True,True,True,False,False,baseline,,mathstral,never,NOT_ROUTED
60602,1,mathstral,never,2,0,0,MATH/Llama,MATH/Gemma,60602,38,3,True,True,True,False,False,baseline,,mathstral,never,NOT_ROUTED
60602,1,mathstral,never,2,0,0,MATH/Llama,MATH/Gemma,60602,38,4,True,True,True,False,False,baseline,,mathstral,never,NOT_ROUTED
60602,1,mathstral,never,2,0,0,MATH/Llama,MATH/Gemma,60602,38,5,True,True,True,False,False,baseline,,mathstral,never,NOT_ROUTED
60602,1,mathstral,never,2,0,0,MATH/Llama,MATH/Gemma,60602,38,6,True,True,True,False,False,baseline,,mathstral,never,NOT_ROUTED
60602,1,mathstral,never,2,0,0,MATH/Llama,MATH/Gemma,60602,38,7,True,True,True,False,False,baseline,,mathstral,never,NOT_ROUTED
60602,1,mathstral,never,2,0,0,MATH/Llama,MATH/Gemma,60602,39,0,True,True,True,False,False,baseline,,mathstral,never,NOT_ROUTED
60602,1,mathstral,never,2,0,0,MATH/Llama,MATH/Gemma,60602,39,1,True,True,True,False,False,baseline,,mathstral,never,NOT_ROUTED
60602,1,mathstral,never,2,0,0,MATH/Llama,MATH/Gemma,60602,39,2,True,True,True,False,False,baseline,,mathstral,never,NOT_ROUTED
60602,1,mathstral,never,2,0,0,MATH/Llama,MATH/Gemma,60602,39,3,True,True,True,False,False,baseline,,mathstral,never,NOT_ROUTED
60602,1,mathstral,never,2,0,0,MATH/Llama,MATH/Gemma,60602,39,4,True,True,True,False,False,baseline,,mathstral,never,NOT_ROUTED
60602,1,mathstral,never,2,0,0,MATH/Llama,MATH/Gemma,60602,39,5,True,True,True,False,False,baseline,,mathstral,never,NOT_ROUTED
60602,1,mathstral,never,2,0,0,MATH/Llama,MATH/Gemma,60602,39,6,True,True,True,False,False,baseline,,mathstral,never,NOT_ROUTED
60602,1,mathstral,never,2,0,0,MATH/Llama,MATH/Gemma,60602,39,7,True,True,True,False,False,baseline,,mathstral,never,NOT_ROUTED
60602,1,mathstral,never,2,0,0,MATH/Llama,MATH/Gemma,60602,42,0,False,False,False,False,False,baseline,,mathstral,never,NOT_ROUTED
60602,1,mathstral,never,2,0,0,MATH/Llama,MATH/Gemma,60602,42,1,False,False,False,False,False,baseline,,mathstral,never,NOT_ROUTED
60602,1,mathstral,never,2,0,0,MATH/Llama,MATH/Gemma,60602,42,2,False,False,False,False,False,baseline,,mathstral,never,NOT_ROUTED
60602,1,mathstral,never,2,0,0,MATH/Llama,MATH/Gemma,60602,42,3,False,False,False,False,False,baseline,,mathstral,never,NOT_ROUTED
60602,1,mathstral,never,2,0,0,MATH/Llama,MATH/Gemma,60602,42,4,False,False,False,False,False,baseline,,mathstral,never,NOT_ROUTED
60602,1,mathstral,never,2,0,0,MATH/Llama,MATH/Gemma,60602,42,5,False,False,False,False,False,baseline,,mathstral,never,NOT_ROUTED
60602,1,mathstral,never,2,0,0,MATH/Llama,MATH/Gemma,60602,42,6,False,False,False,False,False,baseline,,mathstral,never,NOT_ROUTED
60602,1,mathstral,never,2,0,0,MATH/Llama,MATH/Gemma,60602,42,7,False,False,False,False,False,baseline,,mathstral,never,NOT_ROUTED
60602,1,mathstral,never,2,0,0,MATH/Llama,MATH/Gemma,60602,43,0,True,True,True,False,False,baseline,,mathstral,never,NOT_ROUTED
60602,1,mathstral,never,2,0,0,MATH/Llama,MATH/Gemma,60602,43,1,True,True,True,False,False,baseline,,mathstral,never,NOT_ROUTED
60602,1,mathstral,never,2,0,0,MATH/Llama,MATH/Gemma,60602,43,2,True,True,True,False,False,baseline,,mathstral,never,NOT_ROUTED
60602,1,mathstral,never,2,0,0,MATH/Llama,MATH/Gemma,60602,43,3,True,True,True,False,False,baseline,,mathstral,never,NOT_ROUTED
60602,1,mathstral,never,2,0,0,MATH/Llama,MATH/Gemma,60602,43,4,True,True,True,False,False,baseline,,mathstral,never,NOT_ROUTED
60602,1,mathstral,never,2,0,0,MATH/Llama,MATH/Gemma,60602,43,5,True,True,True,False,False,baseline,,mathstral,never,NOT_ROUTED
60602,1,mathstral,never,2,0,0,MATH/Llama,MATH/Gemma,60602,43,6,True,True,True,False,False,baseline,,mathstral,never,NOT_ROUTED
60602,1,mathstral,never,2,0,0,MATH/Llama,MATH/Gemma,60602,43,7,True,True,True,False,False,baseline,,mathstral,never,NOT_ROUTED
60602,1,mathstral,never,2,0,0,MATH/Llama,MATH/Gemma,60602,44,0,False,False,False,False,False,baseline,,mathstral,never,NOT_ROUTED
60602,1,mathstral,never,2,0,0,MATH/Llama,MATH/Gemma,60602,44,1,False,False,False,False,False,baseline,,mathstral,never,NOT_ROUTED
60602,1,mathstral,never,2,0,0,MATH/Llama,MATH/Gemma,60602,44,2,False,False,False,False,False,baseline,,mathstral,never,NOT_ROUTED
60602,1,mathstral,never,2,0,0,MATH/Llama,MATH/Gemma,60602,44,3,False,False,False,False,False,baseline,,mathstral,never,NOT_ROUTED
60602,1,mathstral,never,2,0,0,MATH/Llama,MATH/Gemma,60602,44,4,False,False,False,False,False,baseline,,mathstral,never,NOT_ROUTED
60602,1,mathstral,never,2,0,0,MATH/Llama,MATH/Gemma,60602,44,5,False,False,False,False,False,baseline,,mathstral,never,NOT_ROUTED
60602,1,mathstral,never,2,0,0,MATH/Llama,MATH/Gemma,60602,44,6,False,False,False,False,False,baseline,,mathstral,never,NOT_ROUTED
60602,1,mathstral,never,2,0,0,MATH/Llama,MATH/Gemma,60602,44,7,False,False,False,False,False,baseline,,mathstral,never,NOT_ROUTED
60602,1,mathstral,never,2,0,0,MATH/Llama,MATH/Gemma,60602,45,0,False,False,False,False,False,baseline,,mathstral,never,NOT_ROUTED
60602,1,mathstral,never,2,0,0,MATH/Llama,MATH/Gemma,60602,45,1,False,False,False,False,False,baseline,,mathstral,never,NOT_ROUTED
60602,1,mathstral,never,2,0,0,MATH/Llama,MATH/Gemma,60602,45,2,False,False,False,False,False,baseline,,mathstral,never,NOT_ROUTED
60602,1,mathstral,never,2,0,0,MATH/Llama,MATH/Gemma,60602,45,3,False,False,False,False,False,baseline,,mathstral,never,NOT_ROUTED
60602,1,mathstral,never,2,0,0,MATH/Llama,MATH/Gemma,60602,45,4,False,False,False,False,False,baseline,,mathstral,never,NOT_ROUTED
60602,1,mathstral,never,2,0,0,MATH/Llama,MATH/Gemma,60602,45,5,False,False,False,False,False,baseline,,mathstral,never,NOT_ROUTED
60602,1,mathstral,never,2,0,0,MATH/Llama,MATH/Gemma,60602,45,6,False,False,False,False,False,baseline,,mathstral,never,NOT_ROUTED
60602,1,mathstral,never,2,0,0,MATH/Llama,MATH/Gemma,60602,45,7,False,False,False,False,False,baseline,,mathstral,never,NOT_ROUTED
60602,1,mathstral,never,2,0,0,MATH/Llama,MATH/Gemma,60602,46,0,False,False,False,False,False,baseline,,mathstral,never,NOT_ROUTED
60602,1,mathstral,never,2,0,0,MATH/Llama,MATH/Gemma,60602,46,1,False,False,False,False,False,baseline,,mathstral,never,NOT_ROUTED
60602,1,mathstral,never,2,0,0,MATH/Llama,MATH/Gemma,60602,46,2,False,False,False,False,False,baseline,,mathstral,never,NOT_ROUTED
60602,1,mathstral,never,2,0,0,MATH/Llama,MATH/Gemma,60602,46,3,False,False,False,False,False,baseline,,mathstral,never,NOT_ROUTED
60602,1,mathstral,never,2,0,0,MATH/Llama,MATH/Gemma,60602,46,4,False,False,False,False,False,baseline,,mathstral,never,NOT_ROUTED
60602,1,mathstral,never,2,0,0,MATH/Llama,MATH/Gemma,60602,46,5,False,False,False,False,False,baseline,,mathstral,never,NOT_ROUTED
60602,1,mathstral,never,2,0,0,MATH/Llama,MATH/Gemma,60602,46,6,False,False,False,False,False,baseline,,mathstral,never,NOT_ROUTED
60602,1,mathstral,never,2,0,0,MATH/Llama,MATH/Gemma,60602,46,7,False,False,False,False,False,baseline,,mathstral,never,NOT_ROUTED
60602,1,mathstral,never,2,0,0,MATH/Llama,MATH/Gemma,60602,47,0,True,True,True,False,False,baseline,,mathstral,never,NOT_ROUTED
60602,1,mathstral,never,2,0,0,MATH/Llama,MATH/Gemma,60602,47,1,True,True,True,False,False,baseline,,mathstral,never,NOT_ROUTED
60602,1,mathstral,never,2,0,0,MATH/Llama,MATH/Gemma,60602,47,2,True,True,True,False,False,baseline,,mathstral,never,NOT_ROUTED
60602,1,mathstral,never,2,0,0,MATH/Llama,MATH/Gemma,60602,47,3,True,True,True,False,False,baseline,,mathstral,never,NOT_ROUTED
60602,1,mathstral,never,2,0,0,MATH/Llama,MATH/Gemma,60602,47,4,True,True,True,False,False,baseline,,mathstral,never,NOT_ROUTED
60602,1,mathstral,never,2,0,0,MATH/Llama,MATH/Gemma,60602,47,5,False,False,False,False,False,baseline,,mathstral,never,NOT_ROUTED
60602,1,mathstral,never,2,0,0,MATH/Llama,MATH/Gemma,60602,47,6,False,False,False,False,False,baseline,,mathstral,never,NOT_ROUTED
60602,1,mathstral,never,2,0,0,MATH/Llama,MATH/Gemma,60602,47,7,True,True,True,False,False,baseline,,mathstral,never,NOT_ROUTED
60602,1,mathstral,never,2,0,0,MATH/Llama,MATH/Gemma,60602,49,0,False,False,False,False,False,baseline,,mathstral,never,NOT_ROUTED
60602,1,mathstral,never,2,0,0,MATH/Llama,MATH/Gemma,60602,49,1,False,False,False,False,False,baseline,,mathstral,never,NOT_ROUTED
60602,1,mathstral,never,2,0,0,MATH/Llama,MATH/Gemma,60602,49,2,False,False,False,False,False,baseline,,mathstral,never,NOT_ROUTED
60602,1,mathstral,never,2,0,0,MATH/Llama,MATH/Gemma,60602,49,3,False,False,False,False,False,baseline,,mathstral,never,NOT_ROUTED
60602,1,mathstral,never,2,0,0,MATH/Llama,MATH/Gemma,60602,49,4,False,False,False,False,False,baseline,,mathstral,never,NOT_ROUTED
60602,1,mathstral,never,2,0,0,MATH/Llama,MATH/Gemma,60602,49,5,False,False,False,False,False,baseline,,mathstral,never,NOT_ROUTED
60602,1,mathstral,never,2,0,0,MATH/Llama,MATH/Gemma,60602,49,6,False,False,False,False,False,baseline,,mathstral,never,NOT_ROUTED
60602,1,mathstral,never,2,0,0,MATH/Llama,MATH/Gemma,60602,49,7,False,False,False,False,False,baseline,,mathstral,never,NOT_ROUTED
60602,1,mathstral,never,2,0,0,MATH/Llama,MATH/Gemma,60602,50,0,False,False,False,False,False,baseline,,mathstral,never,NOT_ROUTED
60602,1,mathstral,never,2,0,0,MATH/Llama,MATH/Gemma,60602,50,1,False,False,False,False,False,baseline,,mathstral,never,NOT_ROUTED
60602,1,mathstral,never,2,0,0,MATH/Llama,MATH/Gemma,60602,50,2,False,False,False,False,False,baseline,,mathstral,never,NOT_ROUTED
60602,1,mathstral,never,2,0,0,MATH/Llama,MATH/Gemma,60602,50,3,False,False,False,False,False,baseline,,mathstral,never,NOT_ROUTED
60602,1,mathstral,never,2,0,0,MATH/Llama,MATH/Gemma,60602,50,4,False,False,False,False,False,baseline,,mathstral,never,NOT_ROUTED
60602,1,mathstral,never,2,0,0,MATH/Llama,MATH/Gemma,60602,50,5,False,False,False,False,False,baseline,,mathstral,never,NOT_ROUTED
60602,1,mathstral,never,2,0,0,MATH/Llama,MATH/Gemma,60602,50,6,False,False,False,False,False,baseline,,mathstral,never,NOT_ROUTED
60602,1,mathstral,never,2,0,0,MATH/Llama,MATH/Gemma,60602,50,7,False,False,False,False,False,baseline,,mathstral,never,NOT_ROUTED
60602,1,mathstral,never,2,0,0,MATH/Llama,MATH/Gemma,60602,52,0,False,False,False,False,False,baseline,,mathstral,never,NOT_ROUTED
60602,1,mathstral,never,2,0,0,MATH/Llama,MATH/Gemma,60602,52,1,False,False,False,False,False,baseline,,mathstral,never,NOT_ROUTED
60602,1,mathstral,never,2,0,0,MATH/Llama,MATH/Gemma,60602,52,2,False,False,False,False,False,baseline,,mathstral,never,NOT_ROUTED
60602,1,mathstral,never,2,0,0,MATH/Llama,MATH/Gemma,60602,52,3,False,False,False,False,False,baseline,,mathstral,never,NOT_ROUTED
60602,1,mathstral,never,2,0,0,MATH/Llama,MATH/Gemma,60602,52,4,False,False,False,False,False,baseline,,mathstral,never,NOT_ROUTED
60602,1,mathstral,never,2,0,0,MATH/Llama,MATH/Gemma,60602,52,5,False,False,False,False,False,baseline,,mathstral,never,NOT_ROUTED
60602,1,mathstral,never,2,0,0,MATH/Llama,MATH/Gemma,60602,52,6,False,False,False,False,False,baseline,,mathstral,never,NOT_ROUTED
60602,1,mathstral,never,2,0,0,MATH/Llama,MATH/Gemma,60602,52,7,False,False,False,False,False,baseline,,mathstral,never,NOT_ROUTED
60602,1,mathstral,never,2,0,0,MATH/Llama,MATH/Gemma,60602,54,0,True,True,True,False,False,baseline,,mathstral,never,NOT_ROUTED
60602,1,mathstral,never,2,0,0,MATH/Llama,MATH/Gemma,60602,54,1,True,True,True,False,False,baseline,,mathstral,never,NOT_ROUTED
60602,1,mathstral,never,2,0,0,MATH/Llama,MATH/Gemma,60602,54,2,True,True,True,False,False,baseline,,mathstral,never,NOT_ROUTED
60602,1,mathstral,never,2,0,0,MATH/Llama,MATH/Gemma,60602,54,3,False,False,False,False,False,baseline,,mathstral,never,NOT_ROUTED
60602,1,mathstral,never,2,0,0,MATH/Llama,MATH/Gemma,60602,54,4,True,True,True,False,False,baseline,,mathstral,never,NOT_ROUTED
60602,1,mathstral,never,2,0,0,MATH/Llama,MATH/Gemma,60602,54,5,False,False,False,False,False,baseline,,mathstral,never,NOT_ROUTED
60602,1,mathstral,never,2,0,0,MATH/Llama,MATH/Gemma,60602,54,6,True,True,True,False,False,baseline,,mathstral,never,NOT_ROUTED
60602,1,mathstral,never,2,0,0,MATH/Llama,MATH/Gemma,60602,54,7,False,False,False,False,False,baseline,,mathstral,never,NOT_ROUTED
60602,1,mathstral,never,2,0,0,MATH/Llama,MATH/Gemma,60602,56,0,False,False,False,False,False,baseline,,mathstral,never,NOT_ROUTED
60602,1,mathstral,never,2,0,0,MATH/Llama,MATH/Gemma,60602,56,1,False,False,False,False,False,baseline,,mathstral,never,NOT_ROUTED
60602,1,mathstral,never,2,0,0,MATH/Llama,MATH/Gemma,60602,56,2,False,False,False,False,False,baseline,,mathstral,never,NOT_ROUTED
60602,1,mathstral,never,2,0,0,MATH/Llama,MATH/Gemma,60602,56,3,False,False,False,False,False,baseline,,mathstral,never,NOT_ROUTED
60602,1,mathstral,never,2,0,0,MATH/Llama,MATH/Gemma,60602,56,4,False,False,False,False,False,baseline,,mathstral,never,NOT_ROUTED
60602,1,mathstral,never,2,0,0,MATH/Llama,MATH/Gemma,60602,56,5,False,False,False,False,False,baseline,,mathstral,never,NOT_ROUTED
60602,1,mathstral,never,2,0,0,MATH/Llama,MATH/Gemma,60602,56,6,False,False,False,True,False,target_intersection_top20,pairwise_router_v123_llama_with_gemma_budget0_all_0003_neither_correct_s60602_p56_t6,mathstral,never,NEITHER
60602,1,mathstral,never,2,0,0,MATH/Llama,MATH/Gemma,60602,56,7,False,False,False,False,False,baseline,,mathstral,never,NOT_ROUTED
60602,1,mathstral,never,2,0,0,MATH/Llama,MATH/Gemma,60602,61,0,False,False,False,False,False,baseline,,mathstral,never,NOT_ROUTED
60602,1,mathstral,never,2,0,0,MATH/Llama,MATH/Gemma,60602,61,1,False,False,False,False,False,baseline,,mathstral,never,NOT_ROUTED
60602,1,mathstral,never,2,0,0,MATH/Llama,MATH/Gemma,60602,61,2,False,False,False,False,False,baseline,,mathstral,never,NOT_ROUTED
60602,1,mathstral,never,2,0,0,MATH/Llama,MATH/Gemma,60602,61,3,False,False,False,False,False,baseline,,mathstral,never,NOT_ROUTED
60602,1,mathstral,never,2,0,0,MATH/Llama,MATH/Gemma,60602,61,4,False,False,False,False,False,baseline,,mathstral,never,NOT_ROUTED
60602,1,mathstral,never,2,0,0,MATH/Llama,MATH/Gemma,60602,61,5,False,False,False,False,False,baseline,,mathstral,never,NOT_ROUTED
60602,1,mathstral,never,2,0,0,MATH/Llama,MATH/Gemma,60602,61,6,False,False,False,False,False,baseline,,mathstral,never,NOT_ROUTED
60602,1,mathstral,never,2,0,0,MATH/Llama,MATH/Gemma,60602,61,7,False,False,False,False,False,baseline,,mathstral,never,NOT_ROUTED
60602,1,mathstral,never,2,0,0,MATH/Llama,MATH/Gemma,60602,62,0,False,False,False,False,False,baseline,,mathstral,never,NOT_ROUTED
60602,1,mathstral,never,2,0,0,MATH/Llama,MATH/Gemma,60602,62,1,False,False,False,False,False,baseline,,mathstral,never,NOT_ROUTED
60602,1,mathstral,never,2,0,0,MATH/Llama,MATH/Gemma,60602,62,2,False,False,False,False,False,baseline,,mathstral,never,NOT_ROUTED
60602,1,mathstral,never,2,0,0,MATH/Llama,MATH/Gemma,60602,62,3,False,False,False,False,False,baseline,,mathstral,never,NOT_ROUTED
60602,1,mathstral,never,2,0,0,MATH/Llama,MATH/Gemma,60602,62,4,False,False,False,False,False,baseline,,mathstral,never,NOT_ROUTED
60602,1,mathstral,never,2,0,0,MATH/Llama,MATH/Gemma,60602,62,5,False,False,False,False,False,baseline,,mathstral,never,NOT_ROUTED
60602,1,mathstral,never,2,0,0,MATH/Llama,MATH/Gemma,60602,62,6,False,False,False,False,False,baseline,,mathstral,never,NOT_ROUTED
60602,1,mathstral,never,2,0,0,MATH/Llama,MATH/Gemma,60602,62,7,False,False,False,False,False,baseline,,mathstral,never,NOT_ROUTED
60602,1,mathstral,never,2,0,0,MATH/Llama,MATH/Gemma,60602,63,0,True,True,True,False,False,baseline,,mathstral,never,NOT_ROUTED
60602,1,mathstral,never,2,0,0,MATH/Llama,MATH/Gemma,60602,63,1,True,True,True,False,False,baseline,,mathstral,never,NOT_ROUTED
60602,1,mathstral,never,2,0,0,MATH/Llama,MATH/Gemma,60602,63,2,False,False,False,False,False,baseline,,mathstral,never,NOT_ROUTED
60602,1,mathstral,never,2,0,0,MATH/Llama,MATH/Gemma,60602,63,3,True,True,True,False,False,baseline,,mathstral,never,NOT_ROUTED
60602,1,mathstral,never,2,0,0,MATH/Llama,MATH/Gemma,60602,63,4,True,True,True,False,False,baseline,,mathstral,never,NOT_ROUTED
60602,1,mathstral,never,2,0,0,MATH/Llama,MATH/Gemma,60602,63,5,True,True,True,False,False,baseline,,mathstral,never,NOT_ROUTED
60602,1,mathstral,never,2,0,0,MATH/Llama,MATH/Gemma,60602,63,6,False,False,False,False,False,baseline,,mathstral,never,NOT_ROUTED
60602,1,mathstral,never,2,0,0,MATH/Llama,MATH/Gemma,60602,63,7,False,False,False,False,False,baseline,,mathstral,never,NOT_ROUTED
60602,1,mathstral,never,2,0,0,MATH/Llama,MATH/Gemma,60602,65,0,False,False,False,False,False,baseline,,mathstral,never,NOT_ROUTED
60602,1,mathstral,never,2,0,0,MATH/Llama,MATH/Gemma,60602,65,1,False,False,False,False,False,baseline,,mathstral,never,NOT_ROUTED
60602,1,mathstral,never,2,0,0,MATH/Llama,MATH/Gemma,60602,65,2,False,False,False,False,False,baseline,,mathstral,never,NOT_ROUTED
60602,1,mathstral,never,2,0,0,MATH/Llama,MATH/Gemma,60602,65,3,False,False,False,False,False,baseline,,mathstral,never,NOT_ROUTED
60602,1,mathstral,never,2,0,0,MATH/Llama,MATH/Gemma,60602,65,4,False,False,False,False,False,baseline,,mathstral,never,NOT_ROUTED
60602,1,mathstral,never,2,0,0,MATH/Llama,MATH/Gemma,60602,65,5,False,False,False,False,False,baseline,,mathstral,never,NOT_ROUTED
60602,1,mathstral,never,2,0,0,MATH/Llama,MATH/Gemma,60602,65,6,False,False,False,False,False,baseline,,mathstral,never,NOT_ROUTED
60602,1,mathstral,never,2,0,0,MATH/Llama,MATH/Gemma,60602,65,7,False,False,False,False,False,baseline,,mathstral,never,NOT_ROUTED
60602,1,mathstral,never,2,0,0,MATH/Llama,MATH/Gemma,60602,66,0,False,False,False,False,False,baseline,,mathstral,never,NOT_ROUTED
60602,1,mathstral,never,2,0,0,MATH/Llama,MATH/Gemma,60602,66,1,False,False,False,False,False,baseline,,mathstral,never,NOT_ROUTED
60602,1,mathstral,never,2,0,0,MATH/Llama,MATH/Gemma,60602,66,2,False,False,False,False,False,baseline,,mathstral,never,NOT_ROUTED
60602,1,mathstral,never,2,0,0,MATH/Llama,MATH/Gemma,60602,66,3,False,False,False,False,False,baseline,,mathstral,never,NOT_ROUTED
60602,1,mathstral,never,2,0,0,MATH/Llama,MATH/Gemma,60602,66,4,False,False,False,False,False,baseline,,mathstral,never,NOT_ROUTED
60602,1,mathstral,never,2,0,0,MATH/Llama,MATH/Gemma,60602,66,5,False,False,False,False,False,baseline,,mathstral,never,NOT_ROUTED
60602,1,mathstral,never,2,0,0,MATH/Llama,MATH/Gemma,60602,66,6,False,False,False,False,False,baseline,,mathstral,never,NOT_ROUTED
60602,1,mathstral,never,2,0,0,MATH/Llama,MATH/Gemma,60602,66,7,False,False,False,False,False,baseline,,mathstral,never,NOT_ROUTED
60602,1,mathstral,never,2,0,0,MATH/Llama,MATH/Gemma,60602,67,0,True,True,True,False,False,baseline,,mathstral,never,NOT_ROUTED
60602,1,mathstral,never,2,0,0,MATH/Llama,MATH/Gemma,60602,67,1,True,True,True,False,False,baseline,,mathstral,never,NOT_ROUTED
60602,1,mathstral,never,2,0,0,MATH/Llama,MATH/Gemma,60602,67,2,True,True,True,False,False,baseline,,mathstral,never,NOT_ROUTED
60602,1,mathstral,never,2,0,0,MATH/Llama,MATH/Gemma,60602,67,3,True,True,True,False,False,baseline,,mathstral,never,NOT_ROUTED
60602,1,mathstral,never,2,0,0,MATH/Llama,MATH/Gemma,60602,67,4,True,True,True,False,False,baseline,,mathstral,never,NOT_ROUTED
60602,1,mathstral,never,2,0,0,MATH/Llama,MATH/Gemma,60602,67,5,True,True,True,False,False,baseline,,mathstral,never,NOT_ROUTED
60602,1,mathstral,never,2,0,0,MATH/Llama,MATH/Gemma,60602,67,6,True,True,True,False,False,baseline,,mathstral,never,NOT_ROUTED
60602,1,mathstral,never,2,0,0,MATH/Llama,MATH/Gemma,60602,67,7,True,True,True,False,False,baseline,,mathstral,never,NOT_ROUTED
60602,1,mathstral,never,2,0,0,MATH/Llama,MATH/Gemma,60602,69,0,False,False,False,False,False,baseline,,mathstral,never,NOT_ROUTED
60602,1,mathstral,never,2,0,0,MATH/Llama,MATH/Gemma,60602,69,1,False,False,False,False,False,baseline,,mathstral,never,NOT_ROUTED
60602,1,mathstral,never,2,0,0,MATH/Llama,MATH/Gemma,60602,69,2,False,False,False,False,False,baseline,,mathstral,never,NOT_ROUTED
60602,1,mathstral,never,2,0,0,MATH/Llama,MATH/Gemma,60602,69,3,False,False,False,False,False,baseline,,mathstral,never,NOT_ROUTED
60602,1,mathstral,never,2,0,0,MATH/Llama,MATH/Gemma,60602,69,4,False,False,False,False,False,baseline,,mathstral,never,NOT_ROUTED
60602,1,mathstral,never,2,0,0,MATH/Llama,MATH/Gemma,60602,69,5,False,False,False,False,False,baseline,,mathstral,never,NOT_ROUTED
60602,1,mathstral,never,2,0,0,MATH/Llama,MATH/Gemma,60602,69,6,False,False,False,False,False,baseline,,mathstral,never,NOT_ROUTED
60602,1,mathstral,never,2,0,0,MATH/Llama,MATH/Gemma,60602,69,7,False,False,False,False,False,baseline,,mathstral,never,NOT_ROUTED
60602,1,mathstral,never,2,0,0,MATH/Llama,MATH/Gemma,60602,72,0,False,False,False,False,False,baseline,,mathstral,never,NOT_ROUTED
60602,1,mathstral,never,2,0,0,MATH/Llama,MATH/Gemma,60602,72,1,False,False,False,False,False,baseline,,mathstral,never,NOT_ROUTED
60602,1,mathstral,never,2,0,0,MATH/Llama,MATH/Gemma,60602,72,2,False,False,False,False,False,baseline,,mathstral,never,NOT_ROUTED
60602,1,mathstral,never,2,0,0,MATH/Llama,MATH/Gemma,60602,72,3,False,False,False,False,False,baseline,,mathstral,never,NOT_ROUTED
60602,1,mathstral,never,2,0,0,MATH/Llama,MATH/Gemma,60602,72,4,False,False,False,False,False,baseline,,mathstral,never,NOT_ROUTED
60602,1,mathstral,never,2,0,0,MATH/Llama,MATH/Gemma,60602,72,5,False,False,False,False,False,baseline,,mathstral,never,NOT_ROUTED
60602,1,mathstral,never,2,0,0,MATH/Llama,MATH/Gemma,60602,72,6,False,False,False,False,False,baseline,,mathstral,never,NOT_ROUTED
60602,1,mathstral,never,2,0,0,MATH/Llama,MATH/Gemma,60602,72,7,False,False,False,False,False,baseline,,mathstral,never,NOT_ROUTED
60602,1,mathstral,never,2,0,0,MATH/Llama,MATH/Gemma,60602,74,0,False,False,False,False,False,baseline,,mathstral,never,NOT_ROUTED
60602,1,mathstral,never,2,0,0,MATH/Llama,MATH/Gemma,60602,74,1,False,False,False,False,False,baseline,,mathstral,never,NOT_ROUTED
60602,1,mathstral,never,2,0,0,MATH/Llama,MATH/Gemma,60602,74,2,False,False,False,False,False,baseline,,mathstral,never,NOT_ROUTED
60602,1,mathstral,never,2,0,0,MATH/Llama,MATH/Gemma,60602,74,3,False,False,False,False,False,baseline,,mathstral,never,NOT_ROUTED
60602,1,mathstral,never,2,0,0,MATH/Llama,MATH/Gemma,60602,74,4,False,False,False,False,False,baseline,,mathstral,never,NOT_ROUTED
60602,1,mathstral,never,2,0,0,MATH/Llama,MATH/Gemma,60602,74,5,False,False,False,False,False,baseline,,mathstral,never,NOT_ROUTED
60602,1,mathstral,never,2,0,0,MATH/Llama,MATH/Gemma,60602,74,6,False,False,False,False,False,baseline,,mathstral,never,NOT_ROUTED
60602,1,mathstral,never,2,0,0,MATH/Llama,MATH/Gemma,60602,74,7,False,False,False,False,False,baseline,,mathstral,never,NOT_ROUTED
60602,1,mathstral,never,2,0,0,MATH/Llama,MATH/Gemma,60602,75,0,False,False,False,False,False,baseline,,mathstral,never,NOT_ROUTED
60602,1,mathstral,never,2,0,0,MATH/Llama,MATH/Gemma,60602,75,1,False,False,False,False,False,baseline,,mathstral,never,NOT_ROUTED
60602,1,mathstral,never,2,0,0,MATH/Llama,MATH/Gemma,60602,75,2,False,False,False,False,False,baseline,,mathstral,never,NOT_ROUTED
60602,1,mathstral,never,2,0,0,MATH/Llama,MATH/Gemma,60602,75,3,False,False,False,False,False,baseline,,mathstral,never,NOT_ROUTED
60602,1,mathstral,never,2,0,0,MATH/Llama,MATH/Gemma,60602,75,4,False,False,False,False,False,baseline,,mathstral,never,NOT_ROUTED
60602,1,mathstral,never,2,0,0,MATH/Llama,MATH/Gemma,60602,75,5,False,False,False,False,False,baseline,,mathstral,never,NOT_ROUTED
60602,1,mathstral,never,2,0,0,MATH/Llama,MATH/Gemma,60602,75,6,False,False,False,False,False,baseline,,mathstral,never,NOT_ROUTED
60602,1,mathstral,never,2,0,0,MATH/Llama,MATH/Gemma,60602,75,7,False,False,False,False,False,baseline,,mathstral,never,NOT_ROUTED
60602,1,mathstral,never,2,0,0,MATH/Llama,MATH/Gemma,60602,77,0,False,False,False,False,False,baseline,,mathstral,never,NOT_ROUTED
60602,1,mathstral,never,2,0,0,MATH/Llama,MATH/Gemma,60602,77,1,False,False,False,False,False,baseline,,mathstral,never,NOT_ROUTED
60602,1,mathstral,never,2,0,0,MATH/Llama,MATH/Gemma,60602,77,2,False,False,False,False,False,baseline,,mathstral,never,NOT_ROUTED
60602,1,mathstral,never,2,0,0,MATH/Llama,MATH/Gemma,60602,77,3,False,False,False,False,False,baseline,,mathstral,never,NOT_ROUTED
60602,1,mathstral,never,2,0,0,MATH/Llama,MATH/Gemma,60602,77,4,False,False,False,False,False,baseline,,mathstral,never,NOT_ROUTED
60602,1,mathstral,never,2,0,0,MATH/Llama,MATH/Gemma,60602,77,5,False,False,False,False,False,baseline,,mathstral,never,NOT_ROUTED
60602,1,mathstral,never,2,0,0,MATH/Llama,MATH/Gemma,60602,77,6,False,False,False,False,False,baseline,,mathstral,never,NOT_ROUTED
60602,1,mathstral,never,2,0,0,MATH/Llama,MATH/Gemma,60602,77,7,False,False,False,False,False,baseline,,mathstral,never,NOT_ROUTED
60602,1,mathstral,never,2,0,0,MATH/Llama,MATH/Gemma,60602,79,0,True,True,True,False,False,baseline,,mathstral,never,NOT_ROUTED
60602,1,mathstral,never,2,0,0,MATH/Llama,MATH/Gemma,60602,79,1,True,True,True,False,False,baseline,,mathstral,never,NOT_ROUTED
60602,1,mathstral,never,2,0,0,MATH/Llama,MATH/Gemma,60602,79,2,True,True,True,False,False,baseline,,mathstral,never,NOT_ROUTED
60602,1,mathstral,never,2,0,0,MATH/Llama,MATH/Gemma,60602,79,3,True,True,True,False,False,baseline,,mathstral,never,NOT_ROUTED
60602,1,mathstral,never,2,0,0,MATH/Llama,MATH/Gemma,60602,79,4,True,True,True,False,False,baseline,,mathstral,never,NOT_ROUTED
60602,1,mathstral,never,2,0,0,MATH/Llama,MATH/Gemma,60602,79,5,True,True,True,False,False,baseline,,mathstral,never,NOT_ROUTED
60602,1,mathstral,never,2,0,0,MATH/Llama,MATH/Gemma,60602,79,6,True,True,True,False,False,baseline,,mathstral,never,NOT_ROUTED
60602,1,mathstral,never,2,0,0,MATH/Llama,MATH/Gemma,60602,79,7,True,True,True,False,False,baseline,,mathstral,never,NOT_ROUTED
60602,1,mathstral,never,2,0,0,MATH/Llama,MATH/Gemma,60602,82,0,True,True,True,False,False,baseline,,mathstral,never,NOT_ROUTED
60602,1,mathstral,never,2,0,0,MATH/Llama,MATH/Gemma,60602,82,1,False,False,False,False,False,baseline,,mathstral,never,NOT_ROUTED
60602,1,mathstral,never,2,0,0,MATH/Llama,MATH/Gemma,60602,82,2,False,False,False,False,False,baseline,,mathstral,never,NOT_ROUTED
60602,1,mathstral,never,2,0,0,MATH/Llama,MATH/Gemma,60602,82,3,True,True,True,False,False,baseline,,mathstral,never,NOT_ROUTED
60602,1,mathstral,never,2,0,0,MATH/Llama,MATH/Gemma,60602,82,4,False,False,False,False,False,baseline,,mathstral,never,NOT_ROUTED
60602,1,mathstral,never,2,0,0,MATH/Llama,MATH/Gemma,60602,82,5,False,False,False,False,False,baseline,,mathstral,never,NOT_ROUTED
60602,1,mathstral,never,2,0,0,MATH/Llama,MATH/Gemma,60602,82,6,True,True,True,False,False,baseline,,mathstral,never,NOT_ROUTED
60602,1,mathstral,never,2,0,0,MATH/Llama,MATH/Gemma,60602,82,7,True,True,True,False,False,baseline,,mathstral,never,NOT_ROUTED
60602,1,mathstral,never,2,0,0,MATH/Llama,MATH/Gemma,60602,83,0,True,True,True,False,False,baseline,,mathstral,never,NOT_ROUTED
60602,1,mathstral,never,2,0,0,MATH/Llama,MATH/Gemma,60602,83,1,True,True,True,False,False,baseline,,mathstral,never,NOT_ROUTED
60602,1,mathstral,never,2,0,0,MATH/Llama,MATH/Gemma,60602,83,2,True,True,True,False,False,baseline,,mathstral,never,NOT_ROUTED
60602,1,mathstral,never,2,0,0,MATH/Llama,MATH/Gemma,60602,83,3,True,True,True,False,False,baseline,,mathstral,never,NOT_ROUTED
60602,1,mathstral,never,2,0,0,MATH/Llama,MATH/Gemma,60602,83,4,True,True,True,False,False,baseline,,mathstral,never,NOT_ROUTED
60602,1,mathstral,never,2,0,0,MATH/Llama,MATH/Gemma,60602,83,5,True,True,True,False,False,baseline,,mathstral,never,NOT_ROUTED
60602,1,mathstral,never,2,0,0,MATH/Llama,MATH/Gemma,60602,83,6,True,True,True,False,False,baseline,,mathstral,never,NOT_ROUTED
60602,1,mathstral,never,2,0,0,MATH/Llama,MATH/Gemma,60602,83,7,True,True,True,False,False,baseline,,mathstral,never,NOT_ROUTED
60602,1,mathstral,never,2,0,0,MATH/Llama,MATH/Gemma,60602,84,0,True,True,True,False,False,baseline,,mathstral,never,NOT_ROUTED
60602,1,mathstral,never,2,0,0,MATH/Llama,MATH/Gemma,60602,84,1,True,True,True,False,False,baseline,,mathstral,never,NOT_ROUTED
60602,1,mathstral,never,2,0,0,MATH/Llama,MATH/Gemma,60602,84,2,True,True,True,False,False,baseline,,mathstral,never,NOT_ROUTED
60602,1,mathstral,never,2,0,0,MATH/Llama,MATH/Gemma,60602,84,3,True,True,True,False,False,baseline,,mathstral,never,NOT_ROUTED
60602,1,mathstral,never,2,0,0,MATH/Llama,MATH/Gemma,60602,84,4,True,True,True,False,False,baseline,,mathstral,never,NOT_ROUTED
60602,1,mathstral,never,2,0,0,MATH/Llama,MATH/Gemma,60602,84,5,True,True,True,False,False,baseline,,mathstral,never,NOT_ROUTED
60602,1,mathstral,never,2,0,0,MATH/Llama,MATH/Gemma,60602,84,6,True,True,True,False,False,baseline,,mathstral,never,NOT_ROUTED
60602,1,mathstral,never,2,0,0,MATH/Llama,MATH/Gemma,60602,84,7,True,True,True,False,False,baseline,,mathstral,never,NOT_ROUTED
60602,1,mathstral,never,2,0,0,MATH/Llama,MATH/Gemma,60602,85,0,True,True,True,False,False,baseline,,mathstral,never,NOT_ROUTED
60602,1,mathstral,never,2,0,0,MATH/Llama,MATH/Gemma,60602,85,1,False,False,False,False,False,baseline,,mathstral,never,NOT_ROUTED
60602,1,mathstral,never,2,0,0,MATH/Llama,MATH/Gemma,60602,85,2,True,True,True,False,False,baseline,,mathstral,never,NOT_ROUTED
60602,1,mathstral,never,2,0,0,MATH/Llama,MATH/Gemma,60602,85,3,True,True,True,False,False,baseline,,mathstral,never,NOT_ROUTED
60602,1,mathstral,never,2,0,0,MATH/Llama,MATH/Gemma,60602,85,4,True,True,True,False,False,baseline,,mathstral,never,NOT_ROUTED
60602,1,mathstral,never,2,0,0,MATH/Llama,MATH/Gemma,60602,85,5,True,True,True,False,False,baseline,,mathstral,never,NOT_ROUTED
60602,1,mathstral,never,2,0,0,MATH/Llama,MATH/Gemma,60602,85,6,False,False,False,False,False,baseline,,mathstral,never,NOT_ROUTED
60602,1,mathstral,never,2,0,0,MATH/Llama,MATH/Gemma,60602,85,7,True,True,True,False,False,baseline,,mathstral,never,NOT_ROUTED
60602,1,mathstral,never,2,0,0,MATH/Llama,MATH/Gemma,60602,87,0,False,False,False,False,False,baseline,,mathstral,never,NOT_ROUTED
60602,1,mathstral,never,2,0,0,MATH/Llama,MATH/Gemma,60602,87,1,False,False,False,False,False,baseline,,mathstral,never,NOT_ROUTED
60602,1,mathstral,never,2,0,0,MATH/Llama,MATH/Gemma,60602,87,2,False,False,False,False,False,baseline,,mathstral,never,NOT_ROUTED
60602,1,mathstral,never,2,0,0,MATH/Llama,MATH/Gemma,60602,87,3,False,False,False,False,False,baseline,,mathstral,never,NOT_ROUTED
60602,1,mathstral,never,2,0,0,MATH/Llama,MATH/Gemma,60602,87,4,False,False,False,False,False,baseline,,mathstral,never,NOT_ROUTED
60602,1,mathstral,never,2,0,0,MATH/Llama,MATH/Gemma,60602,87,5,False,False,False,False,False,baseline,,mathstral,never,NOT_ROUTED
60602,1,mathstral,never,2,0,0,MATH/Llama,MATH/Gemma,60602,87,6,False,False,False,False,False,baseline,,mathstral,never,NOT_ROUTED
60602,1,mathstral,never,2,0,0,MATH/Llama,MATH/Gemma,60602,87,7,False,False,False,False,False,baseline,,mathstral,never,NOT_ROUTED
60602,1,mathstral,never,2,0,0,MATH/Llama,MATH/Gemma,60602,91,0,True,True,True,False,False,baseline,,mathstral,never,NOT_ROUTED
60602,1,mathstral,never,2,0,0,MATH/Llama,MATH/Gemma,60602,91,1,True,True,True,False,False,baseline,,mathstral,never,NOT_ROUTED
60602,1,mathstral,never,2,0,0,MATH/Llama,MATH/Gemma,60602,91,2,True,True,True,False,False,baseline,,mathstral,never,NOT_ROUTED
60602,1,mathstral,never,2,0,0,MATH/Llama,MATH/Gemma,60602,91,3,True,True,True,False,False,baseline,,mathstral,never,NOT_ROUTED
60602,1,mathstral,never,2,0,0,MATH/Llama,MATH/Gemma,60602,91,4,True,True,True,False,False,baseline,,mathstral,never,NOT_ROUTED
60602,1,mathstral,never,2,0,0,MATH/Llama,MATH/Gemma,60602,91,5,True,True,True,False,False,baseline,,mathstral,never,NOT_ROUTED
60602,1,mathstral,never,2,0,0,MATH/Llama,MATH/Gemma,60602,91,6,True,True,True,False,False,baseline,,mathstral,never,NOT_ROUTED
60602,1,mathstral,never,2,0,0,MATH/Llama,MATH/Gemma,60602,91,7,True,True,True,False,False,baseline,,mathstral,never,NOT_ROUTED
60602,1,mathstral,never,2,0,0,MATH/Llama,MATH/Gemma,60602,92,0,True,True,True,False,False,baseline,,mathstral,never,NOT_ROUTED
60602,1,mathstral,never,2,0,0,MATH/Llama,MATH/Gemma,60602,92,1,True,True,True,False,False,baseline,,mathstral,never,NOT_ROUTED
60602,1,mathstral,never,2,0,0,MATH/Llama,MATH/Gemma,60602,92,2,True,True,True,False,False,baseline,,mathstral,never,NOT_ROUTED
60602,1,mathstral,never,2,0,0,MATH/Llama,MATH/Gemma,60602,92,3,True,True,True,False,False,baseline,,mathstral,never,NOT_ROUTED
60602,1,mathstral,never,2,0,0,MATH/Llama,MATH/Gemma,60602,92,4,True,True,True,False,False,baseline,,mathstral,never,NOT_ROUTED
60602,1,mathstral,never,2,0,0,MATH/Llama,MATH/Gemma,60602,92,5,True,True,True,False,False,baseline,,mathstral,never,NOT_ROUTED
60602,1,mathstral,never,2,0,0,MATH/Llama,MATH/Gemma,60602,92,6,True,True,True,False,False,baseline,,mathstral,never,NOT_ROUTED
60602,1,mathstral,never,2,0,0,MATH/Llama,MATH/Gemma,60602,92,7,True,True,True,False,False,baseline,,mathstral,never,NOT_ROUTED
60602,1,mathstral,never,2,0,0,MATH/Llama,MATH/Gemma,60602,93,0,True,True,True,False,False,baseline,,mathstral,never,NOT_ROUTED
60602,1,mathstral,never,2,0,0,MATH/Llama,MATH/Gemma,60602,93,1,True,True,True,False,False,baseline,,mathstral,never,NOT_ROUTED
60602,1,mathstral,never,2,0,0,MATH/Llama,MATH/Gemma,60602,93,2,True,True,True,False,False,baseline,,mathstral,never,NOT_ROUTED
60602,1,mathstral,never,2,0,0,MATH/Llama,MATH/Gemma,60602,93,3,True,True,True,False,False,baseline,,mathstral,never,NOT_ROUTED
60602,1,mathstral,never,2,0,0,MATH/Llama,MATH/Gemma,60602,93,4,True,True,True,False,False,baseline,,mathstral,never,NOT_ROUTED
60602,1,mathstral,never,2,0,0,MATH/Llama,MATH/Gemma,60602,93,5,True,True,True,False,False,baseline,,mathstral,never,NOT_ROUTED
60602,1,mathstral,never,2,0,0,MATH/Llama,MATH/Gemma,60602,93,6,True,True,True,False,False,baseline,,mathstral,never,NOT_ROUTED
60602,1,mathstral,never,2,0,0,MATH/Llama,MATH/Gemma,60602,93,7,True,True,True,False,False,baseline,,mathstral,never,NOT_ROUTED
60602,1,mathstral,never,2,0,0,MATH/Llama,MATH/Gemma,60602,94,0,True,True,True,False,False,baseline,,mathstral,never,NOT_ROUTED
60602,1,mathstral,never,2,0,0,MATH/Llama,MATH/Gemma,60602,94,1,True,True,True,False,False,baseline,,mathstral,never,NOT_ROUTED
60602,1,mathstral,never,2,0,0,MATH/Llama,MATH/Gemma,60602,94,2,True,True,True,False,False,baseline,,mathstral,never,NOT_ROUTED
60602,1,mathstral,never,2,0,0,MATH/Llama,MATH/Gemma,60602,94,3,True,True,True,False,False,baseline,,mathstral,never,NOT_ROUTED
60602,1,mathstral,never,2,0,0,MATH/Llama,MATH/Gemma,60602,94,4,False,False,False,False,False,baseline,,mathstral,never,NOT_ROUTED
60602,1,mathstral,never,2,0,0,MATH/Llama,MATH/Gemma,60602,94,5,True,True,True,False,False,baseline,,mathstral,never,NOT_ROUTED
60602,1,mathstral,never,2,0,0,MATH/Llama,MATH/Gemma,60602,94,6,False,False,False,False,False,baseline,,mathstral,never,NOT_ROUTED
60602,1,mathstral,never,2,0,0,MATH/Llama,MATH/Gemma,60602,94,7,True,True,True,False,False,baseline,,mathstral,never,NOT_ROUTED
60602,1,mathstral,never,2,0,0,MATH/Llama,MATH/Gemma,60602,95,0,False,False,False,False,False,baseline,,mathstral,never,NOT_ROUTED
60602,1,mathstral,never,2,0,0,MATH/Llama,MATH/Gemma,60602,95,1,False,False,False,False,False,baseline,,mathstral,never,NOT_ROUTED
60602,1,mathstral,never,2,0,0,MATH/Llama,MATH/Gemma,60602,95,2,False,False,False,False,False,baseline,,mathstral,never,NOT_ROUTED
60602,1,mathstral,never,2,0,0,MATH/Llama,MATH/Gemma,60602,95,3,False,False,False,False,False,baseline,,mathstral,never,NOT_ROUTED
60602,1,mathstral,never,2,0,0,MATH/Llama,MATH/Gemma,60602,95,4,False,False,False,False,False,baseline,,mathstral,never,NOT_ROUTED
60602,1,mathstral,never,2,0,0,MATH/Llama,MATH/Gemma,60602,95,5,False,False,False,False,False,baseline,,mathstral,never,NOT_ROUTED
60602,1,mathstral,never,2,0,0,MATH/Llama,MATH/Gemma,60602,95,6,False,False,False,False,False,baseline,,mathstral,never,NOT_ROUTED
60602,1,mathstral,never,2,0,0,MATH/Llama,MATH/Gemma,60602,95,7,False,False,False,False,False,baseline,,mathstral,never,NOT_ROUTED
60602,1,mathstral,never,2,0,0,MATH/Llama,MATH/Gemma,60602,98,0,False,False,False,False,False,baseline,,mathstral,never,NOT_ROUTED
60602,1,mathstral,never,2,0,0,MATH/Llama,MATH/Gemma,60602,98,1,True,True,True,False,False,baseline,,mathstral,never,NOT_ROUTED
60602,1,mathstral,never,2,0,0,MATH/Llama,MATH/Gemma,60602,98,2,True,True,True,False,False,baseline,,mathstral,never,NOT_ROUTED
60602,1,mathstral,never,2,0,0,MATH/Llama,MATH/Gemma,60602,98,3,True,True,True,False,False,baseline,,mathstral,never,NOT_ROUTED
60602,1,mathstral,never,2,0,0,MATH/Llama,MATH/Gemma,60602,98,4,True,True,True,False,False,baseline,,mathstral,never,NOT_ROUTED
60602,1,mathstral,never,2,0,0,MATH/Llama,MATH/Gemma,60602,98,5,True,True,True,False,False,baseline,,mathstral,never,NOT_ROUTED
60602,1,mathstral,never,2,0,0,MATH/Llama,MATH/Gemma,60602,98,6,True,True,True,False,False,baseline,,mathstral,never,NOT_ROUTED
60602,1,mathstral,never,2,0,0,MATH/Llama,MATH/Gemma,60602,98,7,False,False,False,False,False,baseline,,mathstral,never,NOT_ROUTED
60602,1,mathstral,never,2,0,0,MATH/Llama,MATH/Gemma,60602,99,0,True,True,True,False,False,baseline,,mathstral,never,NOT_ROUTED
60602,1,mathstral,never,2,0,0,MATH/Llama,MATH/Gemma,60602,99,1,True,True,True,False,False,baseline,,mathstral,never,NOT_ROUTED
60602,1,mathstral,never,2,0,0,MATH/Llama,MATH/Gemma,60602,99,2,True,True,True,False,False,baseline,,mathstral,never,NOT_ROUTED
60602,1,mathstral,never,2,0,0,MATH/Llama,MATH/Gemma,60602,99,3,True,True,True,False,False,baseline,,mathstral,never,NOT_ROUTED
60602,1,mathstral,never,2,0,0,MATH/Llama,MATH/Gemma,60602,99,4,True,True,True,False,False,baseline,,mathstral,never,NOT_ROUTED
60602,1,mathstral,never,2,0,0,MATH/Llama,MATH/Gemma,60602,99,5,True,True,True,False,False,baseline,,mathstral,never,NOT_ROUTED
60602,1,mathstral,never,2,0,0,MATH/Llama,MATH/Gemma,60602,99,6,True,True,True,False,False,baseline,,mathstral,never,NOT_ROUTED
60602,1,mathstral,never,2,0,0,MATH/Llama,MATH/Gemma,60602,99,7,True,True,True,False,False,baseline,,mathstral,never,NOT_ROUTED
60602,1,mathstral,never,2,0,0,MATH/Llama,MATH/Gemma,60602,100,0,True,True,True,False,False,baseline,,mathstral,never,NOT_ROUTED
60602,1,mathstral,never,2,0,0,MATH/Llama,MATH/Gemma,60602,100,1,True,True,True,False,False,baseline,,mathstral,never,NOT_ROUTED
60602,1,mathstral,never,2,0,0,MATH/Llama,MATH/Gemma,60602,100,2,True,True,True,False,False,baseline,,mathstral,never,NOT_ROUTED
60602,1,mathstral,never,2,0,0,MATH/Llama,MATH/Gemma,60602,100,3,True,True,True,False,False,baseline,,mathstral,never,NOT_ROUTED
60602,1,mathstral,never,2,0,0,MATH/Llama,MATH/Gemma,60602,100,4,True,True,True,False,False,baseline,,mathstral,never,NOT_ROUTED
60602,1,mathstral,never,2,0,0,MATH/Llama,MATH/Gemma,60602,100,5,True,True,True,False,False,baseline,,mathstral,never,NOT_ROUTED
60602,1,mathstral,never,2,0,0,MATH/Llama,MATH/Gemma,60602,100,6,True,True,True,False,False,baseline,,mathstral,never,NOT_ROUTED
60602,1,mathstral,never,2,0,0,MATH/Llama,MATH/Gemma,60602,100,7,True,True,True,False,False,baseline,,mathstral,never,NOT_ROUTED
60602,1,mathstral,never,2,0,0,MATH/Llama,MATH/Gemma,60602,102,0,True,True,True,False,False,baseline,,mathstral,never,NOT_ROUTED
60602,1,mathstral,never,2,0,0,MATH/Llama,MATH/Gemma,60602,102,1,True,True,True,False,False,baseline,,mathstral,never,NOT_ROUTED
60602,1,mathstral,never,2,0,0,MATH/Llama,MATH/Gemma,60602,102,2,True,True,True,False,False,baseline,,mathstral,never,NOT_ROUTED
60602,1,mathstral,never,2,0,0,MATH/Llama,MATH/Gemma,60602,102,3,True,True,True,False,False,baseline,,mathstral,never,NOT_ROUTED
60602,1,mathstral,never,2,0,0,MATH/Llama,MATH/Gemma,60602,102,4,True,True,True,False,False,baseline,,mathstral,never,NOT_ROUTED
60602,1,mathstral,never,2,0,0,MATH/Llama,MATH/Gemma,60602,102,5,True,True,True,False,False,baseline,,mathstral,never,NOT_ROUTED
60602,1,mathstral,never,2,0,0,MATH/Llama,MATH/Gemma,60602,102,6,True,True,True,False,False,baseline,,mathstral,never,NOT_ROUTED
60602,1,mathstral,never,2,0,0,MATH/Llama,MATH/Gemma,60602,102,7,True,True,True,False,False,baseline,,mathstral,never,NOT_ROUTED
60602,1,mathstral,never,2,0,0,MATH/Llama,MATH/Gemma,60602,103,0,True,True,True,False,False,baseline,,mathstral,never,NOT_ROUTED
60602,1,mathstral,never,2,0,0,MATH/Llama,MATH/Gemma,60602,103,1,True,True,True,False,False,baseline,,mathstral,never,NOT_ROUTED
60602,1,mathstral,never,2,0,0,MATH/Llama,MATH/Gemma,60602,103,2,True,True,True,False,False,baseline,,mathstral,never,NOT_ROUTED
60602,1,mathstral,never,2,0,0,MATH/Llama,MATH/Gemma,60602,103,3,True,True,True,False,False,baseline,,mathstral,never,NOT_ROUTED
60602,1,mathstral,never,2,0,0,MATH/Llama,MATH/Gemma,60602,103,4,True,True,True,False,False,baseline,,mathstral,never,NOT_ROUTED
60602,1,mathstral,never,2,0,0,MATH/Llama,MATH/Gemma,60602,103,5,True,True,True,False,False,baseline,,mathstral,never,NOT_ROUTED
60602,1,mathstral,never,2,0,0,MATH/Llama,MATH/Gemma,60602,103,6,True,True,True,False,False,baseline,,mathstral,never,NOT_ROUTED
60602,1,mathstral,never,2,0,0,MATH/Llama,MATH/Gemma,60602,103,7,True,True,True,False,False,baseline,,mathstral,never,NOT_ROUTED
60602,1,mathstral,never,2,0,0,MATH/Llama,MATH/Gemma,60602,105,0,False,False,False,False,False,baseline,,mathstral,never,NOT_ROUTED
60602,1,mathstral,never,2,0,0,MATH/Llama,MATH/Gemma,60602,105,1,False,False,False,False,False,baseline,,mathstral,never,NOT_ROUTED
60602,1,mathstral,never,2,0,0,MATH/Llama,MATH/Gemma,60602,105,2,False,False,False,False,False,baseline,,mathstral,never,NOT_ROUTED
60602,1,mathstral,never,2,0,0,MATH/Llama,MATH/Gemma,60602,105,3,False,False,False,False,False,baseline,,mathstral,never,NOT_ROUTED
60602,1,mathstral,never,2,0,0,MATH/Llama,MATH/Gemma,60602,105,4,False,False,False,True,False,target_intersection_top10,pairwise_router_v123_llama_with_gemma_budget0_all_0004_neither_correct_s60602_p105_t4,mathstral,never,NEITHER
60602,1,mathstral,never,2,0,0,MATH/Llama,MATH/Gemma,60602,105,5,False,False,False,False,False,baseline,,mathstral,never,NOT_ROUTED
60602,1,mathstral,never,2,0,0,MATH/Llama,MATH/Gemma,60602,105,6,False,False,False,False,False,baseline,,mathstral,never,NOT_ROUTED
60602,1,mathstral,never,2,0,0,MATH/Llama,MATH/Gemma,60602,105,7,False,False,False,False,False,baseline,,mathstral,never,NOT_ROUTED
60602,1,mathstral,never,2,0,0,MATH/Llama,MATH/Gemma,60602,109,0,True,True,True,False,False,baseline,,mathstral,never,NOT_ROUTED
60602,1,mathstral,never,2,0,0,MATH/Llama,MATH/Gemma,60602,109,1,True,True,True,False,False,baseline,,mathstral,never,NOT_ROUTED
60602,1,mathstral,never,2,0,0,MATH/Llama,MATH/Gemma,60602,109,2,True,True,True,False,False,baseline,,mathstral,never,NOT_ROUTED
60602,1,mathstral,never,2,0,0,MATH/Llama,MATH/Gemma,60602,109,3,True,True,True,False,False,baseline,,mathstral,never,NOT_ROUTED
60602,1,mathstral,never,2,0,0,MATH/Llama,MATH/Gemma,60602,109,4,True,True,True,False,False,baseline,,mathstral,never,NOT_ROUTED
60602,1,mathstral,never,2,0,0,MATH/Llama,MATH/Gemma,60602,109,5,True,True,True,False,False,baseline,,mathstral,never,NOT_ROUTED
60602,1,mathstral,never,2,0,0,MATH/Llama,MATH/Gemma,60602,109,6,True,True,True,False,False,baseline,,mathstral,never,NOT_ROUTED
60602,1,mathstral,never,2,0,0,MATH/Llama,MATH/Gemma,60602,109,7,True,True,True,False,False,baseline,,mathstral,never,NOT_ROUTED
60602,1,mathstral,never,2,0,0,MATH/Llama,MATH/Gemma,60602,110,0,False,False,False,False,False,baseline,,mathstral,never,NOT_ROUTED
60602,1,mathstral,never,2,0,0,MATH/Llama,MATH/Gemma,60602,110,1,False,False,False,False,False,baseline,,mathstral,never,NOT_ROUTED
60602,1,mathstral,never,2,0,0,MATH/Llama,MATH/Gemma,60602,110,2,False,False,False,False,False,baseline,,mathstral,never,NOT_ROUTED
60602,1,mathstral,never,2,0,0,MATH/Llama,MATH/Gemma,60602,110,3,False,False,False,False,False,baseline,,mathstral,never,NOT_ROUTED
60602,1,mathstral,never,2,0,0,MATH/Llama,MATH/Gemma,60602,110,4,False,False,False,False,False,baseline,,mathstral,never,NOT_ROUTED
60602,1,mathstral,never,2,0,0,MATH/Llama,MATH/Gemma,60602,110,5,False,False,False,False,False,baseline,,mathstral,never,NOT_ROUTED
60602,1,mathstral,never,2,0,0,MATH/Llama,MATH/Gemma,60602,110,6,False,False,False,False,False,baseline,,mathstral,never,NOT_ROUTED
60602,1,mathstral,never,2,0,0,MATH/Llama,MATH/Gemma,60602,110,7,False,False,False,False,False,baseline,,mathstral,never,NOT_ROUTED
60602,1,mathstral,never,2,0,0,MATH/Llama,MATH/Gemma,60602,111,0,True,True,True,False,False,baseline,,mathstral,never,NOT_ROUTED
60602,1,mathstral,never,2,0,0,MATH/Llama,MATH/Gemma,60602,111,1,True,True,True,False,False,baseline,,mathstral,never,NOT_ROUTED
60602,1,mathstral,never,2,0,0,MATH/Llama,MATH/Gemma,60602,111,2,True,True,True,False,False,baseline,,mathstral,never,NOT_ROUTED
60602,1,mathstral,never,2,0,0,MATH/Llama,MATH/Gemma,60602,111,3,True,True,True,False,False,baseline,,mathstral,never,NOT_ROUTED
60602,1,mathstral,never,2,0,0,MATH/Llama,MATH/Gemma,60602,111,4,True,True,True,False,False,baseline,,mathstral,never,NOT_ROUTED
60602,1,mathstral,never,2,0,0,MATH/Llama,MATH/Gemma,60602,111,5,True,True,True,False,False,baseline,,mathstral,never,NOT_ROUTED
60602,1,mathstral,never,2,0,0,MATH/Llama,MATH/Gemma,60602,111,6,True,True,True,False,False,baseline,,mathstral,never,NOT_ROUTED
60602,1,mathstral,never,2,0,0,MATH/Llama,MATH/Gemma,60602,111,7,True,True,True,False,False,baseline,,mathstral,never,NOT_ROUTED
60602,1,mathstral,never,2,0,0,MATH/Llama,MATH/Gemma,60602,114,0,False,False,False,False,False,baseline,,mathstral,never,NOT_ROUTED
60602,1,mathstral,never,2,0,0,MATH/Llama,MATH/Gemma,60602,114,1,False,False,False,False,False,baseline,,mathstral,never,NOT_ROUTED
60602,1,mathstral,never,2,0,0,MATH/Llama,MATH/Gemma,60602,114,2,False,False,False,False,False,baseline,,mathstral,never,NOT_ROUTED
60602,1,mathstral,never,2,0,0,MATH/Llama,MATH/Gemma,60602,114,3,False,False,False,False,False,baseline,,mathstral,never,NOT_ROUTED
60602,1,mathstral,never,2,0,0,MATH/Llama,MATH/Gemma,60602,114,4,False,False,False,False,False,baseline,,mathstral,never,NOT_ROUTED
60602,1,mathstral,never,2,0,0,MATH/Llama,MATH/Gemma,60602,114,5,False,False,False,False,False,baseline,,mathstral,never,NOT_ROUTED
60602,1,mathstral,never,2,0,0,MATH/Llama,MATH/Gemma,60602,114,6,False,False,False,False,False,baseline,,mathstral,never,NOT_ROUTED
60602,1,mathstral,never,2,0,0,MATH/Llama,MATH/Gemma,60602,114,7,False,False,False,False,False,baseline,,mathstral,never,NOT_ROUTED
60602,1,mathstral,never,2,0,0,MATH/Llama,MATH/Gemma,60602,117,0,False,False,False,False,False,baseline,,mathstral,never,NOT_ROUTED
60602,1,mathstral,never,2,0,0,MATH/Llama,MATH/Gemma,60602,117,1,False,False,False,False,False,baseline,,mathstral,never,NOT_ROUTED
60602,1,mathstral,never,2,0,0,MATH/Llama,MATH/Gemma,60602,117,2,False,False,False,False,False,baseline,,mathstral,never,NOT_ROUTED
60602,1,mathstral,never,2,0,0,MATH/Llama,MATH/Gemma,60602,117,3,False,False,False,False,False,baseline,,mathstral,never,NOT_ROUTED
60602,1,mathstral,never,2,0,0,MATH/Llama,MATH/Gemma,60602,117,4,False,False,False,False,False,baseline,,mathstral,never,NOT_ROUTED
60602,1,mathstral,never,2,0,0,MATH/Llama,MATH/Gemma,60602,117,5,False,False,False,False,False,baseline,,mathstral,never,NOT_ROUTED
60602,1,mathstral,never,2,0,0,MATH/Llama,MATH/Gemma,60602,117,6,False,False,False,False,False,baseline,,mathstral,never,NOT_ROUTED
60602,1,mathstral,never,2,0,0,MATH/Llama,MATH/Gemma,60602,117,7,False,False,False,False,False,baseline,,mathstral,never,NOT_ROUTED
60602,1,mathstral,never,2,0,0,MATH/Llama,MATH/Gemma,60602,119,0,False,False,False,False,False,baseline,,mathstral,never,NOT_ROUTED
60602,1,mathstral,never,2,0,0,MATH/Llama,MATH/Gemma,60602,119,1,False,False,False,False,False,baseline,,mathstral,never,NOT_ROUTED
60602,1,mathstral,never,2,0,0,MATH/Llama,MATH/Gemma,60602,119,2,False,False,False,False,False,baseline,,mathstral,never,NOT_ROUTED
60602,1,mathstral,never,2,0,0,MATH/Llama,MATH/Gemma,60602,119,3,False,False,False,False,False,baseline,,mathstral,never,NOT_ROUTED
60602,1,mathstral,never,2,0,0,MATH/Llama,MATH/Gemma,60602,119,4,False,False,False,False,False,baseline,,mathstral,never,NOT_ROUTED
60602,1,mathstral,never,2,0,0,MATH/Llama,MATH/Gemma,60602,119,5,False,False,False,False,False,baseline,,mathstral,never,NOT_ROUTED
60602,1,mathstral,never,2,0,0,MATH/Llama,MATH/Gemma,60602,119,6,False,False,False,False,False,baseline,,mathstral,never,NOT_ROUTED
60602,1,mathstral,never,2,0,0,MATH/Llama,MATH/Gemma,60602,119,7,False,False,False,False,False,baseline,,mathstral,never,NOT_ROUTED
60602,1,mathstral,never,2,0,0,MATH/Llama,MATH/Gemma,60602,120,0,False,False,False,False,False,baseline,,mathstral,never,NOT_ROUTED
60602,1,mathstral,never,2,0,0,MATH/Llama,MATH/Gemma,60602,120,1,False,False,False,False,False,baseline,,mathstral,never,NOT_ROUTED
60602,1,mathstral,never,2,0,0,MATH/Llama,MATH/Gemma,60602,120,2,False,False,False,False,False,baseline,,mathstral,never,NOT_ROUTED
60602,1,mathstral,never,2,0,0,MATH/Llama,MATH/Gemma,60602,120,3,False,False,False,False,False,baseline,,mathstral,never,NOT_ROUTED
60602,1,mathstral,never,2,0,0,MATH/Llama,MATH/Gemma,60602,120,4,False,False,False,False,False,baseline,,mathstral,never,NOT_ROUTED
60602,1,mathstral,never,2,0,0,MATH/Llama,MATH/Gemma,60602,120,5,False,False,False,False,False,baseline,,mathstral,never,NOT_ROUTED
60602,1,mathstral,never,2,0,0,MATH/Llama,MATH/Gemma,60602,120,6,False,False,False,False,False,baseline,,mathstral,never,NOT_ROUTED
60602,1,mathstral,never,2,0,0,MATH/Llama,MATH/Gemma,60602,120,7,False,False,False,False,False,baseline,,mathstral,never,NOT_ROUTED
60602,1,mathstral,never,2,0,0,MATH/Llama,MATH/Gemma,60602,121,0,False,False,False,False,False,baseline,,mathstral,never,NOT_ROUTED
60602,1,mathstral,never,2,0,0,MATH/Llama,MATH/Gemma,60602,121,1,False,False,False,False,False,baseline,,mathstral,never,NOT_ROUTED
60602,1,mathstral,never,2,0,0,MATH/Llama,MATH/Gemma,60602,121,2,False,False,False,False,False,baseline,,mathstral,never,NOT_ROUTED
60602,1,mathstral,never,2,0,0,MATH/Llama,MATH/Gemma,60602,121,3,False,False,False,False,False,baseline,,mathstral,never,NOT_ROUTED
60602,1,mathstral,never,2,0,0,MATH/Llama,MATH/Gemma,60602,121,4,False,False,False,False,False,baseline,,mathstral,never,NOT_ROUTED
60602,1,mathstral,never,2,0,0,MATH/Llama,MATH/Gemma,60602,121,5,False,False,False,True,False,union_rank_top3,pairwise_router_v123_llama_with_gemma_budget0_all_0005_neither_correct_s60602_p121_t5,mathstral,never,NEITHER
60602,1,mathstral,never,2,0,0,MATH/Llama,MATH/Gemma,60602,121,6,False,False,False,False,False,baseline,,mathstral,never,NOT_ROUTED
60602,1,mathstral,never,2,0,0,MATH/Llama,MATH/Gemma,60602,121,7,False,False,False,False,False,baseline,,mathstral,never,NOT_ROUTED
60602,1,mathstral,never,2,0,0,MATH/Llama,MATH/Gemma,60602,122,0,False,False,False,False,False,baseline,,mathstral,never,NOT_ROUTED
60602,1,mathstral,never,2,0,0,MATH/Llama,MATH/Gemma,60602,122,1,False,False,False,False,False,baseline,,mathstral,never,NOT_ROUTED
60602,1,mathstral,never,2,0,0,MATH/Llama,MATH/Gemma,60602,122,2,False,False,False,False,False,baseline,,mathstral,never,NOT_ROUTED
60602,1,mathstral,never,2,0,0,MATH/Llama,MATH/Gemma,60602,122,3,False,False,False,False,False,baseline,,mathstral,never,NOT_ROUTED
60602,1,mathstral,never,2,0,0,MATH/Llama,MATH/Gemma,60602,122,4,False,False,False,False,False,baseline,,mathstral,never,NOT_ROUTED
60602,1,mathstral,never,2,0,0,MATH/Llama,MATH/Gemma,60602,122,5,False,False,False,False,False,baseline,,mathstral,never,NOT_ROUTED
60602,1,mathstral,never,2,0,0,MATH/Llama,MATH/Gemma,60602,122,6,False,False,False,False,False,baseline,,mathstral,never,NOT_ROUTED
60602,1,mathstral,never,2,0,0,MATH/Llama,MATH/Gemma,60602,122,7,False,False,False,False,False,baseline,,mathstral,never,NOT_ROUTED
60602,1,mathstral,never,2,0,0,MATH/Llama,MATH/Gemma,60602,123,0,False,False,False,False,False,baseline,,mathstral,never,NOT_ROUTED
60602,1,mathstral,never,2,0,0,MATH/Llama,MATH/Gemma,60602,123,1,False,False,False,False,False,baseline,,mathstral,never,NOT_ROUTED
60602,1,mathstral,never,2,0,0,MATH/Llama,MATH/Gemma,60602,123,2,False,False,False,False,False,baseline,,mathstral,never,NOT_ROUTED
60602,1,mathstral,never,2,0,0,MATH/Llama,MATH/Gemma,60602,123,3,False,False,False,False,False,baseline,,mathstral,never,NOT_ROUTED
60602,1,mathstral,never,2,0,0,MATH/Llama,MATH/Gemma,60602,123,4,False,False,False,False,False,baseline,,mathstral,never,NOT_ROUTED
60602,1,mathstral,never,2,0,0,MATH/Llama,MATH/Gemma,60602,123,5,False,False,False,False,False,baseline,,mathstral,never,NOT_ROUTED
60602,1,mathstral,never,2,0,0,MATH/Llama,MATH/Gemma,60602,123,6,False,False,False,True,False,target_intersection_top20,pairwise_router_v123_llama_with_gemma_budget0_all_0006_neither_correct_s60602_p123_t6,mathstral,never,NEITHER
60602,1,mathstral,never,2,0,0,MATH/Llama,MATH/Gemma,60602,123,7,False,False,False,False,False,baseline,,mathstral,never,NOT_ROUTED
60602,1,mathstral,never,2,0,0,MATH/Llama,MATH/Gemma,60602,124,0,False,False,False,False,False,baseline,,mathstral,never,NOT_ROUTED
60602,1,mathstral,never,2,0,0,MATH/Llama,MATH/Gemma,60602,124,1,False,False,False,False,False,baseline,,mathstral,never,NOT_ROUTED
60602,1,mathstral,never,2,0,0,MATH/Llama,MATH/Gemma,60602,124,2,False,False,False,False,False,baseline,,mathstral,never,NOT_ROUTED
60602,1,mathstral,never,2,0,0,MATH/Llama,MATH/Gemma,60602,124,3,False,False,False,False,False,baseline,,mathstral,never,NOT_ROUTED
60602,1,mathstral,never,2,0,0,MATH/Llama,MATH/Gemma,60602,124,4,False,False,False,False,False,baseline,,mathstral,never,NOT_ROUTED
60602,1,mathstral,never,2,0,0,MATH/Llama,MATH/Gemma,60602,124,5,False,False,False,False,False,baseline,,mathstral,never,NOT_ROUTED
60602,1,mathstral,never,2,0,0,MATH/Llama,MATH/Gemma,60602,124,6,False,False,False,False,False,baseline,,mathstral,never,NOT_ROUTED
60602,1,mathstral,never,2,0,0,MATH/Llama,MATH/Gemma,60602,124,7,False,False,False,False,False,baseline,,mathstral,never,NOT_ROUTED
60602,1,mathstral,never,2,0,0,MATH/Llama,MATH/Gemma,60602,125,0,False,False,False,False,False,baseline,,mathstral,never,NOT_ROUTED
60602,1,mathstral,never,2,0,0,MATH/Llama,MATH/Gemma,60602,125,1,False,False,False,False,False,baseline,,mathstral,never,NOT_ROUTED
60602,1,mathstral,never,2,0,0,MATH/Llama,MATH/Gemma,60602,125,2,False,False,False,False,False,baseline,,mathstral,never,NOT_ROUTED
60602,1,mathstral,never,2,0,0,MATH/Llama,MATH/Gemma,60602,125,3,False,False,False,False,False,baseline,,mathstral,never,NOT_ROUTED
60602,1,mathstral,never,2,0,0,MATH/Llama,MATH/Gemma,60602,125,4,False,False,False,False,False,baseline,,mathstral,never,NOT_ROUTED
60602,1,mathstral,never,2,0,0,MATH/Llama,MATH/Gemma,60602,125,5,False,False,False,False,False,baseline,,mathstral,never,NOT_ROUTED
60602,1,mathstral,never,2,0,0,MATH/Llama,MATH/Gemma,60602,125,6,False,False,False,False,False,baseline,,mathstral,never,NOT_ROUTED
60602,1,mathstral,never,2,0,0,MATH/Llama,MATH/Gemma,60602,125,7,False,False,False,False,False,baseline,,mathstral,never,NOT_ROUTED
60602,1,mathstral,never,2,0,0,MATH/Llama,MATH/Gemma,60602,126,0,False,False,False,False,False,baseline,,mathstral,never,NOT_ROUTED
60602,1,mathstral,never,2,0,0,MATH/Llama,MATH/Gemma,60602,126,1,False,False,False,False,False,baseline,,mathstral,never,NOT_ROUTED
60602,1,mathstral,never,2,0,0,MATH/Llama,MATH/Gemma,60602,126,2,False,False,False,False,False,baseline,,mathstral,never,NOT_ROUTED
60602,1,mathstral,never,2,0,0,MATH/Llama,MATH/Gemma,60602,126,3,False,False,False,False,False,baseline,,mathstral,never,NOT_ROUTED
60602,1,mathstral,never,2,0,0,MATH/Llama,MATH/Gemma,60602,126,4,False,False,False,False,False,baseline,,mathstral,never,NOT_ROUTED
60602,1,mathstral,never,2,0,0,MATH/Llama,MATH/Gemma,60602,126,5,False,False,False,False,False,baseline,,mathstral,never,NOT_ROUTED
60602,1,mathstral,never,2,0,0,MATH/Llama,MATH/Gemma,60602,126,6,False,False,False,False,False,baseline,,mathstral,never,NOT_ROUTED
60602,1,mathstral,never,2,0,0,MATH/Llama,MATH/Gemma,60602,126,7,False,False,False,False,False,baseline,,mathstral,never,NOT_ROUTED
60602,1,mathstral,never,2,0,0,MATH/Llama,MATH/Gemma,60602,127,0,False,False,False,False,False,baseline,,mathstral,never,NOT_ROUTED
60602,1,mathstral,never,2,0,0,MATH/Llama,MATH/Gemma,60602,127,1,False,False,False,False,False,baseline,,mathstral,never,NOT_ROUTED
60602,1,mathstral,never,2,0,0,MATH/Llama,MATH/Gemma,60602,127,2,False,False,False,False,False,baseline,,mathstral,never,NOT_ROUTED
60602,1,mathstral,never,2,0,0,MATH/Llama,MATH/Gemma,60602,127,3,False,False,False,False,False,baseline,,mathstral,never,NOT_ROUTED
60602,1,mathstral,never,2,0,0,MATH/Llama,MATH/Gemma,60602,127,4,True,True,True,False,False,baseline,,mathstral,never,NOT_ROUTED
60602,1,mathstral,never,2,0,0,MATH/Llama,MATH/Gemma,60602,127,5,False,False,False,False,False,baseline,,mathstral,never,NOT_ROUTED
60602,1,mathstral,never,2,0,0,MATH/Llama,MATH/Gemma,60602,127,6,True,True,True,False,False,baseline,,mathstral,never,NOT_ROUTED
60602,1,mathstral,never,2,0,0,MATH/Llama,MATH/Gemma,60602,127,7,False,False,False,False,False,baseline,,mathstral,never,NOT_ROUTED
60602,2,mathstral,never,2,0,0,MATH/Llama,MATH/Gemma,60602,0,0,False,False,False,False,False,baseline,,mathstral,never,NOT_ROUTED
60602,2,mathstral,never,2,0,0,MATH/Llama,MATH/Gemma,60602,0,1,False,False,False,False,False,baseline,,mathstral,never,NOT_ROUTED
60602,2,mathstral,never,2,0,0,MATH/Llama,MATH/Gemma,60602,0,2,False,False,False,False,False,baseline,,mathstral,never,NOT_ROUTED
60602,2,mathstral,never,2,0,0,MATH/Llama,MATH/Gemma,60602,0,3,False,False,False,True,False,target_intersection_top10,pairwise_router_v123_llama_with_gemma_budget0_all_0001_neither_correct_s60602_p0_t3,mathstral,never,NEITHER
60602,2,mathstral,never,2,0,0,MATH/Llama,MATH/Gemma,60602,0,4,False,False,False,False,False,baseline,,mathstral,never,NOT_ROUTED
60602,2,mathstral,never,2,0,0,MATH/Llama,MATH/Gemma,60602,0,5,False,False,False,False,False,baseline,,mathstral,never,NOT_ROUTED
60602,2,mathstral,never,2,0,0,MATH/Llama,MATH/Gemma,60602,0,6,False,False,False,False,False,baseline,,mathstral,never,NOT_ROUTED
60602,2,mathstral,never,2,0,0,MATH/Llama,MATH/Gemma,60602,0,7,False,False,False,False,False,baseline,,mathstral,never,NOT_ROUTED
60602,2,mathstral,never,2,0,0,MATH/Llama,MATH/Gemma,60602,2,0,True,True,True,False,False,baseline,,mathstral,never,NOT_ROUTED
60602,2,mathstral,never,2,0,0,MATH/Llama,MATH/Gemma,60602,2,1,True,True,True,False,False,baseline,,mathstral,never,NOT_ROUTED
60602,2,mathstral,never,2,0,0,MATH/Llama,MATH/Gemma,60602,2,2,True,True,True,False,False,baseline,,mathstral,never,NOT_ROUTED
60602,2,mathstral,never,2,0,0,MATH/Llama,MATH/Gemma,60602,2,3,True,True,True,False,False,baseline,,mathstral,never,NOT_ROUTED
60602,2,mathstral,never,2,0,0,MATH/Llama,MATH/Gemma,60602,2,4,True,True,True,False,False,baseline,,mathstral,never,NOT_ROUTED
60602,2,mathstral,never,2,0,0,MATH/Llama,MATH/Gemma,60602,2,5,True,True,True,False,False,baseline,,mathstral,never,NOT_ROUTED
60602,2,mathstral,never,2,0,0,MATH/Llama,MATH/Gemma,60602,2,6,True,True,True,False,False,baseline,,mathstral,never,NOT_ROUTED
60602,2,mathstral,never,2,0,0,MATH/Llama,MATH/Gemma,60602,2,7,True,True,True,False,False,baseline,,mathstral,never,NOT_ROUTED
60602,2,mathstral,never,2,0,0,MATH/Llama,MATH/Gemma,60602,5,0,True,True,True,False,False,baseline,,mathstral,never,NOT_ROUTED
60602,2,mathstral,never,2,0,0,MATH/Llama,MATH/Gemma,60602,5,1,True,True,True,False,False,baseline,,mathstral,never,NOT_ROUTED
60602,2,mathstral,never,2,0,0,MATH/Llama,MATH/Gemma,60602,5,2,True,True,True,False,False,baseline,,mathstral,never,NOT_ROUTED
60602,2,mathstral,never,2,0,0,MATH/Llama,MATH/Gemma,60602,5,3,True,True,True,False,False,baseline,,mathstral,never,NOT_ROUTED
60602,2,mathstral,never,2,0,0,MATH/Llama,MATH/Gemma,60602,5,4,True,True,True,False,False,baseline,,mathstral,never,NOT_ROUTED
60602,2,mathstral,never,2,0,0,MATH/Llama,MATH/Gemma,60602,5,5,True,True,True,False,False,baseline,,mathstral,never,NOT_ROUTED
60602,2,mathstral,never,2,0,0,MATH/Llama,MATH/Gemma,60602,5,6,True,True,True,False,False,baseline,,mathstral,never,NOT_ROUTED
60602,2,mathstral,never,2,0,0,MATH/Llama,MATH/Gemma,60602,5,7,True,True,True,False,False,baseline,,mathstral,never,NOT_ROUTED
60602,2,mathstral,never,2,0,0,MATH/Llama,MATH/Gemma,60602,7,0,True,True,True,False,False,baseline,,mathstral,never,NOT_ROUTED
60602,2,mathstral,never,2,0,0,MATH/Llama,MATH/Gemma,60602,7,1,True,True,True,False,False,baseline,,mathstral,never,NOT_ROUTED
60602,2,mathstral,never,2,0,0,MATH/Llama,MATH/Gemma,60602,7,2,True,True,True,False,False,baseline,,mathstral,never,NOT_ROUTED
60602,2,mathstral,never,2,0,0,MATH/Llama,MATH/Gemma,60602,7,3,True,True,True,False,False,baseline,,mathstral,never,NOT_ROUTED
60602,2,mathstral,never,2,0,0,MATH/Llama,MATH/Gemma,60602,7,4,True,True,True,False,False,baseline,,mathstral,never,NOT_ROUTED
60602,2,mathstral,never,2,0,0,MATH/Llama,MATH/Gemma,60602,7,5,True,True,True,False,False,baseline,,mathstral,never,NOT_ROUTED
60602,2,mathstral,never,2,0,0,MATH/Llama,MATH/Gemma,60602,7,6,True,True,True,False,False,baseline,,mathstral,never,NOT_ROUTED
60602,2,mathstral,never,2,0,0,MATH/Llama,MATH/Gemma,60602,7,7,True,True,True,False,False,baseline,,mathstral,never,NOT_ROUTED
60602,2,mathstral,never,2,0,0,MATH/Llama,MATH/Gemma,60602,11,0,False,False,False,False,False,baseline,,mathstral,never,NOT_ROUTED
60602,2,mathstral,never,2,0,0,MATH/Llama,MATH/Gemma,60602,11,1,False,False,False,False,False,baseline,,mathstral,never,NOT_ROUTED
60602,2,mathstral,never,2,0,0,MATH/Llama,MATH/Gemma,60602,11,2,False,False,False,False,False,baseline,,mathstral,never,NOT_ROUTED
60602,2,mathstral,never,2,0,0,MATH/Llama,MATH/Gemma,60602,11,3,False,False,False,False,False,baseline,,mathstral,never,NOT_ROUTED
60602,2,mathstral,never,2,0,0,MATH/Llama,MATH/Gemma,60602,11,4,False,False,False,False,False,baseline,,mathstral,never,NOT_ROUTED
60602,2,mathstral,never,2,0,0,MATH/Llama,MATH/Gemma,60602,11,5,False,False,False,False,False,baseline,,mathstral,never,NOT_ROUTED
60602,2,mathstral,never,2,0,0,MATH/Llama,MATH/Gemma,60602,11,6,False,False,False,False,False,baseline,,mathstral,never,NOT_ROUTED
60602,2,mathstral,never,2,0,0,MATH/Llama,MATH/Gemma,60602,11,7,False,False,False,False,False,baseline,,mathstral,never,NOT_ROUTED
60602,2,mathstral,never,2,0,0,MATH/Llama,MATH/Gemma,60602,12,0,True,True,True,False,False,baseline,,mathstral,never,NOT_ROUTED
60602,2,mathstral,never,2,0,0,MATH/Llama,MATH/Gemma,60602,12,1,True,True,True,False,False,baseline,,mathstral,never,NOT_ROUTED
60602,2,mathstral,never,2,0,0,MATH/Llama,MATH/Gemma,60602,12,2,True,True,True,False,False,baseline,,mathstral,never,NOT_ROUTED
60602,2,mathstral,never,2,0,0,MATH/Llama,MATH/Gemma,60602,12,3,True,True,True,False,False,baseline,,mathstral,never,NOT_ROUTED
60602,2,mathstral,never,2,0,0,MATH/Llama,MATH/Gemma,60602,12,4,True,True,True,False,False,baseline,,mathstral,never,NOT_ROUTED
60602,2,mathstral,never,2,0,0,MATH/Llama,MATH/Gemma,60602,12,5,True,True,True,False,False,baseline,,mathstral,never,NOT_ROUTED
60602,2,mathstral,never,2,0,0,MATH/Llama,MATH/Gemma,60602,12,6,True,True,True,False,False,baseline,,mathstral,never,NOT_ROUTED
60602,2,mathstral,never,2,0,0,MATH/Llama,MATH/Gemma,60602,12,7,True,True,True,False,False,baseline,,mathstral,never,NOT_ROUTED
60602,2,mathstral,never,2,0,0,MATH/Llama,MATH/Gemma,60602,13,0,False,False,False,False,False,baseline,,mathstral,never,NOT_ROUTED
60602,2,mathstral,never,2,0,0,MATH/Llama,MATH/Gemma,60602,13,1,False,False,False,False,False,baseline,,mathstral,never,NOT_ROUTED
60602,2,mathstral,never,2,0,0,MATH/Llama,MATH/Gemma,60602,13,2,False,False,False,False,False,baseline,,mathstral,never,NOT_ROUTED
60602,2,mathstral,never,2,0,0,MATH/Llama,MATH/Gemma,60602,13,3,False,False,False,False,False,baseline,,mathstral,never,NOT_ROUTED
60602,2,mathstral,never,2,0,0,MATH/Llama,MATH/Gemma,60602,13,4,False,False,False,False,False,baseline,,mathstral,never,NOT_ROUTED
60602,2,mathstral,never,2,0,0,MATH/Llama,MATH/Gemma,60602,13,5,False,False,False,False,False,baseline,,mathstral,never,NOT_ROUTED
60602,2,mathstral,never,2,0,0,MATH/Llama,MATH/Gemma,60602,13,6,False,False,False,False,False,baseline,,mathstral,never,NOT_ROUTED
60602,2,mathstral,never,2,0,0,MATH/Llama,MATH/Gemma,60602,13,7,False,False,False,False,False,baseline,,mathstral,never,NOT_ROUTED
60602,2,mathstral,never,2,0,0,MATH/Llama,MATH/Gemma,60602,16,0,False,False,False,False,False,baseline,,mathstral,never,NOT_ROUTED
60602,2,mathstral,never,2,0,0,MATH/Llama,MATH/Gemma,60602,16,1,False,False,False,False,False,baseline,,mathstral,never,NOT_ROUTED
60602,2,mathstral,never,2,0,0,MATH/Llama,MATH/Gemma,60602,16,2,False,False,False,False,False,baseline,,mathstral,never,NOT_ROUTED
60602,2,mathstral,never,2,0,0,MATH/Llama,MATH/Gemma,60602,16,3,False,False,False,False,False,baseline,,mathstral,never,NOT_ROUTED
60602,2,mathstral,never,2,0,0,MATH/Llama,MATH/Gemma,60602,16,4,False,False,False,False,False,baseline,,mathstral,never,NOT_ROUTED
60602,2,mathstral,never,2,0,0,MATH/Llama,MATH/Gemma,60602,16,5,False,False,False,False,False,baseline,,mathstral,never,NOT_ROUTED
60602,2,mathstral,never,2,0,0,MATH/Llama,MATH/Gemma,60602,16,6,False,False,False,False,False,baseline,,mathstral,never,NOT_ROUTED
60602,2,mathstral,never,2,0,0,MATH/Llama,MATH/Gemma,60602,16,7,False,False,False,False,False,baseline,,mathstral,never,NOT_ROUTED
60602,2,mathstral,never,2,0,0,MATH/Llama,MATH/Gemma,60602,17,0,False,False,False,False,False,baseline,,mathstral,never,NOT_ROUTED
60602,2,mathstral,never,2,0,0,MATH/Llama,MATH/Gemma,60602,17,1,False,False,False,False,False,baseline,,mathstral,never,NOT_ROUTED
60602,2,mathstral,never,2,0,0,MATH/Llama,MATH/Gemma,60602,17,2,False,False,False,False,False,baseline,,mathstral,never,NOT_ROUTED
60602,2,mathstral,never,2,0,0,MATH/Llama,MATH/Gemma,60602,17,3,False,False,False,False,False,baseline,,mathstral,never,NOT_ROUTED
60602,2,mathstral,never,2,0,0,MATH/Llama,MATH/Gemma,60602,17,4,False,False,False,False,False,baseline,,mathstral,never,NOT_ROUTED
60602,2,mathstral,never,2,0,0,MATH/Llama,MATH/Gemma,60602,17,5,False,False,False,False,False,baseline,,mathstral,never,NOT_ROUTED
60602,2,mathstral,never,2,0,0,MATH/Llama,MATH/Gemma,60602,17,6,False,False,False,False,False,baseline,,mathstral,never,NOT_ROUTED
60602,2,mathstral,never,2,0,0,MATH/Llama,MATH/Gemma,60602,17,7,False,False,False,False,False,baseline,,mathstral,never,NOT_ROUTED
60602,2,mathstral,never,2,0,0,MATH/Llama,MATH/Gemma,60602,18,0,False,False,False,False,False,baseline,,mathstral,never,NOT_ROUTED
60602,2,mathstral,never,2,0,0,MATH/Llama,MATH/Gemma,60602,18,1,False,False,False,False,False,baseline,,mathstral,never,NOT_ROUTED
60602,2,mathstral,never,2,0,0,MATH/Llama,MATH/Gemma,60602,18,2,False,False,False,False,False,baseline,,mathstral,never,NOT_ROUTED
60602,2,mathstral,never,2,0,0,MATH/Llama,MATH/Gemma,60602,18,3,False,False,False,False,False,baseline,,mathstral,never,NOT_ROUTED
60602,2,mathstral,never,2,0,0,MATH/Llama,MATH/Gemma,60602,18,4,False,False,False,False,False,baseline,,mathstral,never,NOT_ROUTED
60602,2,mathstral,never,2,0,0,MATH/Llama,MATH/Gemma,60602,18,5,False,False,False,False,False,baseline,,mathstral,never,NOT_ROUTED
60602,2,mathstral,never,2,0,0,MATH/Llama,MATH/Gemma,60602,18,6,False,False,False,False,False,baseline,,mathstral,never,NOT_ROUTED
60602,2,mathstral,never,2,0,0,MATH/Llama,MATH/Gemma,60602,18,7,False,False,False,False,False,baseline,,mathstral,never,NOT_ROUTED
60602,2,mathstral,never,2,0,0,MATH/Llama,MATH/Gemma,60602,22,0,True,True,True,False,False,baseline,,mathstral,never,NOT_ROUTED
60602,2,mathstral,never,2,0,0,MATH/Llama,MATH/Gemma,60602,22,1,True,True,True,False,False,baseline,,mathstral,never,NOT_ROUTED
60602,2,mathstral,never,2,0,0,MATH/Llama,MATH/Gemma,60602,22,2,True,True,True,False,False,baseline,,mathstral,never,NOT_ROUTED
60602,2,mathstral,never,2,0,0,MATH/Llama,MATH/Gemma,60602,22,3,True,True,True,False,False,baseline,,mathstral,never,NOT_ROUTED
60602,2,mathstral,never,2,0,0,MATH/Llama,MATH/Gemma,60602,22,4,True,True,True,False,False,baseline,,mathstral,never,NOT_ROUTED
60602,2,mathstral,never,2,0,0,MATH/Llama,MATH/Gemma,60602,22,5,True,True,True,False,False,baseline,,mathstral,never,NOT_ROUTED
60602,2,mathstral,never,2,0,0,MATH/Llama,MATH/Gemma,60602,22,6,True,True,True,False,False,baseline,,mathstral,never,NOT_ROUTED
60602,2,mathstral,never,2,0,0,MATH/Llama,MATH/Gemma,60602,22,7,True,True,True,False,False,baseline,,mathstral,never,NOT_ROUTED
60602,2,mathstral,never,2,0,0,MATH/Llama,MATH/Gemma,60602,24,0,True,True,True,False,False,baseline,,mathstral,never,NOT_ROUTED
60602,2,mathstral,never,2,0,0,MATH/Llama,MATH/Gemma,60602,24,1,True,True,True,False,False,baseline,,mathstral,never,NOT_ROUTED
60602,2,mathstral,never,2,0,0,MATH/Llama,MATH/Gemma,60602,24,2,True,True,True,False,False,baseline,,mathstral,never,NOT_ROUTED
60602,2,mathstral,never,2,0,0,MATH/Llama,MATH/Gemma,60602,24,3,True,True,True,False,False,baseline,,mathstral,never,NOT_ROUTED
60602,2,mathstral,never,2,0,0,MATH/Llama,MATH/Gemma,60602,24,4,True,True,True,False,False,baseline,,mathstral,never,NOT_ROUTED
60602,2,mathstral,never,2,0,0,MATH/Llama,MATH/Gemma,60602,24,5,True,True,True,False,False,baseline,,mathstral,never,NOT_ROUTED
60602,2,mathstral,never,2,0,0,MATH/Llama,MATH/Gemma,60602,24,6,True,True,True,False,False,baseline,,mathstral,never,NOT_ROUTED
60602,2,mathstral,never,2,0,0,MATH/Llama,MATH/Gemma,60602,24,7,True,True,True,False,False,baseline,,mathstral,never,NOT_ROUTED
60602,2,mathstral,never,2,0,0,MATH/Llama,MATH/Gemma,60602,26,0,True,True,True,False,False,baseline,,mathstral,never,NOT_ROUTED
60602,2,mathstral,never,2,0,0,MATH/Llama,MATH/Gemma,60602,26,1,True,True,True,False,False,baseline,,mathstral,never,NOT_ROUTED
60602,2,mathstral,never,2,0,0,MATH/Llama,MATH/Gemma,60602,26,2,True,True,True,False,False,baseline,,mathstral,never,NOT_ROUTED
60602,2,mathstral,never,2,0,0,MATH/Llama,MATH/Gemma,60602,26,3,True,True,True,False,False,baseline,,mathstral,never,NOT_ROUTED
60602,2,mathstral,never,2,0,0,MATH/Llama,MATH/Gemma,60602,26,4,True,True,True,False,False,baseline,,mathstral,never,NOT_ROUTED
60602,2,mathstral,never,2,0,0,MATH/Llama,MATH/Gemma,60602,26,5,True,True,True,False,False,baseline,,mathstral,never,NOT_ROUTED
60602,2,mathstral,never,2,0,0,MATH/Llama,MATH/Gemma,60602,26,6,True,True,True,False,False,baseline,,mathstral,never,NOT_ROUTED
60602,2,mathstral,never,2,0,0,MATH/Llama,MATH/Gemma,60602,26,7,True,True,True,False,False,baseline,,mathstral,never,NOT_ROUTED
60602,2,mathstral,never,2,0,0,MATH/Llama,MATH/Gemma,60602,27,0,True,True,True,False,False,baseline,,mathstral,never,NOT_ROUTED
60602,2,mathstral,never,2,0,0,MATH/Llama,MATH/Gemma,60602,27,1,True,True,True,False,False,baseline,,mathstral,never,NOT_ROUTED
60602,2,mathstral,never,2,0,0,MATH/Llama,MATH/Gemma,60602,27,2,True,True,True,False,False,baseline,,mathstral,never,NOT_ROUTED
60602,2,mathstral,never,2,0,0,MATH/Llama,MATH/Gemma,60602,27,3,True,True,True,False,False,baseline,,mathstral,never,NOT_ROUTED
60602,2,mathstral,never,2,0,0,MATH/Llama,MATH/Gemma,60602,27,4,True,True,True,False,False,baseline,,mathstral,never,NOT_ROUTED
60602,2,mathstral,never,2,0,0,MATH/Llama,MATH/Gemma,60602,27,5,True,True,True,False,False,baseline,,mathstral,never,NOT_ROUTED
60602,2,mathstral,never,2,0,0,MATH/Llama,MATH/Gemma,60602,27,6,True,True,True,False,False,baseline,,mathstral,never,NOT_ROUTED
60602,2,mathstral,never,2,0,0,MATH/Llama,MATH/Gemma,60602,27,7,True,True,True,False,False,baseline,,mathstral,never,NOT_ROUTED
60602,2,mathstral,never,2,0,0,MATH/Llama,MATH/Gemma,60602,30,0,True,True,True,False,False,baseline,,mathstral,never,NOT_ROUTED
60602,2,mathstral,never,2,0,0,MATH/Llama,MATH/Gemma,60602,30,1,True,True,True,False,False,baseline,,mathstral,never,NOT_ROUTED
60602,2,mathstral,never,2,0,0,MATH/Llama,MATH/Gemma,60602,30,2,True,True,True,False,False,baseline,,mathstral,never,NOT_ROUTED
60602,2,mathstral,never,2,0,0,MATH/Llama,MATH/Gemma,60602,30,3,True,True,True,False,False,baseline,,mathstral,never,NOT_ROUTED
60602,2,mathstral,never,2,0,0,MATH/Llama,MATH/Gemma,60602,30,4,True,True,True,False,False,baseline,,mathstral,never,NOT_ROUTED
60602,2,mathstral,never,2,0,0,MATH/Llama,MATH/Gemma,60602,30,5,True,True,True,False,False,baseline,,mathstral,never,NOT_ROUTED
60602,2,mathstral,never,2,0,0,MATH/Llama,MATH/Gemma,60602,30,6,True,True,True,False,False,baseline,,mathstral,never,NOT_ROUTED
60602,2,mathstral,never,2,0,0,MATH/Llama,MATH/Gemma,60602,30,7,True,True,True,False,False,baseline,,mathstral,never,NOT_ROUTED
60602,2,mathstral,never,2,0,0,MATH/Llama,MATH/Gemma,60602,32,0,True,True,True,False,False,baseline,,mathstral,never,NOT_ROUTED
60602,2,mathstral,never,2,0,0,MATH/Llama,MATH/Gemma,60602,32,1,True,True,True,False,False,baseline,,mathstral,never,NOT_ROUTED
60602,2,mathstral,never,2,0,0,MATH/Llama,MATH/Gemma,60602,32,2,True,True,True,False,False,baseline,,mathstral,never,NOT_ROUTED
60602,2,mathstral,never,2,0,0,MATH/Llama,MATH/Gemma,60602,32,3,True,True,True,False,False,baseline,,mathstral,never,NOT_ROUTED
60602,2,mathstral,never,2,0,0,MATH/Llama,MATH/Gemma,60602,32,4,True,True,True,False,False,baseline,,mathstral,never,NOT_ROUTED
60602,2,mathstral,never,2,0,0,MATH/Llama,MATH/Gemma,60602,32,5,True,True,True,False,False,baseline,,mathstral,never,NOT_ROUTED
60602,2,mathstral,never,2,0,0,MATH/Llama,MATH/Gemma,60602,32,6,True,True,True,False,False,baseline,,mathstral,never,NOT_ROUTED
60602,2,mathstral,never,2,0,0,MATH/Llama,MATH/Gemma,60602,32,7,True,True,True,False,False,baseline,,mathstral,never,NOT_ROUTED
60602,2,mathstral,never,2,0,0,MATH/Llama,MATH/Gemma,60602,33,0,False,False,False,False,False,baseline,,mathstral,never,NOT_ROUTED
60602,2,mathstral,never,2,0,0,MATH/Llama,MATH/Gemma,60602,33,1,False,False,False,False,False,baseline,,mathstral,never,NOT_ROUTED
60602,2,mathstral,never,2,0,0,MATH/Llama,MATH/Gemma,60602,33,2,False,False,False,True,False,target_intersection_top20,pairwise_router_v123_llama_with_gemma_budget0_all_0002_neither_correct_s60602_p33_t2,mathstral,never,NEITHER
60602,2,mathstral,never,2,0,0,MATH/Llama,MATH/Gemma,60602,33,3,False,False,False,False,False,baseline,,mathstral,never,NOT_ROUTED
60602,2,mathstral,never,2,0,0,MATH/Llama,MATH/Gemma,60602,33,4,False,False,False,False,False,baseline,,mathstral,never,NOT_ROUTED
60602,2,mathstral,never,2,0,0,MATH/Llama,MATH/Gemma,60602,33,5,False,False,False,False,False,baseline,,mathstral,never,NOT_ROUTED
60602,2,mathstral,never,2,0,0,MATH/Llama,MATH/Gemma,60602,33,6,False,False,False,False,False,baseline,,mathstral,never,NOT_ROUTED
60602,2,mathstral,never,2,0,0,MATH/Llama,MATH/Gemma,60602,33,7,False,False,False,False,False,baseline,,mathstral,never,NOT_ROUTED
60602,2,mathstral,never,2,0,0,MATH/Llama,MATH/Gemma,60602,35,0,True,True,True,False,False,baseline,,mathstral,never,NOT_ROUTED
60602,2,mathstral,never,2,0,0,MATH/Llama,MATH/Gemma,60602,35,1,True,True,True,False,False,baseline,,mathstral,never,NOT_ROUTED
60602,2,mathstral,never,2,0,0,MATH/Llama,MATH/Gemma,60602,35,2,True,True,True,False,False,baseline,,mathstral,never,NOT_ROUTED
60602,2,mathstral,never,2,0,0,MATH/Llama,MATH/Gemma,60602,35,3,True,True,True,False,False,baseline,,mathstral,never,NOT_ROUTED
60602,2,mathstral,never,2,0,0,MATH/Llama,MATH/Gemma,60602,35,4,True,True,True,False,False,baseline,,mathstral,never,NOT_ROUTED
60602,2,mathstral,never,2,0,0,MATH/Llama,MATH/Gemma,60602,35,5,True,True,True,False,False,baseline,,mathstral,never,NOT_ROUTED
60602,2,mathstral,never,2,0,0,MATH/Llama,MATH/Gemma,60602,35,6,True,True,True,False,False,baseline,,mathstral,never,NOT_ROUTED
60602,2,mathstral,never,2,0,0,MATH/Llama,MATH/Gemma,60602,35,7,True,True,True,False,False,baseline,,mathstral,never,NOT_ROUTED
60602,2,mathstral,never,2,0,0,MATH/Llama,MATH/Gemma,60602,36,0,False,False,False,False,False,baseline,,mathstral,never,NOT_ROUTED
60602,2,mathstral,never,2,0,0,MATH/Llama,MATH/Gemma,60602,36,1,False,False,False,False,False,baseline,,mathstral,never,NOT_ROUTED
60602,2,mathstral,never,2,0,0,MATH/Llama,MATH/Gemma,60602,36,2,False,False,False,False,False,baseline,,mathstral,never,NOT_ROUTED
60602,2,mathstral,never,2,0,0,MATH/Llama,MATH/Gemma,60602,36,3,False,False,False,False,False,baseline,,mathstral,never,NOT_ROUTED
60602,2,mathstral,never,2,0,0,MATH/Llama,MATH/Gemma,60602,36,4,False,False,False,False,False,baseline,,mathstral,never,NOT_ROUTED
60602,2,mathstral,never,2,0,0,MATH/Llama,MATH/Gemma,60602,36,5,False,False,False,False,False,baseline,,mathstral,never,NOT_ROUTED
60602,2,mathstral,never,2,0,0,MATH/Llama,MATH/Gemma,60602,36,6,False,False,False,False,False,baseline,,mathstral,never,NOT_ROUTED
60602,2,mathstral,never,2,0,0,MATH/Llama,MATH/Gemma,60602,36,7,False,False,False,False,False,baseline,,mathstral,never,NOT_ROUTED
60602,2,mathstral,never,2,0,0,MATH/Llama,MATH/Gemma,60602,38,0,True,True,True,False,False,baseline,,mathstral,never,NOT_ROUTED
60602,2,mathstral,never,2,0,0,MATH/Llama,MATH/Gemma,60602,38,1,True,True,True,False,False,baseline,,mathstral,never,NOT_ROUTED
60602,2,mathstral,never,2,0,0,MATH/Llama,MATH/Gemma,60602,38,2,True,True,True,False,False,baseline,,mathstral,never,NOT_ROUTED
60602,2,mathstral,never,2,0,0,MATH/Llama,MATH/Gemma,60602,38,3,True,True,True,False,False,baseline,,mathstral,never,NOT_ROUTED
60602,2,mathstral,never,2,0,0,MATH/Llama,MATH/Gemma,60602,38,4,True,True,True,False,False,baseline,,mathstral,never,NOT_ROUTED
60602,2,mathstral,never,2,0,0,MATH/Llama,MATH/Gemma,60602,38,5,True,True,True,False,False,baseline,,mathstral,never,NOT_ROUTED
60602,2,mathstral,never,2,0,0,MATH/Llama,MATH/Gemma,60602,38,6,True,True,True,False,False,baseline,,mathstral,never,NOT_ROUTED
60602,2,mathstral,never,2,0,0,MATH/Llama,MATH/Gemma,60602,38,7,True,True,True,False,False,baseline,,mathstral,never,NOT_ROUTED
60602,2,mathstral,never,2,0,0,MATH/Llama,MATH/Gemma,60602,39,0,True,True,True,False,False,baseline,,mathstral,never,NOT_ROUTED
60602,2,mathstral,never,2,0,0,MATH/Llama,MATH/Gemma,60602,39,1,True,True,True,False,False,baseline,,mathstral,never,NOT_ROUTED
60602,2,mathstral,never,2,0,0,MATH/Llama,MATH/Gemma,60602,39,2,True,True,True,False,False,baseline,,mathstral,never,NOT_ROUTED
60602,2,mathstral,never,2,0,0,MATH/Llama,MATH/Gemma,60602,39,3,True,True,True,False,False,baseline,,mathstral,never,NOT_ROUTED
60602,2,mathstral,never,2,0,0,MATH/Llama,MATH/Gemma,60602,39,4,True,True,True,False,False,baseline,,mathstral,never,NOT_ROUTED
60602,2,mathstral,never,2,0,0,MATH/Llama,MATH/Gemma,60602,39,5,True,True,True,False,False,baseline,,mathstral,never,NOT_ROUTED
60602,2,mathstral,never,2,0,0,MATH/Llama,MATH/Gemma,60602,39,6,True,True,True,False,False,baseline,,mathstral,never,NOT_ROUTED
60602,2,mathstral,never,2,0,0,MATH/Llama,MATH/Gemma,60602,39,7,True,True,True,False,False,baseline,,mathstral,never,NOT_ROUTED
60602,2,mathstral,never,2,0,0,MATH/Llama,MATH/Gemma,60602,42,0,False,False,False,False,False,baseline,,mathstral,never,NOT_ROUTED
60602,2,mathstral,never,2,0,0,MATH/Llama,MATH/Gemma,60602,42,1,False,False,False,False,False,baseline,,mathstral,never,NOT_ROUTED
60602,2,mathstral,never,2,0,0,MATH/Llama,MATH/Gemma,60602,42,2,False,False,False,False,False,baseline,,mathstral,never,NOT_ROUTED
60602,2,mathstral,never,2,0,0,MATH/Llama,MATH/Gemma,60602,42,3,False,False,False,False,False,baseline,,mathstral,never,NOT_ROUTED
60602,2,mathstral,never,2,0,0,MATH/Llama,MATH/Gemma,60602,42,4,False,False,False,False,False,baseline,,mathstral,never,NOT_ROUTED
60602,2,mathstral,never,2,0,0,MATH/Llama,MATH/Gemma,60602,42,5,False,False,False,False,False,baseline,,mathstral,never,NOT_ROUTED
60602,2,mathstral,never,2,0,0,MATH/Llama,MATH/Gemma,60602,42,6,False,False,False,False,False,baseline,,mathstral,never,NOT_ROUTED
60602,2,mathstral,never,2,0,0,MATH/Llama,MATH/Gemma,60602,42,7,False,False,False,False,False,baseline,,mathstral,never,NOT_ROUTED
60602,2,mathstral,never,2,0,0,MATH/Llama,MATH/Gemma,60602,43,0,True,True,True,False,False,baseline,,mathstral,never,NOT_ROUTED
60602,2,mathstral,never,2,0,0,MATH/Llama,MATH/Gemma,60602,43,1,True,True,True,False,False,baseline,,mathstral,never,NOT_ROUTED
60602,2,mathstral,never,2,0,0,MATH/Llama,MATH/Gemma,60602,43,2,True,True,True,False,False,baseline,,mathstral,never,NOT_ROUTED
60602,2,mathstral,never,2,0,0,MATH/Llama,MATH/Gemma,60602,43,3,True,True,True,False,False,baseline,,mathstral,never,NOT_ROUTED
60602,2,mathstral,never,2,0,0,MATH/Llama,MATH/Gemma,60602,43,4,True,True,True,False,False,baseline,,mathstral,never,NOT_ROUTED
60602,2,mathstral,never,2,0,0,MATH/Llama,MATH/Gemma,60602,43,5,True,True,True,False,False,baseline,,mathstral,never,NOT_ROUTED
60602,2,mathstral,never,2,0,0,MATH/Llama,MATH/Gemma,60602,43,6,True,True,True,False,False,baseline,,mathstral,never,NOT_ROUTED
60602,2,mathstral,never,2,0,0,MATH/Llama,MATH/Gemma,60602,43,7,True,True,True,False,False,baseline,,mathstral,never,NOT_ROUTED
60602,2,mathstral,never,2,0,0,MATH/Llama,MATH/Gemma,60602,44,0,False,False,False,False,False,baseline,,mathstral,never,NOT_ROUTED
60602,2,mathstral,never,2,0,0,MATH/Llama,MATH/Gemma,60602,44,1,False,False,False,False,False,baseline,,mathstral,never,NOT_ROUTED
60602,2,mathstral,never,2,0,0,MATH/Llama,MATH/Gemma,60602,44,2,False,False,False,False,False,baseline,,mathstral,never,NOT_ROUTED
60602,2,mathstral,never,2,0,0,MATH/Llama,MATH/Gemma,60602,44,3,False,False,False,False,False,baseline,,mathstral,never,NOT_ROUTED
60602,2,mathstral,never,2,0,0,MATH/Llama,MATH/Gemma,60602,44,4,False,False,False,False,False,baseline,,mathstral,never,NOT_ROUTED
60602,2,mathstral,never,2,0,0,MATH/Llama,MATH/Gemma,60602,44,5,False,False,False,False,False,baseline,,mathstral,never,NOT_ROUTED
60602,2,mathstral,never,2,0,0,MATH/Llama,MATH/Gemma,60602,44,6,False,False,False,False,False,baseline,,mathstral,never,NOT_ROUTED
60602,2,mathstral,never,2,0,0,MATH/Llama,MATH/Gemma,60602,44,7,False,False,False,False,False,baseline,,mathstral,never,NOT_ROUTED
60602,2,mathstral,never,2,0,0,MATH/Llama,MATH/Gemma,60602,45,0,False,False,False,False,False,baseline,,mathstral,never,NOT_ROUTED
60602,2,mathstral,never,2,0,0,MATH/Llama,MATH/Gemma,60602,45,1,False,False,False,False,False,baseline,,mathstral,never,NOT_ROUTED
60602,2,mathstral,never,2,0,0,MATH/Llama,MATH/Gemma,60602,45,2,False,False,False,False,False,baseline,,mathstral,never,NOT_ROUTED
60602,2,mathstral,never,2,0,0,MATH/Llama,MATH/Gemma,60602,45,3,False,False,False,False,False,baseline,,mathstral,never,NOT_ROUTED
60602,2,mathstral,never,2,0,0,MATH/Llama,MATH/Gemma,60602,45,4,False,False,False,False,False,baseline,,mathstral,never,NOT_ROUTED
60602,2,mathstral,never,2,0,0,MATH/Llama,MATH/Gemma,60602,45,5,False,False,False,False,False,baseline,,mathstral,never,NOT_ROUTED
60602,2,mathstral,never,2,0,0,MATH/Llama,MATH/Gemma,60602,45,6,False,False,False,False,False,baseline,,mathstral,never,NOT_ROUTED
60602,2,mathstral,never,2,0,0,MATH/Llama,MATH/Gemma,60602,45,7,False,False,False,False,False,baseline,,mathstral,never,NOT_ROUTED
60602,2,mathstral,never,2,0,0,MATH/Llama,MATH/Gemma,60602,46,0,False,False,False,False,False,baseline,,mathstral,never,NOT_ROUTED
60602,2,mathstral,never,2,0,0,MATH/Llama,MATH/Gemma,60602,46,1,False,False,False,False,False,baseline,,mathstral,never,NOT_ROUTED
60602,2,mathstral,never,2,0,0,MATH/Llama,MATH/Gemma,60602,46,2,False,False,False,False,False,baseline,,mathstral,never,NOT_ROUTED
60602,2,mathstral,never,2,0,0,MATH/Llama,MATH/Gemma,60602,46,3,False,False,False,False,False,baseline,,mathstral,never,NOT_ROUTED
60602,2,mathstral,never,2,0,0,MATH/Llama,MATH/Gemma,60602,46,4,False,False,False,False,False,baseline,,mathstral,never,NOT_ROUTED
60602,2,mathstral,never,2,0,0,MATH/Llama,MATH/Gemma,60602,46,5,False,False,False,False,False,baseline,,mathstral,never,NOT_ROUTED
60602,2,mathstral,never,2,0,0,MATH/Llama,MATH/Gemma,60602,46,6,False,False,False,False,False,baseline,,mathstral,never,NOT_ROUTED
60602,2,mathstral,never,2,0,0,MATH/Llama,MATH/Gemma,60602,46,7,False,False,False,False,False,baseline,,mathstral,never,NOT_ROUTED
60602,2,mathstral,never,2,0,0,MATH/Llama,MATH/Gemma,60602,47,0,True,True,True,False,False,baseline,,mathstral,never,NOT_ROUTED
60602,2,mathstral,never,2,0,0,MATH/Llama,MATH/Gemma,60602,47,1,True,True,True,False,False,baseline,,mathstral,never,NOT_ROUTED
60602,2,mathstral,never,2,0,0,MATH/Llama,MATH/Gemma,60602,47,2,True,True,True,False,False,baseline,,mathstral,never,NOT_ROUTED
60602,2,mathstral,never,2,0,0,MATH/Llama,MATH/Gemma,60602,47,3,True,True,True,False,False,baseline,,mathstral,never,NOT_ROUTED
60602,2,mathstral,never,2,0,0,MATH/Llama,MATH/Gemma,60602,47,4,True,True,True,False,False,baseline,,mathstral,never,NOT_ROUTED
60602,2,mathstral,never,2,0,0,MATH/Llama,MATH/Gemma,60602,47,5,False,False,False,False,False,baseline,,mathstral,never,NOT_ROUTED
60602,2,mathstral,never,2,0,0,MATH/Llama,MATH/Gemma,60602,47,6,False,False,False,False,False,baseline,,mathstral,never,NOT_ROUTED
60602,2,mathstral,never,2,0,0,MATH/Llama,MATH/Gemma,60602,47,7,True,True,True,False,False,baseline,,mathstral,never,NOT_ROUTED
60602,2,mathstral,never,2,0,0,MATH/Llama,MATH/Gemma,60602,49,0,False,False,False,False,False,baseline,,mathstral,never,NOT_ROUTED
60602,2,mathstral,never,2,0,0,MATH/Llama,MATH/Gemma,60602,49,1,False,False,False,False,False,baseline,,mathstral,never,NOT_ROUTED
60602,2,mathstral,never,2,0,0,MATH/Llama,MATH/Gemma,60602,49,2,False,False,False,False,False,baseline,,mathstral,never,NOT_ROUTED
60602,2,mathstral,never,2,0,0,MATH/Llama,MATH/Gemma,60602,49,3,False,False,False,False,False,baseline,,mathstral,never,NOT_ROUTED
60602,2,mathstral,never,2,0,0,MATH/Llama,MATH/Gemma,60602,49,4,False,False,False,False,False,baseline,,mathstral,never,NOT_ROUTED
60602,2,mathstral,never,2,0,0,MATH/Llama,MATH/Gemma,60602,49,5,False,False,False,False,False,baseline,,mathstral,never,NOT_ROUTED
60602,2,mathstral,never,2,0,0,MATH/Llama,MATH/Gemma,60602,49,6,False,False,False,False,False,baseline,,mathstral,never,NOT_ROUTED
60602,2,mathstral,never,2,0,0,MATH/Llama,MATH/Gemma,60602,49,7,False,False,False,False,False,baseline,,mathstral,never,NOT_ROUTED
60602,2,mathstral,never,2,0,0,MATH/Llama,MATH/Gemma,60602,50,0,False,False,False,False,False,baseline,,mathstral,never,NOT_ROUTED
60602,2,mathstral,never,2,0,0,MATH/Llama,MATH/Gemma,60602,50,1,False,False,False,False,False,baseline,,mathstral,never,NOT_ROUTED
60602,2,mathstral,never,2,0,0,MATH/Llama,MATH/Gemma,60602,50,2,False,False,False,False,False,baseline,,mathstral,never,NOT_ROUTED
60602,2,mathstral,never,2,0,0,MATH/Llama,MATH/Gemma,60602,50,3,False,False,False,False,False,baseline,,mathstral,never,NOT_ROUTED
60602,2,mathstral,never,2,0,0,MATH/Llama,MATH/Gemma,60602,50,4,False,False,False,False,False,baseline,,mathstral,never,NOT_ROUTED
60602,2,mathstral,never,2,0,0,MATH/Llama,MATH/Gemma,60602,50,5,False,False,False,False,False,baseline,,mathstral,never,NOT_ROUTED
60602,2,mathstral,never,2,0,0,MATH/Llama,MATH/Gemma,60602,50,6,False,False,False,False,False,baseline,,mathstral,never,NOT_ROUTED
60602,2,mathstral,never,2,0,0,MATH/Llama,MATH/Gemma,60602,50,7,False,False,False,False,False,baseline,,mathstral,never,NOT_ROUTED
60602,2,mathstral,never,2,0,0,MATH/Llama,MATH/Gemma,60602,52,0,False,False,False,False,False,baseline,,mathstral,never,NOT_ROUTED
60602,2,mathstral,never,2,0,0,MATH/Llama,MATH/Gemma,60602,52,1,False,False,False,False,False,baseline,,mathstral,never,NOT_ROUTED
60602,2,mathstral,never,2,0,0,MATH/Llama,MATH/Gemma,60602,52,2,False,False,False,False,False,baseline,,mathstral,never,NOT_ROUTED
60602,2,mathstral,never,2,0,0,MATH/Llama,MATH/Gemma,60602,52,3,False,False,False,False,False,baseline,,mathstral,never,NOT_ROUTED
60602,2,mathstral,never,2,0,0,MATH/Llama,MATH/Gemma,60602,52,4,False,False,False,False,False,baseline,,mathstral,never,NOT_ROUTED
60602,2,mathstral,never,2,0,0,MATH/Llama,MATH/Gemma,60602,52,5,False,False,False,False,False,baseline,,mathstral,never,NOT_ROUTED
60602,2,mathstral,never,2,0,0,MATH/Llama,MATH/Gemma,60602,52,6,False,False,False,False,False,baseline,,mathstral,never,NOT_ROUTED
60602,2,mathstral,never,2,0,0,MATH/Llama,MATH/Gemma,60602,52,7,False,False,False,False,False,baseline,,mathstral,never,NOT_ROUTED
60602,2,mathstral,never,2,0,0,MATH/Llama,MATH/Gemma,60602,54,0,True,True,True,False,False,baseline,,mathstral,never,NOT_ROUTED
60602,2,mathstral,never,2,0,0,MATH/Llama,MATH/Gemma,60602,54,1,True,True,True,False,False,baseline,,mathstral,never,NOT_ROUTED
60602,2,mathstral,never,2,0,0,MATH/Llama,MATH/Gemma,60602,54,2,True,True,True,False,False,baseline,,mathstral,never,NOT_ROUTED
60602,2,mathstral,never,2,0,0,MATH/Llama,MATH/Gemma,60602,54,3,False,False,False,False,False,baseline,,mathstral,never,NOT_ROUTED
60602,2,mathstral,never,2,0,0,MATH/Llama,MATH/Gemma,60602,54,4,True,True,True,False,False,baseline,,mathstral,never,NOT_ROUTED
60602,2,mathstral,never,2,0,0,MATH/Llama,MATH/Gemma,60602,54,5,False,False,False,False,False,baseline,,mathstral,never,NOT_ROUTED
60602,2,mathstral,never,2,0,0,MATH/Llama,MATH/Gemma,60602,54,6,True,True,True,False,False,baseline,,mathstral,never,NOT_ROUTED
60602,2,mathstral,never,2,0,0,MATH/Llama,MATH/Gemma,60602,54,7,False,False,False,False,False,baseline,,mathstral,never,NOT_ROUTED
60602,2,mathstral,never,2,0,0,MATH/Llama,MATH/Gemma,60602,56,0,False,False,False,False,False,baseline,,mathstral,never,NOT_ROUTED
60602,2,mathstral,never,2,0,0,MATH/Llama,MATH/Gemma,60602,56,1,False,False,False,False,False,baseline,,mathstral,never,NOT_ROUTED
60602,2,mathstral,never,2,0,0,MATH/Llama,MATH/Gemma,60602,56,2,False,False,False,False,False,baseline,,mathstral,never,NOT_ROUTED
60602,2,mathstral,never,2,0,0,MATH/Llama,MATH/Gemma,60602,56,3,False,False,False,False,False,baseline,,mathstral,never,NOT_ROUTED
60602,2,mathstral,never,2,0,0,MATH/Llama,MATH/Gemma,60602,56,4,False,False,False,False,False,baseline,,mathstral,never,NOT_ROUTED
60602,2,mathstral,never,2,0,0,MATH/Llama,MATH/Gemma,60602,56,5,False,False,False,False,False,baseline,,mathstral,never,NOT_ROUTED
60602,2,mathstral,never,2,0,0,MATH/Llama,MATH/Gemma,60602,56,6,False,False,False,True,False,target_intersection_top20,pairwise_router_v123_llama_with_gemma_budget0_all_0003_neither_correct_s60602_p56_t6,mathstral,never,NEITHER
60602,2,mathstral,never,2,0,0,MATH/Llama,MATH/Gemma,60602,56,7,False,False,False,False,False,baseline,,mathstral,never,NOT_ROUTED
60602,2,mathstral,never,2,0,0,MATH/Llama,MATH/Gemma,60602,61,0,False,False,False,False,False,baseline,,mathstral,never,NOT_ROUTED
60602,2,mathstral,never,2,0,0,MATH/Llama,MATH/Gemma,60602,61,1,False,False,False,False,False,baseline,,mathstral,never,NOT_ROUTED
60602,2,mathstral,never,2,0,0,MATH/Llama,MATH/Gemma,60602,61,2,False,False,False,False,False,baseline,,mathstral,never,NOT_ROUTED
60602,2,mathstral,never,2,0,0,MATH/Llama,MATH/Gemma,60602,61,3,False,False,False,False,False,baseline,,mathstral,never,NOT_ROUTED
60602,2,mathstral,never,2,0,0,MATH/Llama,MATH/Gemma,60602,61,4,False,False,False,False,False,baseline,,mathstral,never,NOT_ROUTED
60602,2,mathstral,never,2,0,0,MATH/Llama,MATH/Gemma,60602,61,5,False,False,False,False,False,baseline,,mathstral,never,NOT_ROUTED
60602,2,mathstral,never,2,0,0,MATH/Llama,MATH/Gemma,60602,61,6,False,False,False,False,False,baseline,,mathstral,never,NOT_ROUTED
60602,2,mathstral,never,2,0,0,MATH/Llama,MATH/Gemma,60602,61,7,False,False,False,False,False,baseline,,mathstral,never,NOT_ROUTED
60602,2,mathstral,never,2,0,0,MATH/Llama,MATH/Gemma,60602,62,0,False,False,False,False,False,baseline,,mathstral,never,NOT_ROUTED
60602,2,mathstral,never,2,0,0,MATH/Llama,MATH/Gemma,60602,62,1,False,False,False,False,False,baseline,,mathstral,never,NOT_ROUTED
60602,2,mathstral,never,2,0,0,MATH/Llama,MATH/Gemma,60602,62,2,False,False,False,False,False,baseline,,mathstral,never,NOT_ROUTED
60602,2,mathstral,never,2,0,0,MATH/Llama,MATH/Gemma,60602,62,3,False,False,False,False,False,baseline,,mathstral,never,NOT_ROUTED
60602,2,mathstral,never,2,0,0,MATH/Llama,MATH/Gemma,60602,62,4,False,False,False,False,False,baseline,,mathstral,never,NOT_ROUTED
60602,2,mathstral,never,2,0,0,MATH/Llama,MATH/Gemma,60602,62,5,False,False,False,False,False,baseline,,mathstral,never,NOT_ROUTED
60602,2,mathstral,never,2,0,0,MATH/Llama,MATH/Gemma,60602,62,6,False,False,False,False,False,baseline,,mathstral,never,NOT_ROUTED
60602,2,mathstral,never,2,0,0,MATH/Llama,MATH/Gemma,60602,62,7,False,False,False,False,False,baseline,,mathstral,never,NOT_ROUTED
60602,2,mathstral,never,2,0,0,MATH/Llama,MATH/Gemma,60602,63,0,True,True,True,False,False,baseline,,mathstral,never,NOT_ROUTED
60602,2,mathstral,never,2,0,0,MATH/Llama,MATH/Gemma,60602,63,1,True,True,True,False,False,baseline,,mathstral,never,NOT_ROUTED
60602,2,mathstral,never,2,0,0,MATH/Llama,MATH/Gemma,60602,63,2,False,False,False,False,False,baseline,,mathstral,never,NOT_ROUTED
60602,2,mathstral,never,2,0,0,MATH/Llama,MATH/Gemma,60602,63,3,True,True,True,False,False,baseline,,mathstral,never,NOT_ROUTED
60602,2,mathstral,never,2,0,0,MATH/Llama,MATH/Gemma,60602,63,4,True,True,True,False,False,baseline,,mathstral,never,NOT_ROUTED
60602,2,mathstral,never,2,0,0,MATH/Llama,MATH/Gemma,60602,63,5,True,True,True,False,False,baseline,,mathstral,never,NOT_ROUTED
60602,2,mathstral,never,2,0,0,MATH/Llama,MATH/Gemma,60602,63,6,False,False,False,False,False,baseline,,mathstral,never,NOT_ROUTED
60602,2,mathstral,never,2,0,0,MATH/Llama,MATH/Gemma,60602,63,7,False,False,False,False,False,baseline,,mathstral,never,NOT_ROUTED
60602,2,mathstral,never,2,0,0,MATH/Llama,MATH/Gemma,60602,65,0,False,False,False,False,False,baseline,,mathstral,never,NOT_ROUTED
60602,2,mathstral,never,2,0,0,MATH/Llama,MATH/Gemma,60602,65,1,False,False,False,False,False,baseline,,mathstral,never,NOT_ROUTED
60602,2,mathstral,never,2,0,0,MATH/Llama,MATH/Gemma,60602,65,2,False,False,False,False,False,baseline,,mathstral,never,NOT_ROUTED
60602,2,mathstral,never,2,0,0,MATH/Llama,MATH/Gemma,60602,65,3,False,False,False,False,False,baseline,,mathstral,never,NOT_ROUTED
60602,2,mathstral,never,2,0,0,MATH/Llama,MATH/Gemma,60602,65,4,False,False,False,False,False,baseline,,mathstral,never,NOT_ROUTED
60602,2,mathstral,never,2,0,0,MATH/Llama,MATH/Gemma,60602,65,5,False,False,False,False,False,baseline,,mathstral,never,NOT_ROUTED
60602,2,mathstral,never,2,0,0,MATH/Llama,MATH/Gemma,60602,65,6,False,False,False,False,False,baseline,,mathstral,never,NOT_ROUTED
60602,2,mathstral,never,2,0,0,MATH/Llama,MATH/Gemma,60602,65,7,False,False,False,False,False,baseline,,mathstral,never,NOT_ROUTED
60602,2,mathstral,never,2,0,0,MATH/Llama,MATH/Gemma,60602,66,0,False,False,False,False,False,baseline,,mathstral,never,NOT_ROUTED
60602,2,mathstral,never,2,0,0,MATH/Llama,MATH/Gemma,60602,66,1,False,False,False,False,False,baseline,,mathstral,never,NOT_ROUTED
60602,2,mathstral,never,2,0,0,MATH/Llama,MATH/Gemma,60602,66,2,False,False,False,False,False,baseline,,mathstral,never,NOT_ROUTED
60602,2,mathstral,never,2,0,0,MATH/Llama,MATH/Gemma,60602,66,3,False,False,False,False,False,baseline,,mathstral,never,NOT_ROUTED
60602,2,mathstral,never,2,0,0,MATH/Llama,MATH/Gemma,60602,66,4,False,False,False,False,False,baseline,,mathstral,never,NOT_ROUTED
60602,2,mathstral,never,2,0,0,MATH/Llama,MATH/Gemma,60602,66,5,False,False,False,False,False,baseline,,mathstral,never,NOT_ROUTED
60602,2,mathstral,never,2,0,0,MATH/Llama,MATH/Gemma,60602,66,6,False,False,False,False,False,baseline,,mathstral,never,NOT_ROUTED
60602,2,mathstral,never,2,0,0,MATH/Llama,MATH/Gemma,60602,66,7,False,False,False,False,False,baseline,,mathstral,never,NOT_ROUTED
60602,2,mathstral,never,2,0,0,MATH/Llama,MATH/Gemma,60602,67,0,True,True,True,False,False,baseline,,mathstral,never,NOT_ROUTED
60602,2,mathstral,never,2,0,0,MATH/Llama,MATH/Gemma,60602,67,1,True,True,True,False,False,baseline,,mathstral,never,NOT_ROUTED
60602,2,mathstral,never,2,0,0,MATH/Llama,MATH/Gemma,60602,67,2,True,True,True,False,False,baseline,,mathstral,never,NOT_ROUTED
60602,2,mathstral,never,2,0,0,MATH/Llama,MATH/Gemma,60602,67,3,True,True,True,False,False,baseline,,mathstral,never,NOT_ROUTED
60602,2,mathstral,never,2,0,0,MATH/Llama,MATH/Gemma,60602,67,4,True,True,True,False,False,baseline,,mathstral,never,NOT_ROUTED
60602,2,mathstral,never,2,0,0,MATH/Llama,MATH/Gemma,60602,67,5,True,True,True,False,False,baseline,,mathstral,never,NOT_ROUTED
60602,2,mathstral,never,2,0,0,MATH/Llama,MATH/Gemma,60602,67,6,True,True,True,False,False,baseline,,mathstral,never,NOT_ROUTED
60602,2,mathstral,never,2,0,0,MATH/Llama,MATH/Gemma,60602,67,7,True,True,True,False,False,baseline,,mathstral,never,NOT_ROUTED
60602,2,mathstral,never,2,0,0,MATH/Llama,MATH/Gemma,60602,69,0,False,False,False,False,False,baseline,,mathstral,never,NOT_ROUTED
60602,2,mathstral,never,2,0,0,MATH/Llama,MATH/Gemma,60602,69,1,False,False,False,False,False,baseline,,mathstral,never,NOT_ROUTED
60602,2,mathstral,never,2,0,0,MATH/Llama,MATH/Gemma,60602,69,2,False,False,False,False,False,baseline,,mathstral,never,NOT_ROUTED
60602,2,mathstral,never,2,0,0,MATH/Llama,MATH/Gemma,60602,69,3,False,False,False,False,False,baseline,,mathstral,never,NOT_ROUTED
60602,2,mathstral,never,2,0,0,MATH/Llama,MATH/Gemma,60602,69,4,False,False,False,False,False,baseline,,mathstral,never,NOT_ROUTED
60602,2,mathstral,never,2,0,0,MATH/Llama,MATH/Gemma,60602,69,5,False,False,False,False,False,baseline,,mathstral,never,NOT_ROUTED
60602,2,mathstral,never,2,0,0,MATH/Llama,MATH/Gemma,60602,69,6,False,False,False,False,False,baseline,,mathstral,never,NOT_ROUTED
60602,2,mathstral,never,2,0,0,MATH/Llama,MATH/Gemma,60602,69,7,False,False,False,False,False,baseline,,mathstral,never,NOT_ROUTED
60602,2,mathstral,never,2,0,0,MATH/Llama,MATH/Gemma,60602,72,0,False,False,False,False,False,baseline,,mathstral,never,NOT_ROUTED
60602,2,mathstral,never,2,0,0,MATH/Llama,MATH/Gemma,60602,72,1,False,False,False,False,False,baseline,,mathstral,never,NOT_ROUTED
60602,2,mathstral,never,2,0,0,MATH/Llama,MATH/Gemma,60602,72,2,False,False,False,False,False,baseline,,mathstral,never,NOT_ROUTED
60602,2,mathstral,never,2,0,0,MATH/Llama,MATH/Gemma,60602,72,3,False,False,False,False,False,baseline,,mathstral,never,NOT_ROUTED
60602,2,mathstral,never,2,0,0,MATH/Llama,MATH/Gemma,60602,72,4,False,False,False,False,False,baseline,,mathstral,never,NOT_ROUTED
60602,2,mathstral,never,2,0,0,MATH/Llama,MATH/Gemma,60602,72,5,False,False,False,False,False,baseline,,mathstral,never,NOT_ROUTED
60602,2,mathstral,never,2,0,0,MATH/Llama,MATH/Gemma,60602,72,6,False,False,False,False,False,baseline,,mathstral,never,NOT_ROUTED
60602,2,mathstral,never,2,0,0,MATH/Llama,MATH/Gemma,60602,72,7,False,False,False,False,False,baseline,,mathstral,never,NOT_ROUTED
60602,2,mathstral,never,2,0,0,MATH/Llama,MATH/Gemma,60602,74,0,False,False,False,False,False,baseline,,mathstral,never,NOT_ROUTED
60602,2,mathstral,never,2,0,0,MATH/Llama,MATH/Gemma,60602,74,1,False,False,False,False,False,baseline,,mathstral,never,NOT_ROUTED
60602,2,mathstral,never,2,0,0,MATH/Llama,MATH/Gemma,60602,74,2,False,False,False,False,False,baseline,,mathstral,never,NOT_ROUTED
60602,2,mathstral,never,2,0,0,MATH/Llama,MATH/Gemma,60602,74,3,False,False,False,False,False,baseline,,mathstral,never,NOT_ROUTED
60602,2,mathstral,never,2,0,0,MATH/Llama,MATH/Gemma,60602,74,4,False,False,False,False,False,baseline,,mathstral,never,NOT_ROUTED
60602,2,mathstral,never,2,0,0,MATH/Llama,MATH/Gemma,60602,74,5,False,False,False,False,False,baseline,,mathstral,never,NOT_ROUTED
60602,2,mathstral,never,2,0,0,MATH/Llama,MATH/Gemma,60602,74,6,False,False,False,False,False,baseline,,mathstral,never,NOT_ROUTED
60602,2,mathstral,never,2,0,0,MATH/Llama,MATH/Gemma,60602,74,7,False,False,False,False,False,baseline,,mathstral,never,NOT_ROUTED
60602,2,mathstral,never,2,0,0,MATH/Llama,MATH/Gemma,60602,75,0,False,False,False,False,False,baseline,,mathstral,never,NOT_ROUTED
60602,2,mathstral,never,2,0,0,MATH/Llama,MATH/Gemma,60602,75,1,False,False,False,False,False,baseline,,mathstral,never,NOT_ROUTED
60602,2,mathstral,never,2,0,0,MATH/Llama,MATH/Gemma,60602,75,2,False,False,False,False,False,baseline,,mathstral,never,NOT_ROUTED
60602,2,mathstral,never,2,0,0,MATH/Llama,MATH/Gemma,60602,75,3,False,False,False,False,False,baseline,,mathstral,never,NOT_ROUTED
60602,2,mathstral,never,2,0,0,MATH/Llama,MATH/Gemma,60602,75,4,False,False,False,False,False,baseline,,mathstral,never,NOT_ROUTED
60602,2,mathstral,never,2,0,0,MATH/Llama,MATH/Gemma,60602,75,5,False,False,False,False,False,baseline,,mathstral,never,NOT_ROUTED
60602,2,mathstral,never,2,0,0,MATH/Llama,MATH/Gemma,60602,75,6,False,False,False,False,False,baseline,,mathstral,never,NOT_ROUTED
60602,2,mathstral,never,2,0,0,MATH/Llama,MATH/Gemma,60602,75,7,False,False,False,False,False,baseline,,mathstral,never,NOT_ROUTED
60602,2,mathstral,never,2,0,0,MATH/Llama,MATH/Gemma,60602,77,0,False,False,False,False,False,baseline,,mathstral,never,NOT_ROUTED
60602,2,mathstral,never,2,0,0,MATH/Llama,MATH/Gemma,60602,77,1,False,False,False,False,False,baseline,,mathstral,never,NOT_ROUTED
60602,2,mathstral,never,2,0,0,MATH/Llama,MATH/Gemma,60602,77,2,False,False,False,False,False,baseline,,mathstral,never,NOT_ROUTED
60602,2,mathstral,never,2,0,0,MATH/Llama,MATH/Gemma,60602,77,3,False,False,False,False,False,baseline,,mathstral,never,NOT_ROUTED
60602,2,mathstral,never,2,0,0,MATH/Llama,MATH/Gemma,60602,77,4,False,False,False,False,False,baseline,,mathstral,never,NOT_ROUTED
60602,2,mathstral,never,2,0,0,MATH/Llama,MATH/Gemma,60602,77,5,False,False,False,False,False,baseline,,mathstral,never,NOT_ROUTED
60602,2,mathstral,never,2,0,0,MATH/Llama,MATH/Gemma,60602,77,6,False,False,False,False,False,baseline,,mathstral,never,NOT_ROUTED
60602,2,mathstral,never,2,0,0,MATH/Llama,MATH/Gemma,60602,77,7,False,False,False,False,False,baseline,,mathstral,never,NOT_ROUTED
60602,2,mathstral,never,2,0,0,MATH/Llama,MATH/Gemma,60602,79,0,True,True,True,False,False,baseline,,mathstral,never,NOT_ROUTED
60602,2,mathstral,never,2,0,0,MATH/Llama,MATH/Gemma,60602,79,1,True,True,True,False,False,baseline,,mathstral,never,NOT_ROUTED
60602,2,mathstral,never,2,0,0,MATH/Llama,MATH/Gemma,60602,79,2,True,True,True,False,False,baseline,,mathstral,never,NOT_ROUTED
60602,2,mathstral,never,2,0,0,MATH/Llama,MATH/Gemma,60602,79,3,True,True,True,False,False,baseline,,mathstral,never,NOT_ROUTED
60602,2,mathstral,never,2,0,0,MATH/Llama,MATH/Gemma,60602,79,4,True,True,True,False,False,baseline,,mathstral,never,NOT_ROUTED
60602,2,mathstral,never,2,0,0,MATH/Llama,MATH/Gemma,60602,79,5,True,True,True,False,False,baseline,,mathstral,never,NOT_ROUTED
60602,2,mathstral,never,2,0,0,MATH/Llama,MATH/Gemma,60602,79,6,True,True,True,False,False,baseline,,mathstral,never,NOT_ROUTED
60602,2,mathstral,never,2,0,0,MATH/Llama,MATH/Gemma,60602,79,7,True,True,True,False,False,baseline,,mathstral,never,NOT_ROUTED
60602,2,mathstral,never,2,0,0,MATH/Llama,MATH/Gemma,60602,82,0,True,True,True,False,False,baseline,,mathstral,never,NOT_ROUTED
60602,2,mathstral,never,2,0,0,MATH/Llama,MATH/Gemma,60602,82,1,False,False,False,False,False,baseline,,mathstral,never,NOT_ROUTED
60602,2,mathstral,never,2,0,0,MATH/Llama,MATH/Gemma,60602,82,2,False,False,False,False,False,baseline,,mathstral,never,NOT_ROUTED
60602,2,mathstral,never,2,0,0,MATH/Llama,MATH/Gemma,60602,82,3,True,True,True,False,False,baseline,,mathstral,never,NOT_ROUTED
60602,2,mathstral,never,2,0,0,MATH/Llama,MATH/Gemma,60602,82,4,False,False,False,False,False,baseline,,mathstral,never,NOT_ROUTED
60602,2,mathstral,never,2,0,0,MATH/Llama,MATH/Gemma,60602,82,5,False,False,False,False,False,baseline,,mathstral,never,NOT_ROUTED
60602,2,mathstral,never,2,0,0,MATH/Llama,MATH/Gemma,60602,82,6,True,True,True,False,False,baseline,,mathstral,never,NOT_ROUTED
60602,2,mathstral,never,2,0,0,MATH/Llama,MATH/Gemma,60602,82,7,True,True,True,False,False,baseline,,mathstral,never,NOT_ROUTED
60602,2,mathstral,never,2,0,0,MATH/Llama,MATH/Gemma,60602,83,0,True,True,True,False,False,baseline,,mathstral,never,NOT_ROUTED
60602,2,mathstral,never,2,0,0,MATH/Llama,MATH/Gemma,60602,83,1,True,True,True,False,False,baseline,,mathstral,never,NOT_ROUTED
60602,2,mathstral,never,2,0,0,MATH/Llama,MATH/Gemma,60602,83,2,True,True,True,False,False,baseline,,mathstral,never,NOT_ROUTED
60602,2,mathstral,never,2,0,0,MATH/Llama,MATH/Gemma,60602,83,3,True,True,True,False,False,baseline,,mathstral,never,NOT_ROUTED
60602,2,mathstral,never,2,0,0,MATH/Llama,MATH/Gemma,60602,83,4,True,True,True,False,False,baseline,,mathstral,never,NOT_ROUTED
60602,2,mathstral,never,2,0,0,MATH/Llama,MATH/Gemma,60602,83,5,True,True,True,False,False,baseline,,mathstral,never,NOT_ROUTED
60602,2,mathstral,never,2,0,0,MATH/Llama,MATH/Gemma,60602,83,6,True,True,True,False,False,baseline,,mathstral,never,NOT_ROUTED
60602,2,mathstral,never,2,0,0,MATH/Llama,MATH/Gemma,60602,83,7,True,True,True,False,False,baseline,,mathstral,never,NOT_ROUTED
60602,2,mathstral,never,2,0,0,MATH/Llama,MATH/Gemma,60602,84,0,True,True,True,False,False,baseline,,mathstral,never,NOT_ROUTED
60602,2,mathstral,never,2,0,0,MATH/Llama,MATH/Gemma,60602,84,1,True,True,True,False,False,baseline,,mathstral,never,NOT_ROUTED
60602,2,mathstral,never,2,0,0,MATH/Llama,MATH/Gemma,60602,84,2,True,True,True,False,False,baseline,,mathstral,never,NOT_ROUTED
60602,2,mathstral,never,2,0,0,MATH/Llama,MATH/Gemma,60602,84,3,True,True,True,False,False,baseline,,mathstral,never,NOT_ROUTED
60602,2,mathstral,never,2,0,0,MATH/Llama,MATH/Gemma,60602,84,4,True,True,True,False,False,baseline,,mathstral,never,NOT_ROUTED
60602,2,mathstral,never,2,0,0,MATH/Llama,MATH/Gemma,60602,84,5,True,True,True,False,False,baseline,,mathstral,never,NOT_ROUTED
60602,2,mathstral,never,2,0,0,MATH/Llama,MATH/Gemma,60602,84,6,True,True,True,False,False,baseline,,mathstral,never,NOT_ROUTED
60602,2,mathstral,never,2,0,0,MATH/Llama,MATH/Gemma,60602,84,7,True,True,True,False,False,baseline,,mathstral,never,NOT_ROUTED
60602,2,mathstral,never,2,0,0,MATH/Llama,MATH/Gemma,60602,85,0,True,True,True,False,False,baseline,,mathstral,never,NOT_ROUTED
60602,2,mathstral,never,2,0,0,MATH/Llama,MATH/Gemma,60602,85,1,False,False,False,False,False,baseline,,mathstral,never,NOT_ROUTED
60602,2,mathstral,never,2,0,0,MATH/Llama,MATH/Gemma,60602,85,2,True,True,True,False,False,baseline,,mathstral,never,NOT_ROUTED
60602,2,mathstral,never,2,0,0,MATH/Llama,MATH/Gemma,60602,85,3,True,True,True,False,False,baseline,,mathstral,never,NOT_ROUTED
60602,2,mathstral,never,2,0,0,MATH/Llama,MATH/Gemma,60602,85,4,True,True,True,False,False,baseline,,mathstral,never,NOT_ROUTED
60602,2,mathstral,never,2,0,0,MATH/Llama,MATH/Gemma,60602,85,5,True,True,True,False,False,baseline,,mathstral,never,NOT_ROUTED
60602,2,mathstral,never,2,0,0,MATH/Llama,MATH/Gemma,60602,85,6,False,False,False,False,False,baseline,,mathstral,never,NOT_ROUTED
60602,2,mathstral,never,2,0,0,MATH/Llama,MATH/Gemma,60602,85,7,True,True,True,False,False,baseline,,mathstral,never,NOT_ROUTED
60602,2,mathstral,never,2,0,0,MATH/Llama,MATH/Gemma,60602,87,0,False,False,False,False,False,baseline,,mathstral,never,NOT_ROUTED
60602,2,mathstral,never,2,0,0,MATH/Llama,MATH/Gemma,60602,87,1,False,False,False,False,False,baseline,,mathstral,never,NOT_ROUTED
60602,2,mathstral,never,2,0,0,MATH/Llama,MATH/Gemma,60602,87,2,False,False,False,False,False,baseline,,mathstral,never,NOT_ROUTED
60602,2,mathstral,never,2,0,0,MATH/Llama,MATH/Gemma,60602,87,3,False,False,False,False,False,baseline,,mathstral,never,NOT_ROUTED
60602,2,mathstral,never,2,0,0,MATH/Llama,MATH/Gemma,60602,87,4,False,False,False,False,False,baseline,,mathstral,never,NOT_ROUTED
60602,2,mathstral,never,2,0,0,MATH/Llama,MATH/Gemma,60602,87,5,False,False,False,False,False,baseline,,mathstral,never,NOT_ROUTED
60602,2,mathstral,never,2,0,0,MATH/Llama,MATH/Gemma,60602,87,6,False,False,False,False,False,baseline,,mathstral,never,NOT_ROUTED
60602,2,mathstral,never,2,0,0,MATH/Llama,MATH/Gemma,60602,87,7,False,False,False,False,False,baseline,,mathstral,never,NOT_ROUTED
60602,2,mathstral,never,2,0,0,MATH/Llama,MATH/Gemma,60602,91,0,True,True,True,False,False,baseline,,mathstral,never,NOT_ROUTED
60602,2,mathstral,never,2,0,0,MATH/Llama,MATH/Gemma,60602,91,1,True,True,True,False,False,baseline,,mathstral,never,NOT_ROUTED
60602,2,mathstral,never,2,0,0,MATH/Llama,MATH/Gemma,60602,91,2,True,True,True,False,False,baseline,,mathstral,never,NOT_ROUTED
60602,2,mathstral,never,2,0,0,MATH/Llama,MATH/Gemma,60602,91,3,True,True,True,False,False,baseline,,mathstral,never,NOT_ROUTED
60602,2,mathstral,never,2,0,0,MATH/Llama,MATH/Gemma,60602,91,4,True,True,True,False,False,baseline,,mathstral,never,NOT_ROUTED
60602,2,mathstral,never,2,0,0,MATH/Llama,MATH/Gemma,60602,91,5,True,True,True,False,False,baseline,,mathstral,never,NOT_ROUTED
60602,2,mathstral,never,2,0,0,MATH/Llama,MATH/Gemma,60602,91,6,True,True,True,False,False,baseline,,mathstral,never,NOT_ROUTED
60602,2,mathstral,never,2,0,0,MATH/Llama,MATH/Gemma,60602,91,7,True,True,True,False,False,baseline,,mathstral,never,NOT_ROUTED
60602,2,mathstral,never,2,0,0,MATH/Llama,MATH/Gemma,60602,92,0,True,True,True,False,False,baseline,,mathstral,never,NOT_ROUTED
60602,2,mathstral,never,2,0,0,MATH/Llama,MATH/Gemma,60602,92,1,True,True,True,False,False,baseline,,mathstral,never,NOT_ROUTED
60602,2,mathstral,never,2,0,0,MATH/Llama,MATH/Gemma,60602,92,2,True,True,True,False,False,baseline,,mathstral,never,NOT_ROUTED
60602,2,mathstral,never,2,0,0,MATH/Llama,MATH/Gemma,60602,92,3,True,True,True,False,False,baseline,,mathstral,never,NOT_ROUTED
60602,2,mathstral,never,2,0,0,MATH/Llama,MATH/Gemma,60602,92,4,True,True,True,False,False,baseline,,mathstral,never,NOT_ROUTED
60602,2,mathstral,never,2,0,0,MATH/Llama,MATH/Gemma,60602,92,5,True,True,True,False,False,baseline,,mathstral,never,NOT_ROUTED
60602,2,mathstral,never,2,0,0,MATH/Llama,MATH/Gemma,60602,92,6,True,True,True,False,False,baseline,,mathstral,never,NOT_ROUTED
60602,2,mathstral,never,2,0,0,MATH/Llama,MATH/Gemma,60602,92,7,True,True,True,False,False,baseline,,mathstral,never,NOT_ROUTED
60602,2,mathstral,never,2,0,0,MATH/Llama,MATH/Gemma,60602,93,0,True,True,True,False,False,baseline,,mathstral,never,NOT_ROUTED
60602,2,mathstral,never,2,0,0,MATH/Llama,MATH/Gemma,60602,93,1,True,True,True,False,False,baseline,,mathstral,never,NOT_ROUTED
60602,2,mathstral,never,2,0,0,MATH/Llama,MATH/Gemma,60602,93,2,True,True,True,False,False,baseline,,mathstral,never,NOT_ROUTED
60602,2,mathstral,never,2,0,0,MATH/Llama,MATH/Gemma,60602,93,3,True,True,True,False,False,baseline,,mathstral,never,NOT_ROUTED
60602,2,mathstral,never,2,0,0,MATH/Llama,MATH/Gemma,60602,93,4,True,True,True,False,False,baseline,,mathstral,never,NOT_ROUTED
60602,2,mathstral,never,2,0,0,MATH/Llama,MATH/Gemma,60602,93,5,True,True,True,False,False,baseline,,mathstral,never,NOT_ROUTED
60602,2,mathstral,never,2,0,0,MATH/Llama,MATH/Gemma,60602,93,6,True,True,True,False,False,baseline,,mathstral,never,NOT_ROUTED
60602,2,mathstral,never,2,0,0,MATH/Llama,MATH/Gemma,60602,93,7,True,True,True,False,False,baseline,,mathstral,never,NOT_ROUTED
60602,2,mathstral,never,2,0,0,MATH/Llama,MATH/Gemma,60602,94,0,True,True,True,False,False,baseline,,mathstral,never,NOT_ROUTED
60602,2,mathstral,never,2,0,0,MATH/Llama,MATH/Gemma,60602,94,1,True,True,True,False,False,baseline,,mathstral,never,NOT_ROUTED
60602,2,mathstral,never,2,0,0,MATH/Llama,MATH/Gemma,60602,94,2,True,True,True,False,False,baseline,,mathstral,never,NOT_ROUTED
60602,2,mathstral,never,2,0,0,MATH/Llama,MATH/Gemma,60602,94,3,True,True,True,False,False,baseline,,mathstral,never,NOT_ROUTED
60602,2,mathstral,never,2,0,0,MATH/Llama,MATH/Gemma,60602,94,4,False,False,False,False,False,baseline,,mathstral,never,NOT_ROUTED
60602,2,mathstral,never,2,0,0,MATH/Llama,MATH/Gemma,60602,94,5,True,True,True,False,False,baseline,,mathstral,never,NOT_ROUTED
60602,2,mathstral,never,2,0,0,MATH/Llama,MATH/Gemma,60602,94,6,False,False,False,False,False,baseline,,mathstral,never,NOT_ROUTED
60602,2,mathstral,never,2,0,0,MATH/Llama,MATH/Gemma,60602,94,7,True,True,True,False,False,baseline,,mathstral,never,NOT_ROUTED
60602,2,mathstral,never,2,0,0,MATH/Llama,MATH/Gemma,60602,95,0,False,False,False,False,False,baseline,,mathstral,never,NOT_ROUTED
60602,2,mathstral,never,2,0,0,MATH/Llama,MATH/Gemma,60602,95,1,False,False,False,False,False,baseline,,mathstral,never,NOT_ROUTED
60602,2,mathstral,never,2,0,0,MATH/Llama,MATH/Gemma,60602,95,2,False,False,False,False,False,baseline,,mathstral,never,NOT_ROUTED
60602,2,mathstral,never,2,0,0,MATH/Llama,MATH/Gemma,60602,95,3,False,False,False,False,False,baseline,,mathstral,never,NOT_ROUTED
60602,2,mathstral,never,2,0,0,MATH/Llama,MATH/Gemma,60602,95,4,False,False,False,False,False,baseline,,mathstral,never,NOT_ROUTED
60602,2,mathstral,never,2,0,0,MATH/Llama,MATH/Gemma,60602,95,5,False,False,False,False,False,baseline,,mathstral,never,NOT_ROUTED
60602,2,mathstral,never,2,0,0,MATH/Llama,MATH/Gemma,60602,95,6,False,False,False,False,False,baseline,,mathstral,never,NOT_ROUTED
60602,2,mathstral,never,2,0,0,MATH/Llama,MATH/Gemma,60602,95,7,False,False,False,False,False,baseline,,mathstral,never,NOT_ROUTED
60602,2,mathstral,never,2,0,0,MATH/Llama,MATH/Gemma,60602,98,0,False,False,False,False,False,baseline,,mathstral,never,NOT_ROUTED
60602,2,mathstral,never,2,0,0,MATH/Llama,MATH/Gemma,60602,98,1,True,True,True,False,False,baseline,,mathstral,never,NOT_ROUTED
60602,2,mathstral,never,2,0,0,MATH/Llama,MATH/Gemma,60602,98,2,True,True,True,False,False,baseline,,mathstral,never,NOT_ROUTED
60602,2,mathstral,never,2,0,0,MATH/Llama,MATH/Gemma,60602,98,3,True,True,True,False,False,baseline,,mathstral,never,NOT_ROUTED
60602,2,mathstral,never,2,0,0,MATH/Llama,MATH/Gemma,60602,98,4,True,True,True,False,False,baseline,,mathstral,never,NOT_ROUTED
60602,2,mathstral,never,2,0,0,MATH/Llama,MATH/Gemma,60602,98,5,True,True,True,False,False,baseline,,mathstral,never,NOT_ROUTED
60602,2,mathstral,never,2,0,0,MATH/Llama,MATH/Gemma,60602,98,6,True,True,True,False,False,baseline,,mathstral,never,NOT_ROUTED
60602,2,mathstral,never,2,0,0,MATH/Llama,MATH/Gemma,60602,98,7,False,False,False,False,False,baseline,,mathstral,never,NOT_ROUTED
60602,2,mathstral,never,2,0,0,MATH/Llama,MATH/Gemma,60602,99,0,True,True,True,False,False,baseline,,mathstral,never,NOT_ROUTED
60602,2,mathstral,never,2,0,0,MATH/Llama,MATH/Gemma,60602,99,1,True,True,True,False,False,baseline,,mathstral,never,NOT_ROUTED
60602,2,mathstral,never,2,0,0,MATH/Llama,MATH/Gemma,60602,99,2,True,True,True,False,False,baseline,,mathstral,never,NOT_ROUTED
60602,2,mathstral,never,2,0,0,MATH/Llama,MATH/Gemma,60602,99,3,True,True,True,False,False,baseline,,mathstral,never,NOT_ROUTED
60602,2,mathstral,never,2,0,0,MATH/Llama,MATH/Gemma,60602,99,4,True,True,True,False,False,baseline,,mathstral,never,NOT_ROUTED
60602,2,mathstral,never,2,0,0,MATH/Llama,MATH/Gemma,60602,99,5,True,True,True,False,False,baseline,,mathstral,never,NOT_ROUTED
60602,2,mathstral,never,2,0,0,MATH/Llama,MATH/Gemma,60602,99,6,True,True,True,False,False,baseline,,mathstral,never,NOT_ROUTED
60602,2,mathstral,never,2,0,0,MATH/Llama,MATH/Gemma,60602,99,7,True,True,True,False,False,baseline,,mathstral,never,NOT_ROUTED
60602,2,mathstral,never,2,0,0,MATH/Llama,MATH/Gemma,60602,100,0,True,True,True,False,False,baseline,,mathstral,never,NOT_ROUTED
60602,2,mathstral,never,2,0,0,MATH/Llama,MATH/Gemma,60602,100,1,True,True,True,False,False,baseline,,mathstral,never,NOT_ROUTED
60602,2,mathstral,never,2,0,0,MATH/Llama,MATH/Gemma,60602,100,2,True,True,True,False,False,baseline,,mathstral,never,NOT_ROUTED
60602,2,mathstral,never,2,0,0,MATH/Llama,MATH/Gemma,60602,100,3,True,True,True,False,False,baseline,,mathstral,never,NOT_ROUTED
60602,2,mathstral,never,2,0,0,MATH/Llama,MATH/Gemma,60602,100,4,True,True,True,False,False,baseline,,mathstral,never,NOT_ROUTED
60602,2,mathstral,never,2,0,0,MATH/Llama,MATH/Gemma,60602,100,5,True,True,True,False,False,baseline,,mathstral,never,NOT_ROUTED
60602,2,mathstral,never,2,0,0,MATH/Llama,MATH/Gemma,60602,100,6,True,True,True,False,False,baseline,,mathstral,never,NOT_ROUTED
60602,2,mathstral,never,2,0,0,MATH/Llama,MATH/Gemma,60602,100,7,True,True,True,False,False,baseline,,mathstral,never,NOT_ROUTED
60602,2,mathstral,never,2,0,0,MATH/Llama,MATH/Gemma,60602,102,0,True,True,True,False,False,baseline,,mathstral,never,NOT_ROUTED
60602,2,mathstral,never,2,0,0,MATH/Llama,MATH/Gemma,60602,102,1,True,True,True,False,False,baseline,,mathstral,never,NOT_ROUTED
60602,2,mathstral,never,2,0,0,MATH/Llama,MATH/Gemma,60602,102,2,True,True,True,False,False,baseline,,mathstral,never,NOT_ROUTED
60602,2,mathstral,never,2,0,0,MATH/Llama,MATH/Gemma,60602,102,3,True,True,True,False,False,baseline,,mathstral,never,NOT_ROUTED
60602,2,mathstral,never,2,0,0,MATH/Llama,MATH/Gemma,60602,102,4,True,True,True,False,False,baseline,,mathstral,never,NOT_ROUTED
60602,2,mathstral,never,2,0,0,MATH/Llama,MATH/Gemma,60602,102,5,True,True,True,False,False,baseline,,mathstral,never,NOT_ROUTED
60602,2,mathstral,never,2,0,0,MATH/Llama,MATH/Gemma,60602,102,6,True,True,True,False,False,baseline,,mathstral,never,NOT_ROUTED
60602,2,mathstral,never,2,0,0,MATH/Llama,MATH/Gemma,60602,102,7,True,True,True,False,False,baseline,,mathstral,never,NOT_ROUTED
60602,2,mathstral,never,2,0,0,MATH/Llama,MATH/Gemma,60602,103,0,True,True,True,False,False,baseline,,mathstral,never,NOT_ROUTED
60602,2,mathstral,never,2,0,0,MATH/Llama,MATH/Gemma,60602,103,1,True,True,True,False,False,baseline,,mathstral,never,NOT_ROUTED
60602,2,mathstral,never,2,0,0,MATH/Llama,MATH/Gemma,60602,103,2,True,True,True,False,False,baseline,,mathstral,never,NOT_ROUTED
60602,2,mathstral,never,2,0,0,MATH/Llama,MATH/Gemma,60602,103,3,True,True,True,False,False,baseline,,mathstral,never,NOT_ROUTED
60602,2,mathstral,never,2,0,0,MATH/Llama,MATH/Gemma,60602,103,4,True,True,True,False,False,baseline,,mathstral,never,NOT_ROUTED
60602,2,mathstral,never,2,0,0,MATH/Llama,MATH/Gemma,60602,103,5,True,True,True,False,False,baseline,,mathstral,never,NOT_ROUTED
60602,2,mathstral,never,2,0,0,MATH/Llama,MATH/Gemma,60602,103,6,True,True,True,False,False,baseline,,mathstral,never,NOT_ROUTED
60602,2,mathstral,never,2,0,0,MATH/Llama,MATH/Gemma,60602,103,7,True,True,True,False,False,baseline,,mathstral,never,NOT_ROUTED
60602,2,mathstral,never,2,0,0,MATH/Llama,MATH/Gemma,60602,105,0,False,False,False,False,False,baseline,,mathstral,never,NOT_ROUTED
60602,2,mathstral,never,2,0,0,MATH/Llama,MATH/Gemma,60602,105,1,False,False,False,False,False,baseline,,mathstral,never,NOT_ROUTED
60602,2,mathstral,never,2,0,0,MATH/Llama,MATH/Gemma,60602,105,2,False,False,False,False,False,baseline,,mathstral,never,NOT_ROUTED
60602,2,mathstral,never,2,0,0,MATH/Llama,MATH/Gemma,60602,105,3,False,False,False,False,False,baseline,,mathstral,never,NOT_ROUTED
60602,2,mathstral,never,2,0,0,MATH/Llama,MATH/Gemma,60602,105,4,False,False,False,True,False,target_intersection_top10,pairwise_router_v123_llama_with_gemma_budget0_all_0004_neither_correct_s60602_p105_t4,mathstral,never,NEITHER
60602,2,mathstral,never,2,0,0,MATH/Llama,MATH/Gemma,60602,105,5,False,False,False,False,False,baseline,,mathstral,never,NOT_ROUTED
60602,2,mathstral,never,2,0,0,MATH/Llama,MATH/Gemma,60602,105,6,False,False,False,False,False,baseline,,mathstral,never,NOT_ROUTED
60602,2,mathstral,never,2,0,0,MATH/Llama,MATH/Gemma,60602,105,7,False,False,False,False,False,baseline,,mathstral,never,NOT_ROUTED
60602,2,mathstral,never,2,0,0,MATH/Llama,MATH/Gemma,60602,109,0,True,True,True,False,False,baseline,,mathstral,never,NOT_ROUTED
60602,2,mathstral,never,2,0,0,MATH/Llama,MATH/Gemma,60602,109,1,True,True,True,False,False,baseline,,mathstral,never,NOT_ROUTED
60602,2,mathstral,never,2,0,0,MATH/Llama,MATH/Gemma,60602,109,2,True,True,True,False,False,baseline,,mathstral,never,NOT_ROUTED
60602,2,mathstral,never,2,0,0,MATH/Llama,MATH/Gemma,60602,109,3,True,True,True,False,False,baseline,,mathstral,never,NOT_ROUTED
60602,2,mathstral,never,2,0,0,MATH/Llama,MATH/Gemma,60602,109,4,True,True,True,False,False,baseline,,mathstral,never,NOT_ROUTED
60602,2,mathstral,never,2,0,0,MATH/Llama,MATH/Gemma,60602,109,5,True,True,True,False,False,baseline,,mathstral,never,NOT_ROUTED
60602,2,mathstral,never,2,0,0,MATH/Llama,MATH/Gemma,60602,109,6,True,True,True,False,False,baseline,,mathstral,never,NOT_ROUTED
60602,2,mathstral,never,2,0,0,MATH/Llama,MATH/Gemma,60602,109,7,True,True,True,False,False,baseline,,mathstral,never,NOT_ROUTED
60602,2,mathstral,never,2,0,0,MATH/Llama,MATH/Gemma,60602,110,0,False,False,False,False,False,baseline,,mathstral,never,NOT_ROUTED
60602,2,mathstral,never,2,0,0,MATH/Llama,MATH/Gemma,60602,110,1,False,False,False,False,False,baseline,,mathstral,never,NOT_ROUTED
60602,2,mathstral,never,2,0,0,MATH/Llama,MATH/Gemma,60602,110,2,False,False,False,False,False,baseline,,mathstral,never,NOT_ROUTED
60602,2,mathstral,never,2,0,0,MATH/Llama,MATH/Gemma,60602,110,3,False,False,False,False,False,baseline,,mathstral,never,NOT_ROUTED
60602,2,mathstral,never,2,0,0,MATH/Llama,MATH/Gemma,60602,110,4,False,False,False,False,False,baseline,,mathstral,never,NOT_ROUTED
60602,2,mathstral,never,2,0,0,MATH/Llama,MATH/Gemma,60602,110,5,False,False,False,False,False,baseline,,mathstral,never,NOT_ROUTED
60602,2,mathstral,never,2,0,0,MATH/Llama,MATH/Gemma,60602,110,6,False,False,False,False,False,baseline,,mathstral,never,NOT_ROUTED
60602,2,mathstral,never,2,0,0,MATH/Llama,MATH/Gemma,60602,110,7,False,False,False,False,False,baseline,,mathstral,never,NOT_ROUTED
60602,2,mathstral,never,2,0,0,MATH/Llama,MATH/Gemma,60602,111,0,True,True,True,False,False,baseline,,mathstral,never,NOT_ROUTED
60602,2,mathstral,never,2,0,0,MATH/Llama,MATH/Gemma,60602,111,1,True,True,True,False,False,baseline,,mathstral,never,NOT_ROUTED
60602,2,mathstral,never,2,0,0,MATH/Llama,MATH/Gemma,60602,111,2,True,True,True,False,False,baseline,,mathstral,never,NOT_ROUTED
60602,2,mathstral,never,2,0,0,MATH/Llama,MATH/Gemma,60602,111,3,True,True,True,False,False,baseline,,mathstral,never,NOT_ROUTED
60602,2,mathstral,never,2,0,0,MATH/Llama,MATH/Gemma,60602,111,4,True,True,True,False,False,baseline,,mathstral,never,NOT_ROUTED
60602,2,mathstral,never,2,0,0,MATH/Llama,MATH/Gemma,60602,111,5,True,True,True,False,False,baseline,,mathstral,never,NOT_ROUTED
60602,2,mathstral,never,2,0,0,MATH/Llama,MATH/Gemma,60602,111,6,True,True,True,False,False,baseline,,mathstral,never,NOT_ROUTED
60602,2,mathstral,never,2,0,0,MATH/Llama,MATH/Gemma,60602,111,7,True,True,True,False,False,baseline,,mathstral,never,NOT_ROUTED
60602,2,mathstral,never,2,0,0,MATH/Llama,MATH/Gemma,60602,114,0,False,False,False,False,False,baseline,,mathstral,never,NOT_ROUTED
60602,2,mathstral,never,2,0,0,MATH/Llama,MATH/Gemma,60602,114,1,False,False,False,False,False,baseline,,mathstral,never,NOT_ROUTED
60602,2,mathstral,never,2,0,0,MATH/Llama,MATH/Gemma,60602,114,2,False,False,False,False,False,baseline,,mathstral,never,NOT_ROUTED
60602,2,mathstral,never,2,0,0,MATH/Llama,MATH/Gemma,60602,114,3,False,False,False,False,False,baseline,,mathstral,never,NOT_ROUTED
60602,2,mathstral,never,2,0,0,MATH/Llama,MATH/Gemma,60602,114,4,False,False,False,False,False,baseline,,mathstral,never,NOT_ROUTED
60602,2,mathstral,never,2,0,0,MATH/Llama,MATH/Gemma,60602,114,5,False,False,False,False,False,baseline,,mathstral,never,NOT_ROUTED
60602,2,mathstral,never,2,0,0,MATH/Llama,MATH/Gemma,60602,114,6,False,False,False,False,False,baseline,,mathstral,never,NOT_ROUTED
60602,2,mathstral,never,2,0,0,MATH/Llama,MATH/Gemma,60602,114,7,False,False,False,False,False,baseline,,mathstral,never,NOT_ROUTED
60602,2,mathstral,never,2,0,0,MATH/Llama,MATH/Gemma,60602,117,0,False,False,False,False,False,baseline,,mathstral,never,NOT_ROUTED
60602,2,mathstral,never,2,0,0,MATH/Llama,MATH/Gemma,60602,117,1,False,False,False,False,False,baseline,,mathstral,never,NOT_ROUTED
60602,2,mathstral,never,2,0,0,MATH/Llama,MATH/Gemma,60602,117,2,False,False,False,False,False,baseline,,mathstral,never,NOT_ROUTED
60602,2,mathstral,never,2,0,0,MATH/Llama,MATH/Gemma,60602,117,3,False,False,False,False,False,baseline,,mathstral,never,NOT_ROUTED
60602,2,mathstral,never,2,0,0,MATH/Llama,MATH/Gemma,60602,117,4,False,False,False,False,False,baseline,,mathstral,never,NOT_ROUTED
60602,2,mathstral,never,2,0,0,MATH/Llama,MATH/Gemma,60602,117,5,False,False,False,False,False,baseline,,mathstral,never,NOT_ROUTED
60602,2,mathstral,never,2,0,0,MATH/Llama,MATH/Gemma,60602,117,6,False,False,False,False,False,baseline,,mathstral,never,NOT_ROUTED
60602,2,mathstral,never,2,0,0,MATH/Llama,MATH/Gemma,60602,117,7,False,False,False,False,False,baseline,,mathstral,never,NOT_ROUTED
60602,2,mathstral,never,2,0,0,MATH/Llama,MATH/Gemma,60602,119,0,False,False,False,False,False,baseline,,mathstral,never,NOT_ROUTED
60602,2,mathstral,never,2,0,0,MATH/Llama,MATH/Gemma,60602,119,1,False,False,False,False,False,baseline,,mathstral,never,NOT_ROUTED
60602,2,mathstral,never,2,0,0,MATH/Llama,MATH/Gemma,60602,119,2,False,False,False,False,False,baseline,,mathstral,never,NOT_ROUTED
60602,2,mathstral,never,2,0,0,MATH/Llama,MATH/Gemma,60602,119,3,False,False,False,False,False,baseline,,mathstral,never,NOT_ROUTED
60602,2,mathstral,never,2,0,0,MATH/Llama,MATH/Gemma,60602,119,4,False,False,False,False,False,baseline,,mathstral,never,NOT_ROUTED
60602,2,mathstral,never,2,0,0,MATH/Llama,MATH/Gemma,60602,119,5,False,False,False,False,False,baseline,,mathstral,never,NOT_ROUTED
60602,2,mathstral,never,2,0,0,MATH/Llama,MATH/Gemma,60602,119,6,False,False,False,False,False,baseline,,mathstral,never,NOT_ROUTED
60602,2,mathstral,never,2,0,0,MATH/Llama,MATH/Gemma,60602,119,7,False,False,False,False,False,baseline,,mathstral,never,NOT_ROUTED
60602,2,mathstral,never,2,0,0,MATH/Llama,MATH/Gemma,60602,120,0,False,False,False,False,False,baseline,,mathstral,never,NOT_ROUTED
60602,2,mathstral,never,2,0,0,MATH/Llama,MATH/Gemma,60602,120,1,False,False,False,False,False,baseline,,mathstral,never,NOT_ROUTED
60602,2,mathstral,never,2,0,0,MATH/Llama,MATH/Gemma,60602,120,2,False,False,False,False,False,baseline,,mathstral,never,NOT_ROUTED
60602,2,mathstral,never,2,0,0,MATH/Llama,MATH/Gemma,60602,120,3,False,False,False,False,False,baseline,,mathstral,never,NOT_ROUTED
60602,2,mathstral,never,2,0,0,MATH/Llama,MATH/Gemma,60602,120,4,False,False,False,False,False,baseline,,mathstral,never,NOT_ROUTED
60602,2,mathstral,never,2,0,0,MATH/Llama,MATH/Gemma,60602,120,5,False,False,False,False,False,baseline,,mathstral,never,NOT_ROUTED
60602,2,mathstral,never,2,0,0,MATH/Llama,MATH/Gemma,60602,120,6,False,False,False,False,False,baseline,,mathstral,never,NOT_ROUTED
60602,2,mathstral,never,2,0,0,MATH/Llama,MATH/Gemma,60602,120,7,False,False,False,False,False,baseline,,mathstral,never,NOT_ROUTED
60602,2,mathstral,never,2,0,0,MATH/Llama,MATH/Gemma,60602,121,0,False,False,False,False,False,baseline,,mathstral,never,NOT_ROUTED
60602,2,mathstral,never,2,0,0,MATH/Llama,MATH/Gemma,60602,121,1,False,False,False,False,False,baseline,,mathstral,never,NOT_ROUTED
60602,2,mathstral,never,2,0,0,MATH/Llama,MATH/Gemma,60602,121,2,False,False,False,False,False,baseline,,mathstral,never,NOT_ROUTED
60602,2,mathstral,never,2,0,0,MATH/Llama,MATH/Gemma,60602,121,3,False,False,False,False,False,baseline,,mathstral,never,NOT_ROUTED
60602,2,mathstral,never,2,0,0,MATH/Llama,MATH/Gemma,60602,121,4,False,False,False,False,False,baseline,,mathstral,never,NOT_ROUTED
60602,2,mathstral,never,2,0,0,MATH/Llama,MATH/Gemma,60602,121,5,False,False,False,True,False,union_rank_top3,pairwise_router_v123_llama_with_gemma_budget0_all_0005_neither_correct_s60602_p121_t5,mathstral,never,NEITHER
60602,2,mathstral,never,2,0,0,MATH/Llama,MATH/Gemma,60602,121,6,False,False,False,False,False,baseline,,mathstral,never,NOT_ROUTED
60602,2,mathstral,never,2,0,0,MATH/Llama,MATH/Gemma,60602,121,7,False,False,False,False,False,baseline,,mathstral,never,NOT_ROUTED
60602,2,mathstral,never,2,0,0,MATH/Llama,MATH/Gemma,60602,122,0,False,False,False,False,False,baseline,,mathstral,never,NOT_ROUTED
60602,2,mathstral,never,2,0,0,MATH/Llama,MATH/Gemma,60602,122,1,False,False,False,False,False,baseline,,mathstral,never,NOT_ROUTED
60602,2,mathstral,never,2,0,0,MATH/Llama,MATH/Gemma,60602,122,2,False,False,False,False,False,baseline,,mathstral,never,NOT_ROUTED
60602,2,mathstral,never,2,0,0,MATH/Llama,MATH/Gemma,60602,122,3,False,False,False,False,False,baseline,,mathstral,never,NOT_ROUTED
60602,2,mathstral,never,2,0,0,MATH/Llama,MATH/Gemma,60602,122,4,False,False,False,False,False,baseline,,mathstral,never,NOT_ROUTED
60602,2,mathstral,never,2,0,0,MATH/Llama,MATH/Gemma,60602,122,5,False,False,False,False,False,baseline,,mathstral,never,NOT_ROUTED
60602,2,mathstral,never,2,0,0,MATH/Llama,MATH/Gemma,60602,122,6,False,False,False,False,False,baseline,,mathstral,never,NOT_ROUTED
60602,2,mathstral,never,2,0,0,MATH/Llama,MATH/Gemma,60602,122,7,False,False,False,False,False,baseline,,mathstral,never,NOT_ROUTED
60602,2,mathstral,never,2,0,0,MATH/Llama,MATH/Gemma,60602,123,0,False,False,False,False,False,baseline,,mathstral,never,NOT_ROUTED
60602,2,mathstral,never,2,0,0,MATH/Llama,MATH/Gemma,60602,123,1,False,False,False,False,False,baseline,,mathstral,never,NOT_ROUTED
60602,2,mathstral,never,2,0,0,MATH/Llama,MATH/Gemma,60602,123,2,False,False,False,False,False,baseline,,mathstral,never,NOT_ROUTED
60602,2,mathstral,never,2,0,0,MATH/Llama,MATH/Gemma,60602,123,3,False,False,False,False,False,baseline,,mathstral,never,NOT_ROUTED
60602,2,mathstral,never,2,0,0,MATH/Llama,MATH/Gemma,60602,123,4,False,False,False,False,False,baseline,,mathstral,never,NOT_ROUTED
60602,2,mathstral,never,2,0,0,MATH/Llama,MATH/Gemma,60602,123,5,False,False,False,False,False,baseline,,mathstral,never,NOT_ROUTED
60602,2,mathstral,never,2,0,0,MATH/Llama,MATH/Gemma,60602,123,6,False,False,False,True,False,target_intersection_top20,pairwise_router_v123_llama_with_gemma_budget0_all_0006_neither_correct_s60602_p123_t6,mathstral,never,NEITHER
60602,2,mathstral,never,2,0,0,MATH/Llama,MATH/Gemma,60602,123,7,False,False,False,False,False,baseline,,mathstral,never,NOT_ROUTED
60602,2,mathstral,never,2,0,0,MATH/Llama,MATH/Gemma,60602,124,0,False,False,False,False,False,baseline,,mathstral,never,NOT_ROUTED
60602,2,mathstral,never,2,0,0,MATH/Llama,MATH/Gemma,60602,124,1,False,False,False,False,False,baseline,,mathstral,never,NOT_ROUTED
60602,2,mathstral,never,2,0,0,MATH/Llama,MATH/Gemma,60602,124,2,False,False,False,False,False,baseline,,mathstral,never,NOT_ROUTED
60602,2,mathstral,never,2,0,0,MATH/Llama,MATH/Gemma,60602,124,3,False,False,False,False,False,baseline,,mathstral,never,NOT_ROUTED
60602,2,mathstral,never,2,0,0,MATH/Llama,MATH/Gemma,60602,124,4,False,False,False,False,False,baseline,,mathstral,never,NOT_ROUTED
60602,2,mathstral,never,2,0,0,MATH/Llama,MATH/Gemma,60602,124,5,False,False,False,False,False,baseline,,mathstral,never,NOT_ROUTED
60602,2,mathstral,never,2,0,0,MATH/Llama,MATH/Gemma,60602,124,6,False,False,False,False,False,baseline,,mathstral,never,NOT_ROUTED
60602,2,mathstral,never,2,0,0,MATH/Llama,MATH/Gemma,60602,124,7,False,False,False,False,False,baseline,,mathstral,never,NOT_ROUTED
60602,2,mathstral,never,2,0,0,MATH/Llama,MATH/Gemma,60602,125,0,False,False,False,False,False,baseline,,mathstral,never,NOT_ROUTED
60602,2,mathstral,never,2,0,0,MATH/Llama,MATH/Gemma,60602,125,1,False,False,False,False,False,baseline,,mathstral,never,NOT_ROUTED
60602,2,mathstral,never,2,0,0,MATH/Llama,MATH/Gemma,60602,125,2,False,False,False,False,False,baseline,,mathstral,never,NOT_ROUTED
60602,2,mathstral,never,2,0,0,MATH/Llama,MATH/Gemma,60602,125,3,False,False,False,False,False,baseline,,mathstral,never,NOT_ROUTED
60602,2,mathstral,never,2,0,0,MATH/Llama,MATH/Gemma,60602,125,4,False,False,False,False,False,baseline,,mathstral,never,NOT_ROUTED
60602,2,mathstral,never,2,0,0,MATH/Llama,MATH/Gemma,60602,125,5,False,False,False,False,False,baseline,,mathstral,never,NOT_ROUTED
60602,2,mathstral,never,2,0,0,MATH/Llama,MATH/Gemma,60602,125,6,False,False,False,False,False,baseline,,mathstral,never,NOT_ROUTED
60602,2,mathstral,never,2,0,0,MATH/Llama,MATH/Gemma,60602,125,7,False,False,False,False,False,baseline,,mathstral,never,NOT_ROUTED
60602,2,mathstral,never,2,0,0,MATH/Llama,MATH/Gemma,60602,126,0,False,False,False,False,False,baseline,,mathstral,never,NOT_ROUTED
60602,2,mathstral,never,2,0,0,MATH/Llama,MATH/Gemma,60602,126,1,False,False,False,False,False,baseline,,mathstral,never,NOT_ROUTED
60602,2,mathstral,never,2,0,0,MATH/Llama,MATH/Gemma,60602,126,2,False,False,False,False,False,baseline,,mathstral,never,NOT_ROUTED
60602,2,mathstral,never,2,0,0,MATH/Llama,MATH/Gemma,60602,126,3,False,False,False,False,False,baseline,,mathstral,never,NOT_ROUTED
60602,2,mathstral,never,2,0,0,MATH/Llama,MATH/Gemma,60602,126,4,False,False,False,False,False,baseline,,mathstral,never,NOT_ROUTED
60602,2,mathstral,never,2,0,0,MATH/Llama,MATH/Gemma,60602,126,5,False,False,False,False,False,baseline,,mathstral,never,NOT_ROUTED
60602,2,mathstral,never,2,0,0,MATH/Llama,MATH/Gemma,60602,126,6,False,False,False,False,False,baseline,,mathstral,never,NOT_ROUTED
60602,2,mathstral,never,2,0,0,MATH/Llama,MATH/Gemma,60602,126,7,False,False,False,False,False,baseline,,mathstral,never,NOT_ROUTED
60602,2,mathstral,never,2,0,0,MATH/Llama,MATH/Gemma,60602,127,0,False,False,False,False,False,baseline,,mathstral,never,NOT_ROUTED
60602,2,mathstral,never,2,0,0,MATH/Llama,MATH/Gemma,60602,127,1,False,False,False,False,False,baseline,,mathstral,never,NOT_ROUTED
60602,2,mathstral,never,2,0,0,MATH/Llama,MATH/Gemma,60602,127,2,False,False,False,False,False,baseline,,mathstral,never,NOT_ROUTED
60602,2,mathstral,never,2,0,0,MATH/Llama,MATH/Gemma,60602,127,3,False,False,False,False,False,baseline,,mathstral,never,NOT_ROUTED
60602,2,mathstral,never,2,0,0,MATH/Llama,MATH/Gemma,60602,127,4,True,True,True,False,False,baseline,,mathstral,never,NOT_ROUTED
60602,2,mathstral,never,2,0,0,MATH/Llama,MATH/Gemma,60602,127,5,False,False,False,False,False,baseline,,mathstral,never,NOT_ROUTED
60602,2,mathstral,never,2,0,0,MATH/Llama,MATH/Gemma,60602,127,6,True,True,True,False,False,baseline,,mathstral,never,NOT_ROUTED
60602,2,mathstral,never,2,0,0,MATH/Llama,MATH/Gemma,60602,127,7,False,False,False,False,False,baseline,,mathstral,never,NOT_ROUTED
60602,5,mathstral,never,2,0,0,MATH/Llama,MATH/Gemma,60602,0,0,False,False,False,False,False,baseline,,mathstral,never,NOT_ROUTED
60602,5,mathstral,never,2,0,0,MATH/Llama,MATH/Gemma,60602,0,1,False,False,False,False,False,baseline,,mathstral,never,NOT_ROUTED
60602,5,mathstral,never,2,0,0,MATH/Llama,MATH/Gemma,60602,0,2,False,False,False,False,False,baseline,,mathstral,never,NOT_ROUTED
60602,5,mathstral,never,2,0,0,MATH/Llama,MATH/Gemma,60602,0,3,False,False,False,True,False,target_intersection_top10,pairwise_router_v123_llama_with_gemma_budget0_all_0001_neither_correct_s60602_p0_t3,mathstral,never,NEITHER
60602,5,mathstral,never,2,0,0,MATH/Llama,MATH/Gemma,60602,0,4,False,False,False,False,False,baseline,,mathstral,never,NOT_ROUTED
60602,5,mathstral,never,2,0,0,MATH/Llama,MATH/Gemma,60602,0,5,False,False,False,False,False,baseline,,mathstral,never,NOT_ROUTED
60602,5,mathstral,never,2,0,0,MATH/Llama,MATH/Gemma,60602,0,6,False,False,False,False,False,baseline,,mathstral,never,NOT_ROUTED
60602,5,mathstral,never,2,0,0,MATH/Llama,MATH/Gemma,60602,0,7,False,False,False,False,False,baseline,,mathstral,never,NOT_ROUTED
60602,5,mathstral,never,2,0,0,MATH/Llama,MATH/Gemma,60602,2,0,True,True,True,False,False,baseline,,mathstral,never,NOT_ROUTED
60602,5,mathstral,never,2,0,0,MATH/Llama,MATH/Gemma,60602,2,1,True,True,True,False,False,baseline,,mathstral,never,NOT_ROUTED
60602,5,mathstral,never,2,0,0,MATH/Llama,MATH/Gemma,60602,2,2,True,True,True,False,False,baseline,,mathstral,never,NOT_ROUTED
60602,5,mathstral,never,2,0,0,MATH/Llama,MATH/Gemma,60602,2,3,True,True,True,False,False,baseline,,mathstral,never,NOT_ROUTED
60602,5,mathstral,never,2,0,0,MATH/Llama,MATH/Gemma,60602,2,4,True,True,True,False,False,baseline,,mathstral,never,NOT_ROUTED
60602,5,mathstral,never,2,0,0,MATH/Llama,MATH/Gemma,60602,2,5,True,True,True,False,False,baseline,,mathstral,never,NOT_ROUTED
60602,5,mathstral,never,2,0,0,MATH/Llama,MATH/Gemma,60602,2,6,True,True,True,False,False,baseline,,mathstral,never,NOT_ROUTED
60602,5,mathstral,never,2,0,0,MATH/Llama,MATH/Gemma,60602,2,7,True,True,True,False,False,baseline,,mathstral,never,NOT_ROUTED
60602,5,mathstral,never,2,0,0,MATH/Llama,MATH/Gemma,60602,5,0,True,True,True,False,False,baseline,,mathstral,never,NOT_ROUTED
60602,5,mathstral,never,2,0,0,MATH/Llama,MATH/Gemma,60602,5,1,True,True,True,False,False,baseline,,mathstral,never,NOT_ROUTED
60602,5,mathstral,never,2,0,0,MATH/Llama,MATH/Gemma,60602,5,2,True,True,True,False,False,baseline,,mathstral,never,NOT_ROUTED
60602,5,mathstral,never,2,0,0,MATH/Llama,MATH/Gemma,60602,5,3,True,True,True,False,False,baseline,,mathstral,never,NOT_ROUTED
60602,5,mathstral,never,2,0,0,MATH/Llama,MATH/Gemma,60602,5,4,True,True,True,False,False,baseline,,mathstral,never,NOT_ROUTED
60602,5,mathstral,never,2,0,0,MATH/Llama,MATH/Gemma,60602,5,5,True,True,True,False,False,baseline,,mathstral,never,NOT_ROUTED
60602,5,mathstral,never,2,0,0,MATH/Llama,MATH/Gemma,60602,5,6,True,True,True,False,False,baseline,,mathstral,never,NOT_ROUTED
60602,5,mathstral,never,2,0,0,MATH/Llama,MATH/Gemma,60602,5,7,True,True,True,False,False,baseline,,mathstral,never,NOT_ROUTED
60602,5,mathstral,never,2,0,0,MATH/Llama,MATH/Gemma,60602,7,0,True,True,True,False,False,baseline,,mathstral,never,NOT_ROUTED
60602,5,mathstral,never,2,0,0,MATH/Llama,MATH/Gemma,60602,7,1,True,True,True,False,False,baseline,,mathstral,never,NOT_ROUTED
60602,5,mathstral,never,2,0,0,MATH/Llama,MATH/Gemma,60602,7,2,True,True,True,False,False,baseline,,mathstral,never,NOT_ROUTED
60602,5,mathstral,never,2,0,0,MATH/Llama,MATH/Gemma,60602,7,3,True,True,True,False,False,baseline,,mathstral,never,NOT_ROUTED
60602,5,mathstral,never,2,0,0,MATH/Llama,MATH/Gemma,60602,7,4,True,True,True,False,False,baseline,,mathstral,never,NOT_ROUTED
60602,5,mathstral,never,2,0,0,MATH/Llama,MATH/Gemma,60602,7,5,True,True,True,False,False,baseline,,mathstral,never,NOT_ROUTED
60602,5,mathstral,never,2,0,0,MATH/Llama,MATH/Gemma,60602,7,6,True,True,True,False,False,baseline,,mathstral,never,NOT_ROUTED
60602,5,mathstral,never,2,0,0,MATH/Llama,MATH/Gemma,60602,7,7,True,True,True,False,False,baseline,,mathstral,never,NOT_ROUTED
60602,5,mathstral,never,2,0,0,MATH/Llama,MATH/Gemma,60602,11,0,False,False,False,False,False,baseline,,mathstral,never,NOT_ROUTED
60602,5,mathstral,never,2,0,0,MATH/Llama,MATH/Gemma,60602,11,1,False,False,False,False,False,baseline,,mathstral,never,NOT_ROUTED
60602,5,mathstral,never,2,0,0,MATH/Llama,MATH/Gemma,60602,11,2,False,False,False,False,False,baseline,,mathstral,never,NOT_ROUTED
60602,5,mathstral,never,2,0,0,MATH/Llama,MATH/Gemma,60602,11,3,False,False,False,False,False,baseline,,mathstral,never,NOT_ROUTED
60602,5,mathstral,never,2,0,0,MATH/Llama,MATH/Gemma,60602,11,4,False,False,False,False,False,baseline,,mathstral,never,NOT_ROUTED
60602,5,mathstral,never,2,0,0,MATH/Llama,MATH/Gemma,60602,11,5,False,False,False,False,False,baseline,,mathstral,never,NOT_ROUTED
60602,5,mathstral,never,2,0,0,MATH/Llama,MATH/Gemma,60602,11,6,False,False,False,False,False,baseline,,mathstral,never,NOT_ROUTED
60602,5,mathstral,never,2,0,0,MATH/Llama,MATH/Gemma,60602,11,7,False,False,False,False,False,baseline,,mathstral,never,NOT_ROUTED
60602,5,mathstral,never,2,0,0,MATH/Llama,MATH/Gemma,60602,12,0,True,True,True,False,False,baseline,,mathstral,never,NOT_ROUTED
60602,5,mathstral,never,2,0,0,MATH/Llama,MATH/Gemma,60602,12,1,True,True,True,False,False,baseline,,mathstral,never,NOT_ROUTED
60602,5,mathstral,never,2,0,0,MATH/Llama,MATH/Gemma,60602,12,2,True,True,True,False,False,baseline,,mathstral,never,NOT_ROUTED
60602,5,mathstral,never,2,0,0,MATH/Llama,MATH/Gemma,60602,12,3,True,True,True,False,False,baseline,,mathstral,never,NOT_ROUTED
60602,5,mathstral,never,2,0,0,MATH/Llama,MATH/Gemma,60602,12,4,True,True,True,False,False,baseline,,mathstral,never,NOT_ROUTED
60602,5,mathstral,never,2,0,0,MATH/Llama,MATH/Gemma,60602,12,5,True,True,True,False,False,baseline,,mathstral,never,NOT_ROUTED
60602,5,mathstral,never,2,0,0,MATH/Llama,MATH/Gemma,60602,12,6,True,True,True,False,False,baseline,,mathstral,never,NOT_ROUTED
60602,5,mathstral,never,2,0,0,MATH/Llama,MATH/Gemma,60602,12,7,True,True,True,False,False,baseline,,mathstral,never,NOT_ROUTED
60602,5,mathstral,never,2,0,0,MATH/Llama,MATH/Gemma,60602,13,0,False,False,False,False,False,baseline,,mathstral,never,NOT_ROUTED
60602,5,mathstral,never,2,0,0,MATH/Llama,MATH/Gemma,60602,13,1,False,False,False,False,False,baseline,,mathstral,never,NOT_ROUTED
60602,5,mathstral,never,2,0,0,MATH/Llama,MATH/Gemma,60602,13,2,False,False,False,False,False,baseline,,mathstral,never,NOT_ROUTED
60602,5,mathstral,never,2,0,0,MATH/Llama,MATH/Gemma,60602,13,3,False,False,False,False,False,baseline,,mathstral,never,NOT_ROUTED
60602,5,mathstral,never,2,0,0,MATH/Llama,MATH/Gemma,60602,13,4,False,False,False,False,False,baseline,,mathstral,never,NOT_ROUTED
60602,5,mathstral,never,2,0,0,MATH/Llama,MATH/Gemma,60602,13,5,False,False,False,False,False,baseline,,mathstral,never,NOT_ROUTED
60602,5,mathstral,never,2,0,0,MATH/Llama,MATH/Gemma,60602,13,6,False,False,False,False,False,baseline,,mathstral,never,NOT_ROUTED
60602,5,mathstral,never,2,0,0,MATH/Llama,MATH/Gemma,60602,13,7,False,False,False,False,False,baseline,,mathstral,never,NOT_ROUTED
60602,5,mathstral,never,2,0,0,MATH/Llama,MATH/Gemma,60602,16,0,False,False,False,False,False,baseline,,mathstral,never,NOT_ROUTED
60602,5,mathstral,never,2,0,0,MATH/Llama,MATH/Gemma,60602,16,1,False,False,False,False,False,baseline,,mathstral,never,NOT_ROUTED
60602,5,mathstral,never,2,0,0,MATH/Llama,MATH/Gemma,60602,16,2,False,False,False,False,False,baseline,,mathstral,never,NOT_ROUTED
60602,5,mathstral,never,2,0,0,MATH/Llama,MATH/Gemma,60602,16,3,False,False,False,False,False,baseline,,mathstral,never,NOT_ROUTED
60602,5,mathstral,never,2,0,0,MATH/Llama,MATH/Gemma,60602,16,4,False,False,False,False,False,baseline,,mathstral,never,NOT_ROUTED
60602,5,mathstral,never,2,0,0,MATH/Llama,MATH/Gemma,60602,16,5,False,False,False,False,False,baseline,,mathstral,never,NOT_ROUTED
60602,5,mathstral,never,2,0,0,MATH/Llama,MATH/Gemma,60602,16,6,False,False,False,False,False,baseline,,mathstral,never,NOT_ROUTED
60602,5,mathstral,never,2,0,0,MATH/Llama,MATH/Gemma,60602,16,7,False,False,False,False,False,baseline,,mathstral,never,NOT_ROUTED
60602,5,mathstral,never,2,0,0,MATH/Llama,MATH/Gemma,60602,17,0,False,False,False,False,False,baseline,,mathstral,never,NOT_ROUTED
60602,5,mathstral,never,2,0,0,MATH/Llama,MATH/Gemma,60602,17,1,False,False,False,False,False,baseline,,mathstral,never,NOT_ROUTED
60602,5,mathstral,never,2,0,0,MATH/Llama,MATH/Gemma,60602,17,2,False,False,False,False,False,baseline,,mathstral,never,NOT_ROUTED
60602,5,mathstral,never,2,0,0,MATH/Llama,MATH/Gemma,60602,17,3,False,False,False,False,False,baseline,,mathstral,never,NOT_ROUTED
60602,5,mathstral,never,2,0,0,MATH/Llama,MATH/Gemma,60602,17,4,False,False,False,False,False,baseline,,mathstral,never,NOT_ROUTED
60602,5,mathstral,never,2,0,0,MATH/Llama,MATH/Gemma,60602,17,5,False,False,False,False,False,baseline,,mathstral,never,NOT_ROUTED
60602,5,mathstral,never,2,0,0,MATH/Llama,MATH/Gemma,60602,17,6,False,False,False,False,False,baseline,,mathstral,never,NOT_ROUTED
60602,5,mathstral,never,2,0,0,MATH/Llama,MATH/Gemma,60602,17,7,False,False,False,False,False,baseline,,mathstral,never,NOT_ROUTED
60602,5,mathstral,never,2,0,0,MATH/Llama,MATH/Gemma,60602,18,0,False,False,False,False,False,baseline,,mathstral,never,NOT_ROUTED
60602,5,mathstral,never,2,0,0,MATH/Llama,MATH/Gemma,60602,18,1,False,False,False,False,False,baseline,,mathstral,never,NOT_ROUTED
60602,5,mathstral,never,2,0,0,MATH/Llama,MATH/Gemma,60602,18,2,False,False,False,False,False,baseline,,mathstral,never,NOT_ROUTED
60602,5,mathstral,never,2,0,0,MATH/Llama,MATH/Gemma,60602,18,3,False,False,False,False,False,baseline,,mathstral,never,NOT_ROUTED
60602,5,mathstral,never,2,0,0,MATH/Llama,MATH/Gemma,60602,18,4,False,False,False,False,False,baseline,,mathstral,never,NOT_ROUTED
60602,5,mathstral,never,2,0,0,MATH/Llama,MATH/Gemma,60602,18,5,False,False,False,False,False,baseline,,mathstral,never,NOT_ROUTED
60602,5,mathstral,never,2,0,0,MATH/Llama,MATH/Gemma,60602,18,6,False,False,False,False,False,baseline,,mathstral,never,NOT_ROUTED
60602,5,mathstral,never,2,0,0,MATH/Llama,MATH/Gemma,60602,18,7,False,False,False,False,False,baseline,,mathstral,never,NOT_ROUTED
60602,5,mathstral,never,2,0,0,MATH/Llama,MATH/Gemma,60602,22,0,True,True,True,False,False,baseline,,mathstral,never,NOT_ROUTED
60602,5,mathstral,never,2,0,0,MATH/Llama,MATH/Gemma,60602,22,1,True,True,True,False,False,baseline,,mathstral,never,NOT_ROUTED
60602,5,mathstral,never,2,0,0,MATH/Llama,MATH/Gemma,60602,22,2,True,True,True,False,False,baseline,,mathstral,never,NOT_ROUTED
60602,5,mathstral,never,2,0,0,MATH/Llama,MATH/Gemma,60602,22,3,True,True,True,False,False,baseline,,mathstral,never,NOT_ROUTED
60602,5,mathstral,never,2,0,0,MATH/Llama,MATH/Gemma,60602,22,4,True,True,True,False,False,baseline,,mathstral,never,NOT_ROUTED
60602,5,mathstral,never,2,0,0,MATH/Llama,MATH/Gemma,60602,22,5,True,True,True,False,False,baseline,,mathstral,never,NOT_ROUTED
60602,5,mathstral,never,2,0,0,MATH/Llama,MATH/Gemma,60602,22,6,True,True,True,False,False,baseline,,mathstral,never,NOT_ROUTED
60602,5,mathstral,never,2,0,0,MATH/Llama,MATH/Gemma,60602,22,7,True,True,True,False,False,baseline,,mathstral,never,NOT_ROUTED
60602,5,mathstral,never,2,0,0,MATH/Llama,MATH/Gemma,60602,24,0,True,True,True,False,False,baseline,,mathstral,never,NOT_ROUTED
60602,5,mathstral,never,2,0,0,MATH/Llama,MATH/Gemma,60602,24,1,True,True,True,False,False,baseline,,mathstral,never,NOT_ROUTED
60602,5,mathstral,never,2,0,0,MATH/Llama,MATH/Gemma,60602,24,2,True,True,True,False,False,baseline,,mathstral,never,NOT_ROUTED
60602,5,mathstral,never,2,0,0,MATH/Llama,MATH/Gemma,60602,24,3,True,True,True,False,False,baseline,,mathstral,never,NOT_ROUTED
60602,5,mathstral,never,2,0,0,MATH/Llama,MATH/Gemma,60602,24,4,True,True,True,False,False,baseline,,mathstral,never,NOT_ROUTED
60602,5,mathstral,never,2,0,0,MATH/Llama,MATH/Gemma,60602,24,5,True,True,True,False,False,baseline,,mathstral,never,NOT_ROUTED
60602,5,mathstral,never,2,0,0,MATH/Llama,MATH/Gemma,60602,24,6,True,True,True,False,False,baseline,,mathstral,never,NOT_ROUTED
60602,5,mathstral,never,2,0,0,MATH/Llama,MATH/Gemma,60602,24,7,True,True,True,False,False,baseline,,mathstral,never,NOT_ROUTED
60602,5,mathstral,never,2,0,0,MATH/Llama,MATH/Gemma,60602,26,0,True,True,True,False,False,baseline,,mathstral,never,NOT_ROUTED
60602,5,mathstral,never,2,0,0,MATH/Llama,MATH/Gemma,60602,26,1,True,True,True,False,False,baseline,,mathstral,never,NOT_ROUTED
60602,5,mathstral,never,2,0,0,MATH/Llama,MATH/Gemma,60602,26,2,True,True,True,False,False,baseline,,mathstral,never,NOT_ROUTED
60602,5,mathstral,never,2,0,0,MATH/Llama,MATH/Gemma,60602,26,3,True,True,True,False,False,baseline,,mathstral,never,NOT_ROUTED
60602,5,mathstral,never,2,0,0,MATH/Llama,MATH/Gemma,60602,26,4,True,True,True,False,False,baseline,,mathstral,never,NOT_ROUTED
60602,5,mathstral,never,2,0,0,MATH/Llama,MATH/Gemma,60602,26,5,True,True,True,False,False,baseline,,mathstral,never,NOT_ROUTED
60602,5,mathstral,never,2,0,0,MATH/Llama,MATH/Gemma,60602,26,6,True,True,True,False,False,baseline,,mathstral,never,NOT_ROUTED
60602,5,mathstral,never,2,0,0,MATH/Llama,MATH/Gemma,60602,26,7,True,True,True,False,False,baseline,,mathstral,never,NOT_ROUTED
60602,5,mathstral,never,2,0,0,MATH/Llama,MATH/Gemma,60602,27,0,True,True,True,False,False,baseline,,mathstral,never,NOT_ROUTED
60602,5,mathstral,never,2,0,0,MATH/Llama,MATH/Gemma,60602,27,1,True,True,True,False,False,baseline,,mathstral,never,NOT_ROUTED
60602,5,mathstral,never,2,0,0,MATH/Llama,MATH/Gemma,60602,27,2,True,True,True,False,False,baseline,,mathstral,never,NOT_ROUTED
60602,5,mathstral,never,2,0,0,MATH/Llama,MATH/Gemma,60602,27,3,True,True,True,False,False,baseline,,mathstral,never,NOT_ROUTED
60602,5,mathstral,never,2,0,0,MATH/Llama,MATH/Gemma,60602,27,4,True,True,True,False,False,baseline,,mathstral,never,NOT_ROUTED
60602,5,mathstral,never,2,0,0,MATH/Llama,MATH/Gemma,60602,27,5,True,True,True,False,False,baseline,,mathstral,never,NOT_ROUTED
60602,5,mathstral,never,2,0,0,MATH/Llama,MATH/Gemma,60602,27,6,True,True,True,False,False,baseline,,mathstral,never,NOT_ROUTED
60602,5,mathstral,never,2,0,0,MATH/Llama,MATH/Gemma,60602,27,7,True,True,True,False,False,baseline,,mathstral,never,NOT_ROUTED
60602,5,mathstral,never,2,0,0,MATH/Llama,MATH/Gemma,60602,30,0,True,True,True,False,False,baseline,,mathstral,never,NOT_ROUTED
60602,5,mathstral,never,2,0,0,MATH/Llama,MATH/Gemma,60602,30,1,True,True,True,False,False,baseline,,mathstral,never,NOT_ROUTED
60602,5,mathstral,never,2,0,0,MATH/Llama,MATH/Gemma,60602,30,2,True,True,True,False,False,baseline,,mathstral,never,NOT_ROUTED
60602,5,mathstral,never,2,0,0,MATH/Llama,MATH/Gemma,60602,30,3,True,True,True,False,False,baseline,,mathstral,never,NOT_ROUTED
60602,5,mathstral,never,2,0,0,MATH/Llama,MATH/Gemma,60602,30,4,True,True,True,False,False,baseline,,mathstral,never,NOT_ROUTED
60602,5,mathstral,never,2,0,0,MATH/Llama,MATH/Gemma,60602,30,5,True,True,True,False,False,baseline,,mathstral,never,NOT_ROUTED
60602,5,mathstral,never,2,0,0,MATH/Llama,MATH/Gemma,60602,30,6,True,True,True,False,False,baseline,,mathstral,never,NOT_ROUTED
60602,5,mathstral,never,2,0,0,MATH/Llama,MATH/Gemma,60602,30,7,True,True,True,False,False,baseline,,mathstral,never,NOT_ROUTED
60602,5,mathstral,never,2,0,0,MATH/Llama,MATH/Gemma,60602,32,0,True,True,True,False,False,baseline,,mathstral,never,NOT_ROUTED
60602,5,mathstral,never,2,0,0,MATH/Llama,MATH/Gemma,60602,32,1,True,True,True,False,False,baseline,,mathstral,never,NOT_ROUTED
60602,5,mathstral,never,2,0,0,MATH/Llama,MATH/Gemma,60602,32,2,True,True,True,False,False,baseline,,mathstral,never,NOT_ROUTED
60602,5,mathstral,never,2,0,0,MATH/Llama,MATH/Gemma,60602,32,3,True,True,True,False,False,baseline,,mathstral,never,NOT_ROUTED
60602,5,mathstral,never,2,0,0,MATH/Llama,MATH/Gemma,60602,32,4,True,True,True,False,False,baseline,,mathstral,never,NOT_ROUTED
60602,5,mathstral,never,2,0,0,MATH/Llama,MATH/Gemma,60602,32,5,True,True,True,False,False,baseline,,mathstral,never,NOT_ROUTED
60602,5,mathstral,never,2,0,0,MATH/Llama,MATH/Gemma,60602,32,6,True,True,True,False,False,baseline,,mathstral,never,NOT_ROUTED
60602,5,mathstral,never,2,0,0,MATH/Llama,MATH/Gemma,60602,32,7,True,True,True,False,False,baseline,,mathstral,never,NOT_ROUTED
60602,5,mathstral,never,2,0,0,MATH/Llama,MATH/Gemma,60602,33,0,False,False,False,False,False,baseline,,mathstral,never,NOT_ROUTED
60602,5,mathstral,never,2,0,0,MATH/Llama,MATH/Gemma,60602,33,1,False,False,False,False,False,baseline,,mathstral,never,NOT_ROUTED
60602,5,mathstral,never,2,0,0,MATH/Llama,MATH/Gemma,60602,33,2,False,False,False,True,False,target_intersection_top20,pairwise_router_v123_llama_with_gemma_budget0_all_0002_neither_correct_s60602_p33_t2,mathstral,never,NEITHER
60602,5,mathstral,never,2,0,0,MATH/Llama,MATH/Gemma,60602,33,3,False,False,False,False,False,baseline,,mathstral,never,NOT_ROUTED
60602,5,mathstral,never,2,0,0,MATH/Llama,MATH/Gemma,60602,33,4,False,False,False,False,False,baseline,,mathstral,never,NOT_ROUTED
60602,5,mathstral,never,2,0,0,MATH/Llama,MATH/Gemma,60602,33,5,False,False,False,False,False,baseline,,mathstral,never,NOT_ROUTED
60602,5,mathstral,never,2,0,0,MATH/Llama,MATH/Gemma,60602,33,6,False,False,False,False,False,baseline,,mathstral,never,NOT_ROUTED
60602,5,mathstral,never,2,0,0,MATH/Llama,MATH/Gemma,60602,33,7,False,False,False,False,False,baseline,,mathstral,never,NOT_ROUTED
60602,5,mathstral,never,2,0,0,MATH/Llama,MATH/Gemma,60602,35,0,True,True,True,False,False,baseline,,mathstral,never,NOT_ROUTED
60602,5,mathstral,never,2,0,0,MATH/Llama,MATH/Gemma,60602,35,1,True,True,True,False,False,baseline,,mathstral,never,NOT_ROUTED
60602,5,mathstral,never,2,0,0,MATH/Llama,MATH/Gemma,60602,35,2,True,True,True,False,False,baseline,,mathstral,never,NOT_ROUTED
60602,5,mathstral,never,2,0,0,MATH/Llama,MATH/Gemma,60602,35,3,True,True,True,False,False,baseline,,mathstral,never,NOT_ROUTED
60602,5,mathstral,never,2,0,0,MATH/Llama,MATH/Gemma,60602,35,4,True,True,True,False,False,baseline,,mathstral,never,NOT_ROUTED
60602,5,mathstral,never,2,0,0,MATH/Llama,MATH/Gemma,60602,35,5,True,True,True,False,False,baseline,,mathstral,never,NOT_ROUTED
60602,5,mathstral,never,2,0,0,MATH/Llama,MATH/Gemma,60602,35,6,True,True,True,False,False,baseline,,mathstral,never,NOT_ROUTED
60602,5,mathstral,never,2,0,0,MATH/Llama,MATH/Gemma,60602,35,7,True,True,True,False,False,baseline,,mathstral,never,NOT_ROUTED
60602,5,mathstral,never,2,0,0,MATH/Llama,MATH/Gemma,60602,36,0,False,False,False,False,False,baseline,,mathstral,never,NOT_ROUTED
60602,5,mathstral,never,2,0,0,MATH/Llama,MATH/Gemma,60602,36,1,False,False,False,False,False,baseline,,mathstral,never,NOT_ROUTED
60602,5,mathstral,never,2,0,0,MATH/Llama,MATH/Gemma,60602,36,2,False,False,False,False,False,baseline,,mathstral,never,NOT_ROUTED
60602,5,mathstral,never,2,0,0,MATH/Llama,MATH/Gemma,60602,36,3,False,False,False,False,False,baseline,,mathstral,never,NOT_ROUTED
60602,5,mathstral,never,2,0,0,MATH/Llama,MATH/Gemma,60602,36,4,False,False,False,False,False,baseline,,mathstral,never,NOT_ROUTED
60602,5,mathstral,never,2,0,0,MATH/Llama,MATH/Gemma,60602,36,5,False,False,False,False,False,baseline,,mathstral,never,NOT_ROUTED
60602,5,mathstral,never,2,0,0,MATH/Llama,MATH/Gemma,60602,36,6,False,False,False,False,False,baseline,,mathstral,never,NOT_ROUTED
60602,5,mathstral,never,2,0,0,MATH/Llama,MATH/Gemma,60602,36,7,False,False,False,False,False,baseline,,mathstral,never,NOT_ROUTED
60602,5,mathstral,never,2,0,0,MATH/Llama,MATH/Gemma,60602,38,0,True,True,True,False,False,baseline,,mathstral,never,NOT_ROUTED
60602,5,mathstral,never,2,0,0,MATH/Llama,MATH/Gemma,60602,38,1,True,True,True,False,False,baseline,,mathstral,never,NOT_ROUTED
60602,5,mathstral,never,2,0,0,MATH/Llama,MATH/Gemma,60602,38,2,True,True,True,False,False,baseline,,mathstral,never,NOT_ROUTED
60602,5,mathstral,never,2,0,0,MATH/Llama,MATH/Gemma,60602,38,3,True,True,True,False,False,baseline,,mathstral,never,NOT_ROUTED
60602,5,mathstral,never,2,0,0,MATH/Llama,MATH/Gemma,60602,38,4,True,True,True,False,False,baseline,,mathstral,never,NOT_ROUTED
60602,5,mathstral,never,2,0,0,MATH/Llama,MATH/Gemma,60602,38,5,True,True,True,False,False,baseline,,mathstral,never,NOT_ROUTED
60602,5,mathstral,never,2,0,0,MATH/Llama,MATH/Gemma,60602,38,6,True,True,True,False,False,baseline,,mathstral,never,NOT_ROUTED
60602,5,mathstral,never,2,0,0,MATH/Llama,MATH/Gemma,60602,38,7,True,True,True,False,False,baseline,,mathstral,never,NOT_ROUTED
60602,5,mathstral,never,2,0,0,MATH/Llama,MATH/Gemma,60602,39,0,True,True,True,False,False,baseline,,mathstral,never,NOT_ROUTED
60602,5,mathstral,never,2,0,0,MATH/Llama,MATH/Gemma,60602,39,1,True,True,True,False,False,baseline,,mathstral,never,NOT_ROUTED
60602,5,mathstral,never,2,0,0,MATH/Llama,MATH/Gemma,60602,39,2,True,True,True,False,False,baseline,,mathstral,never,NOT_ROUTED
60602,5,mathstral,never,2,0,0,MATH/Llama,MATH/Gemma,60602,39,3,True,True,True,False,False,baseline,,mathstral,never,NOT_ROUTED
60602,5,mathstral,never,2,0,0,MATH/Llama,MATH/Gemma,60602,39,4,True,True,True,False,False,baseline,,mathstral,never,NOT_ROUTED
60602,5,mathstral,never,2,0,0,MATH/Llama,MATH/Gemma,60602,39,5,True,True,True,False,False,baseline,,mathstral,never,NOT_ROUTED
60602,5,mathstral,never,2,0,0,MATH/Llama,MATH/Gemma,60602,39,6,True,True,True,False,False,baseline,,mathstral,never,NOT_ROUTED
60602,5,mathstral,never,2,0,0,MATH/Llama,MATH/Gemma,60602,39,7,True,True,True,False,False,baseline,,mathstral,never,NOT_ROUTED
60602,5,mathstral,never,2,0,0,MATH/Llama,MATH/Gemma,60602,42,0,False,False,False,False,False,baseline,,mathstral,never,NOT_ROUTED
60602,5,mathstral,never,2,0,0,MATH/Llama,MATH/Gemma,60602,42,1,False,False,False,False,False,baseline,,mathstral,never,NOT_ROUTED
60602,5,mathstral,never,2,0,0,MATH/Llama,MATH/Gemma,60602,42,2,False,False,False,False,False,baseline,,mathstral,never,NOT_ROUTED
60602,5,mathstral,never,2,0,0,MATH/Llama,MATH/Gemma,60602,42,3,False,False,False,False,False,baseline,,mathstral,never,NOT_ROUTED
60602,5,mathstral,never,2,0,0,MATH/Llama,MATH/Gemma,60602,42,4,False,False,False,False,False,baseline,,mathstral,never,NOT_ROUTED
60602,5,mathstral,never,2,0,0,MATH/Llama,MATH/Gemma,60602,42,5,False,False,False,False,False,baseline,,mathstral,never,NOT_ROUTED
60602,5,mathstral,never,2,0,0,MATH/Llama,MATH/Gemma,60602,42,6,False,False,False,False,False,baseline,,mathstral,never,NOT_ROUTED
60602,5,mathstral,never,2,0,0,MATH/Llama,MATH/Gemma,60602,42,7,False,False,False,False,False,baseline,,mathstral,never,NOT_ROUTED
60602,5,mathstral,never,2,0,0,MATH/Llama,MATH/Gemma,60602,43,0,True,True,True,False,False,baseline,,mathstral,never,NOT_ROUTED
60602,5,mathstral,never,2,0,0,MATH/Llama,MATH/Gemma,60602,43,1,True,True,True,False,False,baseline,,mathstral,never,NOT_ROUTED
60602,5,mathstral,never,2,0,0,MATH/Llama,MATH/Gemma,60602,43,2,True,True,True,False,False,baseline,,mathstral,never,NOT_ROUTED
60602,5,mathstral,never,2,0,0,MATH/Llama,MATH/Gemma,60602,43,3,True,True,True,False,False,baseline,,mathstral,never,NOT_ROUTED
60602,5,mathstral,never,2,0,0,MATH/Llama,MATH/Gemma,60602,43,4,True,True,True,False,False,baseline,,mathstral,never,NOT_ROUTED
60602,5,mathstral,never,2,0,0,MATH/Llama,MATH/Gemma,60602,43,5,True,True,True,False,False,baseline,,mathstral,never,NOT_ROUTED
60602,5,mathstral,never,2,0,0,MATH/Llama,MATH/Gemma,60602,43,6,True,True,True,False,False,baseline,,mathstral,never,NOT_ROUTED
60602,5,mathstral,never,2,0,0,MATH/Llama,MATH/Gemma,60602,43,7,True,True,True,False,False,baseline,,mathstral,never,NOT_ROUTED
60602,5,mathstral,never,2,0,0,MATH/Llama,MATH/Gemma,60602,44,0,False,False,False,False,False,baseline,,mathstral,never,NOT_ROUTED
60602,5,mathstral,never,2,0,0,MATH/Llama,MATH/Gemma,60602,44,1,False,False,False,False,False,baseline,,mathstral,never,NOT_ROUTED
60602,5,mathstral,never,2,0,0,MATH/Llama,MATH/Gemma,60602,44,2,False,False,False,False,False,baseline,,mathstral,never,NOT_ROUTED
60602,5,mathstral,never,2,0,0,MATH/Llama,MATH/Gemma,60602,44,3,False,False,False,False,False,baseline,,mathstral,never,NOT_ROUTED
60602,5,mathstral,never,2,0,0,MATH/Llama,MATH/Gemma,60602,44,4,False,False,False,False,False,baseline,,mathstral,never,NOT_ROUTED
60602,5,mathstral,never,2,0,0,MATH/Llama,MATH/Gemma,60602,44,5,False,False,False,False,False,baseline,,mathstral,never,NOT_ROUTED
60602,5,mathstral,never,2,0,0,MATH/Llama,MATH/Gemma,60602,44,6,False,False,False,False,False,baseline,,mathstral,never,NOT_ROUTED
60602,5,mathstral,never,2,0,0,MATH/Llama,MATH/Gemma,60602,44,7,False,False,False,False,False,baseline,,mathstral,never,NOT_ROUTED
60602,5,mathstral,never,2,0,0,MATH/Llama,MATH/Gemma,60602,45,0,False,False,False,False,False,baseline,,mathstral,never,NOT_ROUTED
60602,5,mathstral,never,2,0,0,MATH/Llama,MATH/Gemma,60602,45,1,False,False,False,False,False,baseline,,mathstral,never,NOT_ROUTED
60602,5,mathstral,never,2,0,0,MATH/Llama,MATH/Gemma,60602,45,2,False,False,False,False,False,baseline,,mathstral,never,NOT_ROUTED
60602,5,mathstral,never,2,0,0,MATH/Llama,MATH/Gemma,60602,45,3,False,False,False,False,False,baseline,,mathstral,never,NOT_ROUTED
60602,5,mathstral,never,2,0,0,MATH/Llama,MATH/Gemma,60602,45,4,False,False,False,False,False,baseline,,mathstral,never,NOT_ROUTED
60602,5,mathstral,never,2,0,0,MATH/Llama,MATH/Gemma,60602,45,5,False,False,False,False,False,baseline,,mathstral,never,NOT_ROUTED
60602,5,mathstral,never,2,0,0,MATH/Llama,MATH/Gemma,60602,45,6,False,False,False,False,False,baseline,,mathstral,never,NOT_ROUTED
60602,5,mathstral,never,2,0,0,MATH/Llama,MATH/Gemma,60602,45,7,False,False,False,False,False,baseline,,mathstral,never,NOT_ROUTED
60602,5,mathstral,never,2,0,0,MATH/Llama,MATH/Gemma,60602,46,0,False,False,False,False,False,baseline,,mathstral,never,NOT_ROUTED
60602,5,mathstral,never,2,0,0,MATH/Llama,MATH/Gemma,60602,46,1,False,False,False,False,False,baseline,,mathstral,never,NOT_ROUTED
60602,5,mathstral,never,2,0,0,MATH/Llama,MATH/Gemma,60602,46,2,False,False,False,False,False,baseline,,mathstral,never,NOT_ROUTED
60602,5,mathstral,never,2,0,0,MATH/Llama,MATH/Gemma,60602,46,3,False,False,False,False,False,baseline,,mathstral,never,NOT_ROUTED
60602,5,mathstral,never,2,0,0,MATH/Llama,MATH/Gemma,60602,46,4,False,False,False,False,False,baseline,,mathstral,never,NOT_ROUTED
60602,5,mathstral,never,2,0,0,MATH/Llama,MATH/Gemma,60602,46,5,False,False,False,False,False,baseline,,mathstral,never,NOT_ROUTED
60602,5,mathstral,never,2,0,0,MATH/Llama,MATH/Gemma,60602,46,6,False,False,False,False,False,baseline,,mathstral,never,NOT_ROUTED
60602,5,mathstral,never,2,0,0,MATH/Llama,MATH/Gemma,60602,46,7,False,False,False,False,False,baseline,,mathstral,never,NOT_ROUTED
60602,5,mathstral,never,2,0,0,MATH/Llama,MATH/Gemma,60602,47,0,True,True,True,False,False,baseline,,mathstral,never,NOT_ROUTED
60602,5,mathstral,never,2,0,0,MATH/Llama,MATH/Gemma,60602,47,1,True,True,True,False,False,baseline,,mathstral,never,NOT_ROUTED
60602,5,mathstral,never,2,0,0,MATH/Llama,MATH/Gemma,60602,47,2,True,True,True,False,False,baseline,,mathstral,never,NOT_ROUTED
60602,5,mathstral,never,2,0,0,MATH/Llama,MATH/Gemma,60602,47,3,True,True,True,False,False,baseline,,mathstral,never,NOT_ROUTED
60602,5,mathstral,never,2,0,0,MATH/Llama,MATH/Gemma,60602,47,4,True,True,True,False,False,baseline,,mathstral,never,NOT_ROUTED
60602,5,mathstral,never,2,0,0,MATH/Llama,MATH/Gemma,60602,47,5,False,False,False,False,False,baseline,,mathstral,never,NOT_ROUTED
60602,5,mathstral,never,2,0,0,MATH/Llama,MATH/Gemma,60602,47,6,False,False,False,False,False,baseline,,mathstral,never,NOT_ROUTED
60602,5,mathstral,never,2,0,0,MATH/Llama,MATH/Gemma,60602,47,7,True,True,True,False,False,baseline,,mathstral,never,NOT_ROUTED
60602,5,mathstral,never,2,0,0,MATH/Llama,MATH/Gemma,60602,49,0,False,False,False,False,False,baseline,,mathstral,never,NOT_ROUTED
60602,5,mathstral,never,2,0,0,MATH/Llama,MATH/Gemma,60602,49,1,False,False,False,False,False,baseline,,mathstral,never,NOT_ROUTED
60602,5,mathstral,never,2,0,0,MATH/Llama,MATH/Gemma,60602,49,2,False,False,False,False,False,baseline,,mathstral,never,NOT_ROUTED
60602,5,mathstral,never,2,0,0,MATH/Llama,MATH/Gemma,60602,49,3,False,False,False,False,False,baseline,,mathstral,never,NOT_ROUTED
60602,5,mathstral,never,2,0,0,MATH/Llama,MATH/Gemma,60602,49,4,False,False,False,False,False,baseline,,mathstral,never,NOT_ROUTED
60602,5,mathstral,never,2,0,0,MATH/Llama,MATH/Gemma,60602,49,5,False,False,False,False,False,baseline,,mathstral,never,NOT_ROUTED
60602,5,mathstral,never,2,0,0,MATH/Llama,MATH/Gemma,60602,49,6,False,False,False,False,False,baseline,,mathstral,never,NOT_ROUTED
60602,5,mathstral,never,2,0,0,MATH/Llama,MATH/Gemma,60602,49,7,False,False,False,False,False,baseline,,mathstral,never,NOT_ROUTED
60602,5,mathstral,never,2,0,0,MATH/Llama,MATH/Gemma,60602,50,0,False,False,False,False,False,baseline,,mathstral,never,NOT_ROUTED
60602,5,mathstral,never,2,0,0,MATH/Llama,MATH/Gemma,60602,50,1,False,False,False,False,False,baseline,,mathstral,never,NOT_ROUTED
60602,5,mathstral,never,2,0,0,MATH/Llama,MATH/Gemma,60602,50,2,False,False,False,False,False,baseline,,mathstral,never,NOT_ROUTED
60602,5,mathstral,never,2,0,0,MATH/Llama,MATH/Gemma,60602,50,3,False,False,False,False,False,baseline,,mathstral,never,NOT_ROUTED
60602,5,mathstral,never,2,0,0,MATH/Llama,MATH/Gemma,60602,50,4,False,False,False,False,False,baseline,,mathstral,never,NOT_ROUTED
60602,5,mathstral,never,2,0,0,MATH/Llama,MATH/Gemma,60602,50,5,False,False,False,False,False,baseline,,mathstral,never,NOT_ROUTED
60602,5,mathstral,never,2,0,0,MATH/Llama,MATH/Gemma,60602,50,6,False,False,False,False,False,baseline,,mathstral,never,NOT_ROUTED
60602,5,mathstral,never,2,0,0,MATH/Llama,MATH/Gemma,60602,50,7,False,False,False,False,False,baseline,,mathstral,never,NOT_ROUTED
60602,5,mathstral,never,2,0,0,MATH/Llama,MATH/Gemma,60602,52,0,False,False,False,False,False,baseline,,mathstral,never,NOT_ROUTED
60602,5,mathstral,never,2,0,0,MATH/Llama,MATH/Gemma,60602,52,1,False,False,False,False,False,baseline,,mathstral,never,NOT_ROUTED
60602,5,mathstral,never,2,0,0,MATH/Llama,MATH/Gemma,60602,52,2,False,False,False,False,False,baseline,,mathstral,never,NOT_ROUTED
60602,5,mathstral,never,2,0,0,MATH/Llama,MATH/Gemma,60602,52,3,False,False,False,False,False,baseline,,mathstral,never,NOT_ROUTED
60602,5,mathstral,never,2,0,0,MATH/Llama,MATH/Gemma,60602,52,4,False,False,False,False,False,baseline,,mathstral,never,NOT_ROUTED
60602,5,mathstral,never,2,0,0,MATH/Llama,MATH/Gemma,60602,52,5,False,False,False,False,False,baseline,,mathstral,never,NOT_ROUTED
60602,5,mathstral,never,2,0,0,MATH/Llama,MATH/Gemma,60602,52,6,False,False,False,False,False,baseline,,mathstral,never,NOT_ROUTED
60602,5,mathstral,never,2,0,0,MATH/Llama,MATH/Gemma,60602,52,7,False,False,False,False,False,baseline,,mathstral,never,NOT_ROUTED
60602,5,mathstral,never,2,0,0,MATH/Llama,MATH/Gemma,60602,54,0,True,True,True,False,False,baseline,,mathstral,never,NOT_ROUTED
60602,5,mathstral,never,2,0,0,MATH/Llama,MATH/Gemma,60602,54,1,True,True,True,False,False,baseline,,mathstral,never,NOT_ROUTED
60602,5,mathstral,never,2,0,0,MATH/Llama,MATH/Gemma,60602,54,2,True,True,True,False,False,baseline,,mathstral,never,NOT_ROUTED
60602,5,mathstral,never,2,0,0,MATH/Llama,MATH/Gemma,60602,54,3,False,False,False,False,False,baseline,,mathstral,never,NOT_ROUTED
60602,5,mathstral,never,2,0,0,MATH/Llama,MATH/Gemma,60602,54,4,True,True,True,False,False,baseline,,mathstral,never,NOT_ROUTED
60602,5,mathstral,never,2,0,0,MATH/Llama,MATH/Gemma,60602,54,5,False,False,False,False,False,baseline,,mathstral,never,NOT_ROUTED
60602,5,mathstral,never,2,0,0,MATH/Llama,MATH/Gemma,60602,54,6,True,True,True,False,False,baseline,,mathstral,never,NOT_ROUTED
60602,5,mathstral,never,2,0,0,MATH/Llama,MATH/Gemma,60602,54,7,False,False,False,False,False,baseline,,mathstral,never,NOT_ROUTED
60602,5,mathstral,never,2,0,0,MATH/Llama,MATH/Gemma,60602,56,0,False,False,False,False,False,baseline,,mathstral,never,NOT_ROUTED
60602,5,mathstral,never,2,0,0,MATH/Llama,MATH/Gemma,60602,56,1,False,False,False,False,False,baseline,,mathstral,never,NOT_ROUTED
60602,5,mathstral,never,2,0,0,MATH/Llama,MATH/Gemma,60602,56,2,False,False,False,False,False,baseline,,mathstral,never,NOT_ROUTED
60602,5,mathstral,never,2,0,0,MATH/Llama,MATH/Gemma,60602,56,3,False,False,False,False,False,baseline,,mathstral,never,NOT_ROUTED
60602,5,mathstral,never,2,0,0,MATH/Llama,MATH/Gemma,60602,56,4,False,False,False,False,False,baseline,,mathstral,never,NOT_ROUTED
60602,5,mathstral,never,2,0,0,MATH/Llama,MATH/Gemma,60602,56,5,False,False,False,False,False,baseline,,mathstral,never,NOT_ROUTED
60602,5,mathstral,never,2,0,0,MATH/Llama,MATH/Gemma,60602,56,6,False,False,False,True,False,target_intersection_top20,pairwise_router_v123_llama_with_gemma_budget0_all_0003_neither_correct_s60602_p56_t6,mathstral,never,NEITHER
60602,5,mathstral,never,2,0,0,MATH/Llama,MATH/Gemma,60602,56,7,False,False,False,False,False,baseline,,mathstral,never,NOT_ROUTED
60602,5,mathstral,never,2,0,0,MATH/Llama,MATH/Gemma,60602,61,0,False,False,False,False,False,baseline,,mathstral,never,NOT_ROUTED
60602,5,mathstral,never,2,0,0,MATH/Llama,MATH/Gemma,60602,61,1,False,False,False,False,False,baseline,,mathstral,never,NOT_ROUTED
60602,5,mathstral,never,2,0,0,MATH/Llama,MATH/Gemma,60602,61,2,False,False,False,False,False,baseline,,mathstral,never,NOT_ROUTED
60602,5,mathstral,never,2,0,0,MATH/Llama,MATH/Gemma,60602,61,3,False,False,False,False,False,baseline,,mathstral,never,NOT_ROUTED
60602,5,mathstral,never,2,0,0,MATH/Llama,MATH/Gemma,60602,61,4,False,False,False,False,False,baseline,,mathstral,never,NOT_ROUTED
60602,5,mathstral,never,2,0,0,MATH/Llama,MATH/Gemma,60602,61,5,False,False,False,False,False,baseline,,mathstral,never,NOT_ROUTED
60602,5,mathstral,never,2,0,0,MATH/Llama,MATH/Gemma,60602,61,6,False,False,False,False,False,baseline,,mathstral,never,NOT_ROUTED
60602,5,mathstral,never,2,0,0,MATH/Llama,MATH/Gemma,60602,61,7,False,False,False,False,False,baseline,,mathstral,never,NOT_ROUTED
60602,5,mathstral,never,2,0,0,MATH/Llama,MATH/Gemma,60602,62,0,False,False,False,False,False,baseline,,mathstral,never,NOT_ROUTED
60602,5,mathstral,never,2,0,0,MATH/Llama,MATH/Gemma,60602,62,1,False,False,False,False,False,baseline,,mathstral,never,NOT_ROUTED
60602,5,mathstral,never,2,0,0,MATH/Llama,MATH/Gemma,60602,62,2,False,False,False,False,False,baseline,,mathstral,never,NOT_ROUTED
60602,5,mathstral,never,2,0,0,MATH/Llama,MATH/Gemma,60602,62,3,False,False,False,False,False,baseline,,mathstral,never,NOT_ROUTED
60602,5,mathstral,never,2,0,0,MATH/Llama,MATH/Gemma,60602,62,4,False,False,False,False,False,baseline,,mathstral,never,NOT_ROUTED
60602,5,mathstral,never,2,0,0,MATH/Llama,MATH/Gemma,60602,62,5,False,False,False,False,False,baseline,,mathstral,never,NOT_ROUTED
60602,5,mathstral,never,2,0,0,MATH/Llama,MATH/Gemma,60602,62,6,False,False,False,False,False,baseline,,mathstral,never,NOT_ROUTED
60602,5,mathstral,never,2,0,0,MATH/Llama,MATH/Gemma,60602,62,7,False,False,False,False,False,baseline,,mathstral,never,NOT_ROUTED
60602,5,mathstral,never,2,0,0,MATH/Llama,MATH/Gemma,60602,63,0,True,True,True,False,False,baseline,,mathstral,never,NOT_ROUTED
60602,5,mathstral,never,2,0,0,MATH/Llama,MATH/Gemma,60602,63,1,True,True,True,False,False,baseline,,mathstral,never,NOT_ROUTED
60602,5,mathstral,never,2,0,0,MATH/Llama,MATH/Gemma,60602,63,2,False,False,False,False,False,baseline,,mathstral,never,NOT_ROUTED
60602,5,mathstral,never,2,0,0,MATH/Llama,MATH/Gemma,60602,63,3,True,True,True,False,False,baseline,,mathstral,never,NOT_ROUTED
60602,5,mathstral,never,2,0,0,MATH/Llama,MATH/Gemma,60602,63,4,True,True,True,False,False,baseline,,mathstral,never,NOT_ROUTED
60602,5,mathstral,never,2,0,0,MATH/Llama,MATH/Gemma,60602,63,5,True,True,True,False,False,baseline,,mathstral,never,NOT_ROUTED
60602,5,mathstral,never,2,0,0,MATH/Llama,MATH/Gemma,60602,63,6,False,False,False,False,False,baseline,,mathstral,never,NOT_ROUTED
60602,5,mathstral,never,2,0,0,MATH/Llama,MATH/Gemma,60602,63,7,False,False,False,False,False,baseline,,mathstral,never,NOT_ROUTED
60602,5,mathstral,never,2,0,0,MATH/Llama,MATH/Gemma,60602,65,0,False,False,False,False,False,baseline,,mathstral,never,NOT_ROUTED
60602,5,mathstral,never,2,0,0,MATH/Llama,MATH/Gemma,60602,65,1,False,False,False,False,False,baseline,,mathstral,never,NOT_ROUTED
60602,5,mathstral,never,2,0,0,MATH/Llama,MATH/Gemma,60602,65,2,False,False,False,False,False,baseline,,mathstral,never,NOT_ROUTED
60602,5,mathstral,never,2,0,0,MATH/Llama,MATH/Gemma,60602,65,3,False,False,False,False,False,baseline,,mathstral,never,NOT_ROUTED
60602,5,mathstral,never,2,0,0,MATH/Llama,MATH/Gemma,60602,65,4,False,False,False,False,False,baseline,,mathstral,never,NOT_ROUTED
60602,5,mathstral,never,2,0,0,MATH/Llama,MATH/Gemma,60602,65,5,False,False,False,False,False,baseline,,mathstral,never,NOT_ROUTED
60602,5,mathstral,never,2,0,0,MATH/Llama,MATH/Gemma,60602,65,6,False,False,False,False,False,baseline,,mathstral,never,NOT_ROUTED
60602,5,mathstral,never,2,0,0,MATH/Llama,MATH/Gemma,60602,65,7,False,False,False,False,False,baseline,,mathstral,never,NOT_ROUTED
60602,5,mathstral,never,2,0,0,MATH/Llama,MATH/Gemma,60602,66,0,False,False,False,False,False,baseline,,mathstral,never,NOT_ROUTED
60602,5,mathstral,never,2,0,0,MATH/Llama,MATH/Gemma,60602,66,1,False,False,False,False,False,baseline,,mathstral,never,NOT_ROUTED
60602,5,mathstral,never,2,0,0,MATH/Llama,MATH/Gemma,60602,66,2,False,False,False,False,False,baseline,,mathstral,never,NOT_ROUTED
60602,5,mathstral,never,2,0,0,MATH/Llama,MATH/Gemma,60602,66,3,False,False,False,False,False,baseline,,mathstral,never,NOT_ROUTED
60602,5,mathstral,never,2,0,0,MATH/Llama,MATH/Gemma,60602,66,4,False,False,False,False,False,baseline,,mathstral,never,NOT_ROUTED
60602,5,mathstral,never,2,0,0,MATH/Llama,MATH/Gemma,60602,66,5,False,False,False,False,False,baseline,,mathstral,never,NOT_ROUTED
60602,5,mathstral,never,2,0,0,MATH/Llama,MATH/Gemma,60602,66,6,False,False,False,False,False,baseline,,mathstral,never,NOT_ROUTED
60602,5,mathstral,never,2,0,0,MATH/Llama,MATH/Gemma,60602,66,7,False,False,False,False,False,baseline,,mathstral,never,NOT_ROUTED
60602,5,mathstral,never,2,0,0,MATH/Llama,MATH/Gemma,60602,67,0,True,True,True,False,False,baseline,,mathstral,never,NOT_ROUTED
60602,5,mathstral,never,2,0,0,MATH/Llama,MATH/Gemma,60602,67,1,True,True,True,False,False,baseline,,mathstral,never,NOT_ROUTED
60602,5,mathstral,never,2,0,0,MATH/Llama,MATH/Gemma,60602,67,2,True,True,True,False,False,baseline,,mathstral,never,NOT_ROUTED
60602,5,mathstral,never,2,0,0,MATH/Llama,MATH/Gemma,60602,67,3,True,True,True,False,False,baseline,,mathstral,never,NOT_ROUTED
60602,5,mathstral,never,2,0,0,MATH/Llama,MATH/Gemma,60602,67,4,True,True,True,False,False,baseline,,mathstral,never,NOT_ROUTED
60602,5,mathstral,never,2,0,0,MATH/Llama,MATH/Gemma,60602,67,5,True,True,True,False,False,baseline,,mathstral,never,NOT_ROUTED
60602,5,mathstral,never,2,0,0,MATH/Llama,MATH/Gemma,60602,67,6,True,True,True,False,False,baseline,,mathstral,never,NOT_ROUTED
60602,5,mathstral,never,2,0,0,MATH/Llama,MATH/Gemma,60602,67,7,True,True,True,False,False,baseline,,mathstral,never,NOT_ROUTED
60602,5,mathstral,never,2,0,0,MATH/Llama,MATH/Gemma,60602,69,0,False,False,False,False,False,baseline,,mathstral,never,NOT_ROUTED
60602,5,mathstral,never,2,0,0,MATH/Llama,MATH/Gemma,60602,69,1,False,False,False,False,False,baseline,,mathstral,never,NOT_ROUTED
60602,5,mathstral,never,2,0,0,MATH/Llama,MATH/Gemma,60602,69,2,False,False,False,False,False,baseline,,mathstral,never,NOT_ROUTED
60602,5,mathstral,never,2,0,0,MATH/Llama,MATH/Gemma,60602,69,3,False,False,False,False,False,baseline,,mathstral,never,NOT_ROUTED
60602,5,mathstral,never,2,0,0,MATH/Llama,MATH/Gemma,60602,69,4,False,False,False,False,False,baseline,,mathstral,never,NOT_ROUTED
60602,5,mathstral,never,2,0,0,MATH/Llama,MATH/Gemma,60602,69,5,False,False,False,False,False,baseline,,mathstral,never,NOT_ROUTED
60602,5,mathstral,never,2,0,0,MATH/Llama,MATH/Gemma,60602,69,6,False,False,False,False,False,baseline,,mathstral,never,NOT_ROUTED
60602,5,mathstral,never,2,0,0,MATH/Llama,MATH/Gemma,60602,69,7,False,False,False,False,False,baseline,,mathstral,never,NOT_ROUTED
60602,5,mathstral,never,2,0,0,MATH/Llama,MATH/Gemma,60602,72,0,False,False,False,False,False,baseline,,mathstral,never,NOT_ROUTED
60602,5,mathstral,never,2,0,0,MATH/Llama,MATH/Gemma,60602,72,1,False,False,False,False,False,baseline,,mathstral,never,NOT_ROUTED
60602,5,mathstral,never,2,0,0,MATH/Llama,MATH/Gemma,60602,72,2,False,False,False,False,False,baseline,,mathstral,never,NOT_ROUTED
60602,5,mathstral,never,2,0,0,MATH/Llama,MATH/Gemma,60602,72,3,False,False,False,False,False,baseline,,mathstral,never,NOT_ROUTED
60602,5,mathstral,never,2,0,0,MATH/Llama,MATH/Gemma,60602,72,4,False,False,False,False,False,baseline,,mathstral,never,NOT_ROUTED
60602,5,mathstral,never,2,0,0,MATH/Llama,MATH/Gemma,60602,72,5,False,False,False,False,False,baseline,,mathstral,never,NOT_ROUTED
60602,5,mathstral,never,2,0,0,MATH/Llama,MATH/Gemma,60602,72,6,False,False,False,False,False,baseline,,mathstral,never,NOT_ROUTED
60602,5,mathstral,never,2,0,0,MATH/Llama,MATH/Gemma,60602,72,7,False,False,False,False,False,baseline,,mathstral,never,NOT_ROUTED
60602,5,mathstral,never,2,0,0,MATH/Llama,MATH/Gemma,60602,74,0,False,False,False,False,False,baseline,,mathstral,never,NOT_ROUTED
60602,5,mathstral,never,2,0,0,MATH/Llama,MATH/Gemma,60602,74,1,False,False,False,False,False,baseline,,mathstral,never,NOT_ROUTED
60602,5,mathstral,never,2,0,0,MATH/Llama,MATH/Gemma,60602,74,2,False,False,False,False,False,baseline,,mathstral,never,NOT_ROUTED
60602,5,mathstral,never,2,0,0,MATH/Llama,MATH/Gemma,60602,74,3,False,False,False,False,False,baseline,,mathstral,never,NOT_ROUTED
60602,5,mathstral,never,2,0,0,MATH/Llama,MATH/Gemma,60602,74,4,False,False,False,False,False,baseline,,mathstral,never,NOT_ROUTED
60602,5,mathstral,never,2,0,0,MATH/Llama,MATH/Gemma,60602,74,5,False,False,False,False,False,baseline,,mathstral,never,NOT_ROUTED
60602,5,mathstral,never,2,0,0,MATH/Llama,MATH/Gemma,60602,74,6,False,False,False,False,False,baseline,,mathstral,never,NOT_ROUTED
60602,5,mathstral,never,2,0,0,MATH/Llama,MATH/Gemma,60602,74,7,False,False,False,False,False,baseline,,mathstral,never,NOT_ROUTED
60602,5,mathstral,never,2,0,0,MATH/Llama,MATH/Gemma,60602,75,0,False,False,False,False,False,baseline,,mathstral,never,NOT_ROUTED
60602,5,mathstral,never,2,0,0,MATH/Llama,MATH/Gemma,60602,75,1,False,False,False,False,False,baseline,,mathstral,never,NOT_ROUTED
60602,5,mathstral,never,2,0,0,MATH/Llama,MATH/Gemma,60602,75,2,False,False,False,False,False,baseline,,mathstral,never,NOT_ROUTED
60602,5,mathstral,never,2,0,0,MATH/Llama,MATH/Gemma,60602,75,3,False,False,False,False,False,baseline,,mathstral,never,NOT_ROUTED
60602,5,mathstral,never,2,0,0,MATH/Llama,MATH/Gemma,60602,75,4,False,False,False,False,False,baseline,,mathstral,never,NOT_ROUTED
60602,5,mathstral,never,2,0,0,MATH/Llama,MATH/Gemma,60602,75,5,False,False,False,False,False,baseline,,mathstral,never,NOT_ROUTED
60602,5,mathstral,never,2,0,0,MATH/Llama,MATH/Gemma,60602,75,6,False,False,False,False,False,baseline,,mathstral,never,NOT_ROUTED
60602,5,mathstral,never,2,0,0,MATH/Llama,MATH/Gemma,60602,75,7,False,False,False,False,False,baseline,,mathstral,never,NOT_ROUTED
60602,5,mathstral,never,2,0,0,MATH/Llama,MATH/Gemma,60602,77,0,False,False,False,False,False,baseline,,mathstral,never,NOT_ROUTED
60602,5,mathstral,never,2,0,0,MATH/Llama,MATH/Gemma,60602,77,1,False,False,False,False,False,baseline,,mathstral,never,NOT_ROUTED
60602,5,mathstral,never,2,0,0,MATH/Llama,MATH/Gemma,60602,77,2,False,False,False,False,False,baseline,,mathstral,never,NOT_ROUTED
60602,5,mathstral,never,2,0,0,MATH/Llama,MATH/Gemma,60602,77,3,False,False,False,False,False,baseline,,mathstral,never,NOT_ROUTED
60602,5,mathstral,never,2,0,0,MATH/Llama,MATH/Gemma,60602,77,4,False,False,False,False,False,baseline,,mathstral,never,NOT_ROUTED
60602,5,mathstral,never,2,0,0,MATH/Llama,MATH/Gemma,60602,77,5,False,False,False,False,False,baseline,,mathstral,never,NOT_ROUTED
60602,5,mathstral,never,2,0,0,MATH/Llama,MATH/Gemma,60602,77,6,False,False,False,False,False,baseline,,mathstral,never,NOT_ROUTED
60602,5,mathstral,never,2,0,0,MATH/Llama,MATH/Gemma,60602,77,7,False,False,False,False,False,baseline,,mathstral,never,NOT_ROUTED
60602,5,mathstral,never,2,0,0,MATH/Llama,MATH/Gemma,60602,79,0,True,True,True,False,False,baseline,,mathstral,never,NOT_ROUTED
60602,5,mathstral,never,2,0,0,MATH/Llama,MATH/Gemma,60602,79,1,True,True,True,False,False,baseline,,mathstral,never,NOT_ROUTED
60602,5,mathstral,never,2,0,0,MATH/Llama,MATH/Gemma,60602,79,2,True,True,True,False,False,baseline,,mathstral,never,NOT_ROUTED
60602,5,mathstral,never,2,0,0,MATH/Llama,MATH/Gemma,60602,79,3,True,True,True,False,False,baseline,,mathstral,never,NOT_ROUTED
60602,5,mathstral,never,2,0,0,MATH/Llama,MATH/Gemma,60602,79,4,True,True,True,False,False,baseline,,mathstral,never,NOT_ROUTED
60602,5,mathstral,never,2,0,0,MATH/Llama,MATH/Gemma,60602,79,5,True,True,True,False,False,baseline,,mathstral,never,NOT_ROUTED
60602,5,mathstral,never,2,0,0,MATH/Llama,MATH/Gemma,60602,79,6,True,True,True,False,False,baseline,,mathstral,never,NOT_ROUTED
60602,5,mathstral,never,2,0,0,MATH/Llama,MATH/Gemma,60602,79,7,True,True,True,False,False,baseline,,mathstral,never,NOT_ROUTED
60602,5,mathstral,never,2,0,0,MATH/Llama,MATH/Gemma,60602,82,0,True,True,True,False,False,baseline,,mathstral,never,NOT_ROUTED
60602,5,mathstral,never,2,0,0,MATH/Llama,MATH/Gemma,60602,82,1,False,False,False,False,False,baseline,,mathstral,never,NOT_ROUTED
60602,5,mathstral,never,2,0,0,MATH/Llama,MATH/Gemma,60602,82,2,False,False,False,False,False,baseline,,mathstral,never,NOT_ROUTED
60602,5,mathstral,never,2,0,0,MATH/Llama,MATH/Gemma,60602,82,3,True,True,True,False,False,baseline,,mathstral,never,NOT_ROUTED
60602,5,mathstral,never,2,0,0,MATH/Llama,MATH/Gemma,60602,82,4,False,False,False,False,False,baseline,,mathstral,never,NOT_ROUTED
60602,5,mathstral,never,2,0,0,MATH/Llama,MATH/Gemma,60602,82,5,False,False,False,False,False,baseline,,mathstral,never,NOT_ROUTED
60602,5,mathstral,never,2,0,0,MATH/Llama,MATH/Gemma,60602,82,6,True,True,True,False,False,baseline,,mathstral,never,NOT_ROUTED
60602,5,mathstral,never,2,0,0,MATH/Llama,MATH/Gemma,60602,82,7,True,True,True,False,False,baseline,,mathstral,never,NOT_ROUTED
60602,5,mathstral,never,2,0,0,MATH/Llama,MATH/Gemma,60602,83,0,True,True,True,False,False,baseline,,mathstral,never,NOT_ROUTED
60602,5,mathstral,never,2,0,0,MATH/Llama,MATH/Gemma,60602,83,1,True,True,True,False,False,baseline,,mathstral,never,NOT_ROUTED
60602,5,mathstral,never,2,0,0,MATH/Llama,MATH/Gemma,60602,83,2,True,True,True,False,False,baseline,,mathstral,never,NOT_ROUTED
60602,5,mathstral,never,2,0,0,MATH/Llama,MATH/Gemma,60602,83,3,True,True,True,False,False,baseline,,mathstral,never,NOT_ROUTED
60602,5,mathstral,never,2,0,0,MATH/Llama,MATH/Gemma,60602,83,4,True,True,True,False,False,baseline,,mathstral,never,NOT_ROUTED
60602,5,mathstral,never,2,0,0,MATH/Llama,MATH/Gemma,60602,83,5,True,True,True,False,False,baseline,,mathstral,never,NOT_ROUTED
60602,5,mathstral,never,2,0,0,MATH/Llama,MATH/Gemma,60602,83,6,True,True,True,False,False,baseline,,mathstral,never,NOT_ROUTED
60602,5,mathstral,never,2,0,0,MATH/Llama,MATH/Gemma,60602,83,7,True,True,True,False,False,baseline,,mathstral,never,NOT_ROUTED
60602,5,mathstral,never,2,0,0,MATH/Llama,MATH/Gemma,60602,84,0,True,True,True,False,False,baseline,,mathstral,never,NOT_ROUTED
60602,5,mathstral,never,2,0,0,MATH/Llama,MATH/Gemma,60602,84,1,True,True,True,False,False,baseline,,mathstral,never,NOT_ROUTED
60602,5,mathstral,never,2,0,0,MATH/Llama,MATH/Gemma,60602,84,2,True,True,True,False,False,baseline,,mathstral,never,NOT_ROUTED
60602,5,mathstral,never,2,0,0,MATH/Llama,MATH/Gemma,60602,84,3,True,True,True,False,False,baseline,,mathstral,never,NOT_ROUTED
60602,5,mathstral,never,2,0,0,MATH/Llama,MATH/Gemma,60602,84,4,True,True,True,False,False,baseline,,mathstral,never,NOT_ROUTED
60602,5,mathstral,never,2,0,0,MATH/Llama,MATH/Gemma,60602,84,5,True,True,True,False,False,baseline,,mathstral,never,NOT_ROUTED
60602,5,mathstral,never,2,0,0,MATH/Llama,MATH/Gemma,60602,84,6,True,True,True,False,False,baseline,,mathstral,never,NOT_ROUTED
60602,5,mathstral,never,2,0,0,MATH/Llama,MATH/Gemma,60602,84,7,True,True,True,False,False,baseline,,mathstral,never,NOT_ROUTED
60602,5,mathstral,never,2,0,0,MATH/Llama,MATH/Gemma,60602,85,0,True,True,True,False,False,baseline,,mathstral,never,NOT_ROUTED
60602,5,mathstral,never,2,0,0,MATH/Llama,MATH/Gemma,60602,85,1,False,False,False,False,False,baseline,,mathstral,never,NOT_ROUTED
60602,5,mathstral,never,2,0,0,MATH/Llama,MATH/Gemma,60602,85,2,True,True,True,False,False,baseline,,mathstral,never,NOT_ROUTED
60602,5,mathstral,never,2,0,0,MATH/Llama,MATH/Gemma,60602,85,3,True,True,True,False,False,baseline,,mathstral,never,NOT_ROUTED
60602,5,mathstral,never,2,0,0,MATH/Llama,MATH/Gemma,60602,85,4,True,True,True,False,False,baseline,,mathstral,never,NOT_ROUTED
60602,5,mathstral,never,2,0,0,MATH/Llama,MATH/Gemma,60602,85,5,True,True,True,False,False,baseline,,mathstral,never,NOT_ROUTED
60602,5,mathstral,never,2,0,0,MATH/Llama,MATH/Gemma,60602,85,6,False,False,False,False,False,baseline,,mathstral,never,NOT_ROUTED
60602,5,mathstral,never,2,0,0,MATH/Llama,MATH/Gemma,60602,85,7,True,True,True,False,False,baseline,,mathstral,never,NOT_ROUTED
60602,5,mathstral,never,2,0,0,MATH/Llama,MATH/Gemma,60602,87,0,False,False,False,False,False,baseline,,mathstral,never,NOT_ROUTED
60602,5,mathstral,never,2,0,0,MATH/Llama,MATH/Gemma,60602,87,1,False,False,False,False,False,baseline,,mathstral,never,NOT_ROUTED
60602,5,mathstral,never,2,0,0,MATH/Llama,MATH/Gemma,60602,87,2,False,False,False,False,False,baseline,,mathstral,never,NOT_ROUTED
60602,5,mathstral,never,2,0,0,MATH/Llama,MATH/Gemma,60602,87,3,False,False,False,False,False,baseline,,mathstral,never,NOT_ROUTED
60602,5,mathstral,never,2,0,0,MATH/Llama,MATH/Gemma,60602,87,4,False,False,False,False,False,baseline,,mathstral,never,NOT_ROUTED
60602,5,mathstral,never,2,0,0,MATH/Llama,MATH/Gemma,60602,87,5,False,False,False,False,False,baseline,,mathstral,never,NOT_ROUTED
60602,5,mathstral,never,2,0,0,MATH/Llama,MATH/Gemma,60602,87,6,False,False,False,False,False,baseline,,mathstral,never,NOT_ROUTED
60602,5,mathstral,never,2,0,0,MATH/Llama,MATH/Gemma,60602,87,7,False,False,False,False,False,baseline,,mathstral,never,NOT_ROUTED
60602,5,mathstral,never,2,0,0,MATH/Llama,MATH/Gemma,60602,91,0,True,True,True,False,False,baseline,,mathstral,never,NOT_ROUTED
60602,5,mathstral,never,2,0,0,MATH/Llama,MATH/Gemma,60602,91,1,True,True,True,False,False,baseline,,mathstral,never,NOT_ROUTED
60602,5,mathstral,never,2,0,0,MATH/Llama,MATH/Gemma,60602,91,2,True,True,True,False,False,baseline,,mathstral,never,NOT_ROUTED
60602,5,mathstral,never,2,0,0,MATH/Llama,MATH/Gemma,60602,91,3,True,True,True,False,False,baseline,,mathstral,never,NOT_ROUTED
60602,5,mathstral,never,2,0,0,MATH/Llama,MATH/Gemma,60602,91,4,True,True,True,False,False,baseline,,mathstral,never,NOT_ROUTED
60602,5,mathstral,never,2,0,0,MATH/Llama,MATH/Gemma,60602,91,5,True,True,True,False,False,baseline,,mathstral,never,NOT_ROUTED
60602,5,mathstral,never,2,0,0,MATH/Llama,MATH/Gemma,60602,91,6,True,True,True,False,False,baseline,,mathstral,never,NOT_ROUTED
60602,5,mathstral,never,2,0,0,MATH/Llama,MATH/Gemma,60602,91,7,True,True,True,False,False,baseline,,mathstral,never,NOT_ROUTED
60602,5,mathstral,never,2,0,0,MATH/Llama,MATH/Gemma,60602,92,0,True,True,True,False,False,baseline,,mathstral,never,NOT_ROUTED
60602,5,mathstral,never,2,0,0,MATH/Llama,MATH/Gemma,60602,92,1,True,True,True,False,False,baseline,,mathstral,never,NOT_ROUTED
60602,5,mathstral,never,2,0,0,MATH/Llama,MATH/Gemma,60602,92,2,True,True,True,False,False,baseline,,mathstral,never,NOT_ROUTED
60602,5,mathstral,never,2,0,0,MATH/Llama,MATH/Gemma,60602,92,3,True,True,True,False,False,baseline,,mathstral,never,NOT_ROUTED
60602,5,mathstral,never,2,0,0,MATH/Llama,MATH/Gemma,60602,92,4,True,True,True,False,False,baseline,,mathstral,never,NOT_ROUTED
60602,5,mathstral,never,2,0,0,MATH/Llama,MATH/Gemma,60602,92,5,True,True,True,False,False,baseline,,mathstral,never,NOT_ROUTED
60602,5,mathstral,never,2,0,0,MATH/Llama,MATH/Gemma,60602,92,6,True,True,True,False,False,baseline,,mathstral,never,NOT_ROUTED
60602,5,mathstral,never,2,0,0,MATH/Llama,MATH/Gemma,60602,92,7,True,True,True,False,False,baseline,,mathstral,never,NOT_ROUTED
60602,5,mathstral,never,2,0,0,MATH/Llama,MATH/Gemma,60602,93,0,True,True,True,False,False,baseline,,mathstral,never,NOT_ROUTED
60602,5,mathstral,never,2,0,0,MATH/Llama,MATH/Gemma,60602,93,1,True,True,True,False,False,baseline,,mathstral,never,NOT_ROUTED
60602,5,mathstral,never,2,0,0,MATH/Llama,MATH/Gemma,60602,93,2,True,True,True,False,False,baseline,,mathstral,never,NOT_ROUTED
60602,5,mathstral,never,2,0,0,MATH/Llama,MATH/Gemma,60602,93,3,True,True,True,False,False,baseline,,mathstral,never,NOT_ROUTED
60602,5,mathstral,never,2,0,0,MATH/Llama,MATH/Gemma,60602,93,4,True,True,True,False,False,baseline,,mathstral,never,NOT_ROUTED
60602,5,mathstral,never,2,0,0,MATH/Llama,MATH/Gemma,60602,93,5,True,True,True,False,False,baseline,,mathstral,never,NOT_ROUTED
60602,5,mathstral,never,2,0,0,MATH/Llama,MATH/Gemma,60602,93,6,True,True,True,False,False,baseline,,mathstral,never,NOT_ROUTED
60602,5,mathstral,never,2,0,0,MATH/Llama,MATH/Gemma,60602,93,7,True,True,True,False,False,baseline,,mathstral,never,NOT_ROUTED
60602,5,mathstral,never,2,0,0,MATH/Llama,MATH/Gemma,60602,94,0,True,True,True,False,False,baseline,,mathstral,never,NOT_ROUTED
60602,5,mathstral,never,2,0,0,MATH/Llama,MATH/Gemma,60602,94,1,True,True,True,False,False,baseline,,mathstral,never,NOT_ROUTED
60602,5,mathstral,never,2,0,0,MATH/Llama,MATH/Gemma,60602,94,2,True,True,True,False,False,baseline,,mathstral,never,NOT_ROUTED
60602,5,mathstral,never,2,0,0,MATH/Llama,MATH/Gemma,60602,94,3,True,True,True,False,False,baseline,,mathstral,never,NOT_ROUTED
60602,5,mathstral,never,2,0,0,MATH/Llama,MATH/Gemma,60602,94,4,False,False,False,False,False,baseline,,mathstral,never,NOT_ROUTED
60602,5,mathstral,never,2,0,0,MATH/Llama,MATH/Gemma,60602,94,5,True,True,True,False,False,baseline,,mathstral,never,NOT_ROUTED
60602,5,mathstral,never,2,0,0,MATH/Llama,MATH/Gemma,60602,94,6,False,False,False,False,False,baseline,,mathstral,never,NOT_ROUTED
60602,5,mathstral,never,2,0,0,MATH/Llama,MATH/Gemma,60602,94,7,True,True,True,False,False,baseline,,mathstral,never,NOT_ROUTED
60602,5,mathstral,never,2,0,0,MATH/Llama,MATH/Gemma,60602,95,0,False,False,False,False,False,baseline,,mathstral,never,NOT_ROUTED
60602,5,mathstral,never,2,0,0,MATH/Llama,MATH/Gemma,60602,95,1,False,False,False,False,False,baseline,,mathstral,never,NOT_ROUTED
60602,5,mathstral,never,2,0,0,MATH/Llama,MATH/Gemma,60602,95,2,False,False,False,False,False,baseline,,mathstral,never,NOT_ROUTED
60602,5,mathstral,never,2,0,0,MATH/Llama,MATH/Gemma,60602,95,3,False,False,False,False,False,baseline,,mathstral,never,NOT_ROUTED
60602,5,mathstral,never,2,0,0,MATH/Llama,MATH/Gemma,60602,95,4,False,False,False,False,False,baseline,,mathstral,never,NOT_ROUTED
60602,5,mathstral,never,2,0,0,MATH/Llama,MATH/Gemma,60602,95,5,False,False,False,False,False,baseline,,mathstral,never,NOT_ROUTED
60602,5,mathstral,never,2,0,0,MATH/Llama,MATH/Gemma,60602,95,6,False,False,False,False,False,baseline,,mathstral,never,NOT_ROUTED
60602,5,mathstral,never,2,0,0,MATH/Llama,MATH/Gemma,60602,95,7,False,False,False,False,False,baseline,,mathstral,never,NOT_ROUTED
60602,5,mathstral,never,2,0,0,MATH/Llama,MATH/Gemma,60602,98,0,False,False,False,False,False,baseline,,mathstral,never,NOT_ROUTED
60602,5,mathstral,never,2,0,0,MATH/Llama,MATH/Gemma,60602,98,1,True,True,True,False,False,baseline,,mathstral,never,NOT_ROUTED
60602,5,mathstral,never,2,0,0,MATH/Llama,MATH/Gemma,60602,98,2,True,True,True,False,False,baseline,,mathstral,never,NOT_ROUTED
60602,5,mathstral,never,2,0,0,MATH/Llama,MATH/Gemma,60602,98,3,True,True,True,False,False,baseline,,mathstral,never,NOT_ROUTED
60602,5,mathstral,never,2,0,0,MATH/Llama,MATH/Gemma,60602,98,4,True,True,True,False,False,baseline,,mathstral,never,NOT_ROUTED
60602,5,mathstral,never,2,0,0,MATH/Llama,MATH/Gemma,60602,98,5,True,True,True,False,False,baseline,,mathstral,never,NOT_ROUTED
60602,5,mathstral,never,2,0,0,MATH/Llama,MATH/Gemma,60602,98,6,True,True,True,False,False,baseline,,mathstral,never,NOT_ROUTED
60602,5,mathstral,never,2,0,0,MATH/Llama,MATH/Gemma,60602,98,7,False,False,False,False,False,baseline,,mathstral,never,NOT_ROUTED
60602,5,mathstral,never,2,0,0,MATH/Llama,MATH/Gemma,60602,99,0,True,True,True,False,False,baseline,,mathstral,never,NOT_ROUTED
60602,5,mathstral,never,2,0,0,MATH/Llama,MATH/Gemma,60602,99,1,True,True,True,False,False,baseline,,mathstral,never,NOT_ROUTED
60602,5,mathstral,never,2,0,0,MATH/Llama,MATH/Gemma,60602,99,2,True,True,True,False,False,baseline,,mathstral,never,NOT_ROUTED
60602,5,mathstral,never,2,0,0,MATH/Llama,MATH/Gemma,60602,99,3,True,True,True,False,False,baseline,,mathstral,never,NOT_ROUTED
60602,5,mathstral,never,2,0,0,MATH/Llama,MATH/Gemma,60602,99,4,True,True,True,False,False,baseline,,mathstral,never,NOT_ROUTED
60602,5,mathstral,never,2,0,0,MATH/Llama,MATH/Gemma,60602,99,5,True,True,True,False,False,baseline,,mathstral,never,NOT_ROUTED
60602,5,mathstral,never,2,0,0,MATH/Llama,MATH/Gemma,60602,99,6,True,True,True,False,False,baseline,,mathstral,never,NOT_ROUTED
60602,5,mathstral,never,2,0,0,MATH/Llama,MATH/Gemma,60602,99,7,True,True,True,False,False,baseline,,mathstral,never,NOT_ROUTED
60602,5,mathstral,never,2,0,0,MATH/Llama,MATH/Gemma,60602,100,0,True,True,True,False,False,baseline,,mathstral,never,NOT_ROUTED
60602,5,mathstral,never,2,0,0,MATH/Llama,MATH/Gemma,60602,100,1,True,True,True,False,False,baseline,,mathstral,never,NOT_ROUTED
60602,5,mathstral,never,2,0,0,MATH/Llama,MATH/Gemma,60602,100,2,True,True,True,False,False,baseline,,mathstral,never,NOT_ROUTED
60602,5,mathstral,never,2,0,0,MATH/Llama,MATH/Gemma,60602,100,3,True,True,True,False,False,baseline,,mathstral,never,NOT_ROUTED
60602,5,mathstral,never,2,0,0,MATH/Llama,MATH/Gemma,60602,100,4,True,True,True,False,False,baseline,,mathstral,never,NOT_ROUTED
60602,5,mathstral,never,2,0,0,MATH/Llama,MATH/Gemma,60602,100,5,True,True,True,False,False,baseline,,mathstral,never,NOT_ROUTED
60602,5,mathstral,never,2,0,0,MATH/Llama,MATH/Gemma,60602,100,6,True,True,True,False,False,baseline,,mathstral,never,NOT_ROUTED
60602,5,mathstral,never,2,0,0,MATH/Llama,MATH/Gemma,60602,100,7,True,True,True,False,False,baseline,,mathstral,never,NOT_ROUTED
60602,5,mathstral,never,2,0,0,MATH/Llama,MATH/Gemma,60602,102,0,True,True,True,False,False,baseline,,mathstral,never,NOT_ROUTED
60602,5,mathstral,never,2,0,0,MATH/Llama,MATH/Gemma,60602,102,1,True,True,True,False,False,baseline,,mathstral,never,NOT_ROUTED
60602,5,mathstral,never,2,0,0,MATH/Llama,MATH/Gemma,60602,102,2,True,True,True,False,False,baseline,,mathstral,never,NOT_ROUTED
60602,5,mathstral,never,2,0,0,MATH/Llama,MATH/Gemma,60602,102,3,True,True,True,False,False,baseline,,mathstral,never,NOT_ROUTED
60602,5,mathstral,never,2,0,0,MATH/Llama,MATH/Gemma,60602,102,4,True,True,True,False,False,baseline,,mathstral,never,NOT_ROUTED
60602,5,mathstral,never,2,0,0,MATH/Llama,MATH/Gemma,60602,102,5,True,True,True,False,False,baseline,,mathstral,never,NOT_ROUTED
60602,5,mathstral,never,2,0,0,MATH/Llama,MATH/Gemma,60602,102,6,True,True,True,False,False,baseline,,mathstral,never,NOT_ROUTED
60602,5,mathstral,never,2,0,0,MATH/Llama,MATH/Gemma,60602,102,7,True,True,True,False,False,baseline,,mathstral,never,NOT_ROUTED
60602,5,mathstral,never,2,0,0,MATH/Llama,MATH/Gemma,60602,103,0,True,True,True,False,False,baseline,,mathstral,never,NOT_ROUTED
60602,5,mathstral,never,2,0,0,MATH/Llama,MATH/Gemma,60602,103,1,True,True,True,False,False,baseline,,mathstral,never,NOT_ROUTED
60602,5,mathstral,never,2,0,0,MATH/Llama,MATH/Gemma,60602,103,2,True,True,True,False,False,baseline,,mathstral,never,NOT_ROUTED
60602,5,mathstral,never,2,0,0,MATH/Llama,MATH/Gemma,60602,103,3,True,True,True,False,False,baseline,,mathstral,never,NOT_ROUTED
60602,5,mathstral,never,2,0,0,MATH/Llama,MATH/Gemma,60602,103,4,True,True,True,False,False,baseline,,mathstral,never,NOT_ROUTED
60602,5,mathstral,never,2,0,0,MATH/Llama,MATH/Gemma,60602,103,5,True,True,True,False,False,baseline,,mathstral,never,NOT_ROUTED
60602,5,mathstral,never,2,0,0,MATH/Llama,MATH/Gemma,60602,103,6,True,True,True,False,False,baseline,,mathstral,never,NOT_ROUTED
60602,5,mathstral,never,2,0,0,MATH/Llama,MATH/Gemma,60602,103,7,True,True,True,False,False,baseline,,mathstral,never,NOT_ROUTED
60602,5,mathstral,never,2,0,0,MATH/Llama,MATH/Gemma,60602,105,0,False,False,False,False,False,baseline,,mathstral,never,NOT_ROUTED
60602,5,mathstral,never,2,0,0,MATH/Llama,MATH/Gemma,60602,105,1,False,False,False,False,False,baseline,,mathstral,never,NOT_ROUTED
60602,5,mathstral,never,2,0,0,MATH/Llama,MATH/Gemma,60602,105,2,False,False,False,False,False,baseline,,mathstral,never,NOT_ROUTED
60602,5,mathstral,never,2,0,0,MATH/Llama,MATH/Gemma,60602,105,3,False,False,False,False,False,baseline,,mathstral,never,NOT_ROUTED
60602,5,mathstral,never,2,0,0,MATH/Llama,MATH/Gemma,60602,105,4,False,False,False,True,False,target_intersection_top10,pairwise_router_v123_llama_with_gemma_budget0_all_0004_neither_correct_s60602_p105_t4,mathstral,never,NEITHER
60602,5,mathstral,never,2,0,0,MATH/Llama,MATH/Gemma,60602,105,5,False,False,False,False,False,baseline,,mathstral,never,NOT_ROUTED
60602,5,mathstral,never,2,0,0,MATH/Llama,MATH/Gemma,60602,105,6,False,False,False,False,False,baseline,,mathstral,never,NOT_ROUTED
60602,5,mathstral,never,2,0,0,MATH/Llama,MATH/Gemma,60602,105,7,False,False,False,False,False,baseline,,mathstral,never,NOT_ROUTED
60602,5,mathstral,never,2,0,0,MATH/Llama,MATH/Gemma,60602,109,0,True,True,True,False,False,baseline,,mathstral,never,NOT_ROUTED
60602,5,mathstral,never,2,0,0,MATH/Llama,MATH/Gemma,60602,109,1,True,True,True,False,False,baseline,,mathstral,never,NOT_ROUTED
60602,5,mathstral,never,2,0,0,MATH/Llama,MATH/Gemma,60602,109,2,True,True,True,False,False,baseline,,mathstral,never,NOT_ROUTED
60602,5,mathstral,never,2,0,0,MATH/Llama,MATH/Gemma,60602,109,3,True,True,True,False,False,baseline,,mathstral,never,NOT_ROUTED
60602,5,mathstral,never,2,0,0,MATH/Llama,MATH/Gemma,60602,109,4,True,True,True,False,False,baseline,,mathstral,never,NOT_ROUTED
60602,5,mathstral,never,2,0,0,MATH/Llama,MATH/Gemma,60602,109,5,True,True,True,False,False,baseline,,mathstral,never,NOT_ROUTED
60602,5,mathstral,never,2,0,0,MATH/Llama,MATH/Gemma,60602,109,6,True,True,True,False,False,baseline,,mathstral,never,NOT_ROUTED
60602,5,mathstral,never,2,0,0,MATH/Llama,MATH/Gemma,60602,109,7,True,True,True,False,False,baseline,,mathstral,never,NOT_ROUTED
60602,5,mathstral,never,2,0,0,MATH/Llama,MATH/Gemma,60602,110,0,False,False,False,False,False,baseline,,mathstral,never,NOT_ROUTED
60602,5,mathstral,never,2,0,0,MATH/Llama,MATH/Gemma,60602,110,1,False,False,False,False,False,baseline,,mathstral,never,NOT_ROUTED
60602,5,mathstral,never,2,0,0,MATH/Llama,MATH/Gemma,60602,110,2,False,False,False,False,False,baseline,,mathstral,never,NOT_ROUTED
60602,5,mathstral,never,2,0,0,MATH/Llama,MATH/Gemma,60602,110,3,False,False,False,False,False,baseline,,mathstral,never,NOT_ROUTED
60602,5,mathstral,never,2,0,0,MATH/Llama,MATH/Gemma,60602,110,4,False,False,False,False,False,baseline,,mathstral,never,NOT_ROUTED
60602,5,mathstral,never,2,0,0,MATH/Llama,MATH/Gemma,60602,110,5,False,False,False,False,False,baseline,,mathstral,never,NOT_ROUTED
60602,5,mathstral,never,2,0,0,MATH/Llama,MATH/Gemma,60602,110,6,False,False,False,False,False,baseline,,mathstral,never,NOT_ROUTED
60602,5,mathstral,never,2,0,0,MATH/Llama,MATH/Gemma,60602,110,7,False,False,False,False,False,baseline,,mathstral,never,NOT_ROUTED
60602,5,mathstral,never,2,0,0,MATH/Llama,MATH/Gemma,60602,111,0,True,True,True,False,False,baseline,,mathstral,never,NOT_ROUTED
60602,5,mathstral,never,2,0,0,MATH/Llama,MATH/Gemma,60602,111,1,True,True,True,False,False,baseline,,mathstral,never,NOT_ROUTED
60602,5,mathstral,never,2,0,0,MATH/Llama,MATH/Gemma,60602,111,2,True,True,True,False,False,baseline,,mathstral,never,NOT_ROUTED
60602,5,mathstral,never,2,0,0,MATH/Llama,MATH/Gemma,60602,111,3,True,True,True,False,False,baseline,,mathstral,never,NOT_ROUTED
60602,5,mathstral,never,2,0,0,MATH/Llama,MATH/Gemma,60602,111,4,True,True,True,False,False,baseline,,mathstral,never,NOT_ROUTED
60602,5,mathstral,never,2,0,0,MATH/Llama,MATH/Gemma,60602,111,5,True,True,True,False,False,baseline,,mathstral,never,NOT_ROUTED
60602,5,mathstral,never,2,0,0,MATH/Llama,MATH/Gemma,60602,111,6,True,True,True,False,False,baseline,,mathstral,never,NOT_ROUTED
60602,5,mathstral,never,2,0,0,MATH/Llama,MATH/Gemma,60602,111,7,True,True,True,False,False,baseline,,mathstral,never,NOT_ROUTED
60602,5,mathstral,never,2,0,0,MATH/Llama,MATH/Gemma,60602,114,0,False,False,False,False,False,baseline,,mathstral,never,NOT_ROUTED
60602,5,mathstral,never,2,0,0,MATH/Llama,MATH/Gemma,60602,114,1,False,False,False,False,False,baseline,,mathstral,never,NOT_ROUTED
60602,5,mathstral,never,2,0,0,MATH/Llama,MATH/Gemma,60602,114,2,False,False,False,False,False,baseline,,mathstral,never,NOT_ROUTED
60602,5,mathstral,never,2,0,0,MATH/Llama,MATH/Gemma,60602,114,3,False,False,False,False,False,baseline,,mathstral,never,NOT_ROUTED
60602,5,mathstral,never,2,0,0,MATH/Llama,MATH/Gemma,60602,114,4,False,False,False,False,False,baseline,,mathstral,never,NOT_ROUTED
60602,5,mathstral,never,2,0,0,MATH/Llama,MATH/Gemma,60602,114,5,False,False,False,False,False,baseline,,mathstral,never,NOT_ROUTED
60602,5,mathstral,never,2,0,0,MATH/Llama,MATH/Gemma,60602,114,6,False,False,False,False,False,baseline,,mathstral,never,NOT_ROUTED
60602,5,mathstral,never,2,0,0,MATH/Llama,MATH/Gemma,60602,114,7,False,False,False,False,False,baseline,,mathstral,never,NOT_ROUTED
60602,5,mathstral,never,2,0,0,MATH/Llama,MATH/Gemma,60602,117,0,False,False,False,False,False,baseline,,mathstral,never,NOT_ROUTED
60602,5,mathstral,never,2,0,0,MATH/Llama,MATH/Gemma,60602,117,1,False,False,False,False,False,baseline,,mathstral,never,NOT_ROUTED
60602,5,mathstral,never,2,0,0,MATH/Llama,MATH/Gemma,60602,117,2,False,False,False,False,False,baseline,,mathstral,never,NOT_ROUTED
60602,5,mathstral,never,2,0,0,MATH/Llama,MATH/Gemma,60602,117,3,False,False,False,False,False,baseline,,mathstral,never,NOT_ROUTED
60602,5,mathstral,never,2,0,0,MATH/Llama,MATH/Gemma,60602,117,4,False,False,False,False,False,baseline,,mathstral,never,NOT_ROUTED
60602,5,mathstral,never,2,0,0,MATH/Llama,MATH/Gemma,60602,117,5,False,False,False,False,False,baseline,,mathstral,never,NOT_ROUTED
60602,5,mathstral,never,2,0,0,MATH/Llama,MATH/Gemma,60602,117,6,False,False,False,False,False,baseline,,mathstral,never,NOT_ROUTED
60602,5,mathstral,never,2,0,0,MATH/Llama,MATH/Gemma,60602,117,7,False,False,False,False,False,baseline,,mathstral,never,NOT_ROUTED
60602,5,mathstral,never,2,0,0,MATH/Llama,MATH/Gemma,60602,119,0,False,False,False,False,False,baseline,,mathstral,never,NOT_ROUTED
60602,5,mathstral,never,2,0,0,MATH/Llama,MATH/Gemma,60602,119,1,False,False,False,False,False,baseline,,mathstral,never,NOT_ROUTED
60602,5,mathstral,never,2,0,0,MATH/Llama,MATH/Gemma,60602,119,2,False,False,False,False,False,baseline,,mathstral,never,NOT_ROUTED
60602,5,mathstral,never,2,0,0,MATH/Llama,MATH/Gemma,60602,119,3,False,False,False,False,False,baseline,,mathstral,never,NOT_ROUTED
60602,5,mathstral,never,2,0,0,MATH/Llama,MATH/Gemma,60602,119,4,False,False,False,False,False,baseline,,mathstral,never,NOT_ROUTED
60602,5,mathstral,never,2,0,0,MATH/Llama,MATH/Gemma,60602,119,5,False,False,False,False,False,baseline,,mathstral,never,NOT_ROUTED
60602,5,mathstral,never,2,0,0,MATH/Llama,MATH/Gemma,60602,119,6,False,False,False,False,False,baseline,,mathstral,never,NOT_ROUTED
60602,5,mathstral,never,2,0,0,MATH/Llama,MATH/Gemma,60602,119,7,False,False,False,False,False,baseline,,mathstral,never,NOT_ROUTED
60602,5,mathstral,never,2,0,0,MATH/Llama,MATH/Gemma,60602,120,0,False,False,False,False,False,baseline,,mathstral,never,NOT_ROUTED
60602,5,mathstral,never,2,0,0,MATH/Llama,MATH/Gemma,60602,120,1,False,False,False,False,False,baseline,,mathstral,never,NOT_ROUTED
60602,5,mathstral,never,2,0,0,MATH/Llama,MATH/Gemma,60602,120,2,False,False,False,False,False,baseline,,mathstral,never,NOT_ROUTED
60602,5,mathstral,never,2,0,0,MATH/Llama,MATH/Gemma,60602,120,3,False,False,False,False,False,baseline,,mathstral,never,NOT_ROUTED
60602,5,mathstral,never,2,0,0,MATH/Llama,MATH/Gemma,60602,120,4,False,False,False,False,False,baseline,,mathstral,never,NOT_ROUTED
60602,5,mathstral,never,2,0,0,MATH/Llama,MATH/Gemma,60602,120,5,False,False,False,False,False,baseline,,mathstral,never,NOT_ROUTED
60602,5,mathstral,never,2,0,0,MATH/Llama,MATH/Gemma,60602,120,6,False,False,False,False,False,baseline,,mathstral,never,NOT_ROUTED
60602,5,mathstral,never,2,0,0,MATH/Llama,MATH/Gemma,60602,120,7,False,False,False,False,False,baseline,,mathstral,never,NOT_ROUTED
60602,5,mathstral,never,2,0,0,MATH/Llama,MATH/Gemma,60602,121,0,False,False,False,False,False,baseline,,mathstral,never,NOT_ROUTED
60602,5,mathstral,never,2,0,0,MATH/Llama,MATH/Gemma,60602,121,1,False,False,False,False,False,baseline,,mathstral,never,NOT_ROUTED
60602,5,mathstral,never,2,0,0,MATH/Llama,MATH/Gemma,60602,121,2,False,False,False,False,False,baseline,,mathstral,never,NOT_ROUTED
60602,5,mathstral,never,2,0,0,MATH/Llama,MATH/Gemma,60602,121,3,False,False,False,False,False,baseline,,mathstral,never,NOT_ROUTED
60602,5,mathstral,never,2,0,0,MATH/Llama,MATH/Gemma,60602,121,4,False,False,False,False,False,baseline,,mathstral,never,NOT_ROUTED
60602,5,mathstral,never,2,0,0,MATH/Llama,MATH/Gemma,60602,121,5,False,False,False,True,False,union_rank_top3,pairwise_router_v123_llama_with_gemma_budget0_all_0005_neither_correct_s60602_p121_t5,mathstral,never,NEITHER
60602,5,mathstral,never,2,0,0,MATH/Llama,MATH/Gemma,60602,121,6,False,False,False,False,False,baseline,,mathstral,never,NOT_ROUTED
60602,5,mathstral,never,2,0,0,MATH/Llama,MATH/Gemma,60602,121,7,False,False,False,False,False,baseline,,mathstral,never,NOT_ROUTED
60602,5,mathstral,never,2,0,0,MATH/Llama,MATH/Gemma,60602,122,0,False,False,False,False,False,baseline,,mathstral,never,NOT_ROUTED
60602,5,mathstral,never,2,0,0,MATH/Llama,MATH/Gemma,60602,122,1,False,False,False,False,False,baseline,,mathstral,never,NOT_ROUTED
60602,5,mathstral,never,2,0,0,MATH/Llama,MATH/Gemma,60602,122,2,False,False,False,False,False,baseline,,mathstral,never,NOT_ROUTED
60602,5,mathstral,never,2,0,0,MATH/Llama,MATH/Gemma,60602,122,3,False,False,False,False,False,baseline,,mathstral,never,NOT_ROUTED
60602,5,mathstral,never,2,0,0,MATH/Llama,MATH/Gemma,60602,122,4,False,False,False,False,False,baseline,,mathstral,never,NOT_ROUTED
60602,5,mathstral,never,2,0,0,MATH/Llama,MATH/Gemma,60602,122,5,False,False,False,False,False,baseline,,mathstral,never,NOT_ROUTED
60602,5,mathstral,never,2,0,0,MATH/Llama,MATH/Gemma,60602,122,6,False,False,False,False,False,baseline,,mathstral,never,NOT_ROUTED
60602,5,mathstral,never,2,0,0,MATH/Llama,MATH/Gemma,60602,122,7,False,False,False,False,False,baseline,,mathstral,never,NOT_ROUTED
60602,5,mathstral,never,2,0,0,MATH/Llama,MATH/Gemma,60602,123,0,False,False,False,False,False,baseline,,mathstral,never,NOT_ROUTED
60602,5,mathstral,never,2,0,0,MATH/Llama,MATH/Gemma,60602,123,1,False,False,False,False,False,baseline,,mathstral,never,NOT_ROUTED
60602,5,mathstral,never,2,0,0,MATH/Llama,MATH/Gemma,60602,123,2,False,False,False,False,False,baseline,,mathstral,never,NOT_ROUTED
60602,5,mathstral,never,2,0,0,MATH/Llama,MATH/Gemma,60602,123,3,False,False,False,False,False,baseline,,mathstral,never,NOT_ROUTED
60602,5,mathstral,never,2,0,0,MATH/Llama,MATH/Gemma,60602,123,4,False,False,False,False,False,baseline,,mathstral,never,NOT_ROUTED
60602,5,mathstral,never,2,0,0,MATH/Llama,MATH/Gemma,60602,123,5,False,False,False,False,False,baseline,,mathstral,never,NOT_ROUTED
60602,5,mathstral,never,2,0,0,MATH/Llama,MATH/Gemma,60602,123,6,False,False,False,True,False,target_intersection_top20,pairwise_router_v123_llama_with_gemma_budget0_all_0006_neither_correct_s60602_p123_t6,mathstral,never,NEITHER
60602,5,mathstral,never,2,0,0,MATH/Llama,MATH/Gemma,60602,123,7,False,False,False,False,False,baseline,,mathstral,never,NOT_ROUTED
60602,5,mathstral,never,2,0,0,MATH/Llama,MATH/Gemma,60602,124,0,False,False,False,False,False,baseline,,mathstral,never,NOT_ROUTED
60602,5,mathstral,never,2,0,0,MATH/Llama,MATH/Gemma,60602,124,1,False,False,False,False,False,baseline,,mathstral,never,NOT_ROUTED
60602,5,mathstral,never,2,0,0,MATH/Llama,MATH/Gemma,60602,124,2,False,False,False,False,False,baseline,,mathstral,never,NOT_ROUTED
60602,5,mathstral,never,2,0,0,MATH/Llama,MATH/Gemma,60602,124,3,False,False,False,False,False,baseline,,mathstral,never,NOT_ROUTED
60602,5,mathstral,never,2,0,0,MATH/Llama,MATH/Gemma,60602,124,4,False,False,False,False,False,baseline,,mathstral,never,NOT_ROUTED
60602,5,mathstral,never,2,0,0,MATH/Llama,MATH/Gemma,60602,124,5,False,False,False,False,False,baseline,,mathstral,never,NOT_ROUTED
60602,5,mathstral,never,2,0,0,MATH/Llama,MATH/Gemma,60602,124,6,False,False,False,False,False,baseline,,mathstral,never,NOT_ROUTED
60602,5,mathstral,never,2,0,0,MATH/Llama,MATH/Gemma,60602,124,7,False,False,False,False,False,baseline,,mathstral,never,NOT_ROUTED
60602,5,mathstral,never,2,0,0,MATH/Llama,MATH/Gemma,60602,125,0,False,False,False,False,False,baseline,,mathstral,never,NOT_ROUTED
60602,5,mathstral,never,2,0,0,MATH/Llama,MATH/Gemma,60602,125,1,False,False,False,False,False,baseline,,mathstral,never,NOT_ROUTED
60602,5,mathstral,never,2,0,0,MATH/Llama,MATH/Gemma,60602,125,2,False,False,False,False,False,baseline,,mathstral,never,NOT_ROUTED
60602,5,mathstral,never,2,0,0,MATH/Llama,MATH/Gemma,60602,125,3,False,False,False,False,False,baseline,,mathstral,never,NOT_ROUTED
60602,5,mathstral,never,2,0,0,MATH/Llama,MATH/Gemma,60602,125,4,False,False,False,False,False,baseline,,mathstral,never,NOT_ROUTED
60602,5,mathstral,never,2,0,0,MATH/Llama,MATH/Gemma,60602,125,5,False,False,False,False,False,baseline,,mathstral,never,NOT_ROUTED
60602,5,mathstral,never,2,0,0,MATH/Llama,MATH/Gemma,60602,125,6,False,False,False,False,False,baseline,,mathstral,never,NOT_ROUTED
60602,5,mathstral,never,2,0,0,MATH/Llama,MATH/Gemma,60602,125,7,False,False,False,False,False,baseline,,mathstral,never,NOT_ROUTED
60602,5,mathstral,never,2,0,0,MATH/Llama,MATH/Gemma,60602,126,0,False,False,False,False,False,baseline,,mathstral,never,NOT_ROUTED
60602,5,mathstral,never,2,0,0,MATH/Llama,MATH/Gemma,60602,126,1,False,False,False,False,False,baseline,,mathstral,never,NOT_ROUTED
60602,5,mathstral,never,2,0,0,MATH/Llama,MATH/Gemma,60602,126,2,False,False,False,False,False,baseline,,mathstral,never,NOT_ROUTED
60602,5,mathstral,never,2,0,0,MATH/Llama,MATH/Gemma,60602,126,3,False,False,False,False,False,baseline,,mathstral,never,NOT_ROUTED
60602,5,mathstral,never,2,0,0,MATH/Llama,MATH/Gemma,60602,126,4,False,False,False,False,False,baseline,,mathstral,never,NOT_ROUTED
60602,5,mathstral,never,2,0,0,MATH/Llama,MATH/Gemma,60602,126,5,False,False,False,False,False,baseline,,mathstral,never,NOT_ROUTED
60602,5,mathstral,never,2,0,0,MATH/Llama,MATH/Gemma,60602,126,6,False,False,False,False,False,baseline,,mathstral,never,NOT_ROUTED
60602,5,mathstral,never,2,0,0,MATH/Llama,MATH/Gemma,60602,126,7,False,False,False,False,False,baseline,,mathstral,never,NOT_ROUTED
60602,5,mathstral,never,2,0,0,MATH/Llama,MATH/Gemma,60602,127,0,False,False,False,False,False,baseline,,mathstral,never,NOT_ROUTED
60602,5,mathstral,never,2,0,0,MATH/Llama,MATH/Gemma,60602,127,1,False,False,False,False,False,baseline,,mathstral,never,NOT_ROUTED
60602,5,mathstral,never,2,0,0,MATH/Llama,MATH/Gemma,60602,127,2,False,False,False,False,False,baseline,,mathstral,never,NOT_ROUTED
60602,5,mathstral,never,2,0,0,MATH/Llama,MATH/Gemma,60602,127,3,False,False,False,False,False,baseline,,mathstral,never,NOT_ROUTED
60602,5,mathstral,never,2,0,0,MATH/Llama,MATH/Gemma,60602,127,4,True,True,True,False,False,baseline,,mathstral,never,NOT_ROUTED
60602,5,mathstral,never,2,0,0,MATH/Llama,MATH/Gemma,60602,127,5,False,False,False,False,False,baseline,,mathstral,never,NOT_ROUTED
60602,5,mathstral,never,2,0,0,MATH/Llama,MATH/Gemma,60602,127,6,True,True,True,False,False,baseline,,mathstral,never,NOT_ROUTED
60602,5,mathstral,never,2,0,0,MATH/Llama,MATH/Gemma,60602,127,7,False,False,False,False,False,baseline,,mathstral,never,NOT_ROUTED
60603,0,mathstral,never,4,0,0,MATH/Llama,MATH/Gemma,60603,1,0,False,False,False,False,False,baseline,,mathstral,never,NOT_ROUTED
60603,0,mathstral,never,4,0,0,MATH/Llama,MATH/Gemma,60603,1,1,False,False,False,False,False,baseline,,mathstral,never,NOT_ROUTED
60603,0,mathstral,never,4,0,0,MATH/Llama,MATH/Gemma,60603,1,2,False,False,False,False,False,baseline,,mathstral,never,NOT_ROUTED
60603,0,mathstral,never,4,0,0,MATH/Llama,MATH/Gemma,60603,1,3,False,False,False,False,False,baseline,,mathstral,never,NOT_ROUTED
60603,0,mathstral,never,4,0,0,MATH/Llama,MATH/Gemma,60603,1,4,False,False,False,False,False,baseline,,mathstral,never,NOT_ROUTED
60603,0,mathstral,never,4,0,0,MATH/Llama,MATH/Gemma,60603,1,5,False,False,False,False,False,baseline,,mathstral,never,NOT_ROUTED
60603,0,mathstral,never,4,0,0,MATH/Llama,MATH/Gemma,60603,1,6,False,False,False,False,False,baseline,,mathstral,never,NOT_ROUTED
60603,0,mathstral,never,4,0,0,MATH/Llama,MATH/Gemma,60603,1,7,False,False,False,False,False,baseline,,mathstral,never,NOT_ROUTED
60603,0,mathstral,never,4,0,0,MATH/Llama,MATH/Gemma,60603,2,0,True,True,True,False,False,baseline,,mathstral,never,NOT_ROUTED
60603,0,mathstral,never,4,0,0,MATH/Llama,MATH/Gemma,60603,2,1,True,True,True,False,False,baseline,,mathstral,never,NOT_ROUTED
60603,0,mathstral,never,4,0,0,MATH/Llama,MATH/Gemma,60603,2,2,True,True,True,False,False,baseline,,mathstral,never,NOT_ROUTED
60603,0,mathstral,never,4,0,0,MATH/Llama,MATH/Gemma,60603,2,3,True,True,True,False,False,baseline,,mathstral,never,NOT_ROUTED
60603,0,mathstral,never,4,0,0,MATH/Llama,MATH/Gemma,60603,2,4,True,True,True,False,False,baseline,,mathstral,never,NOT_ROUTED
60603,0,mathstral,never,4,0,0,MATH/Llama,MATH/Gemma,60603,2,5,True,True,True,False,False,baseline,,mathstral,never,NOT_ROUTED
60603,0,mathstral,never,4,0,0,MATH/Llama,MATH/Gemma,60603,2,6,True,True,True,False,False,baseline,,mathstral,never,NOT_ROUTED
60603,0,mathstral,never,4,0,0,MATH/Llama,MATH/Gemma,60603,2,7,True,True,True,False,False,baseline,,mathstral,never,NOT_ROUTED
60603,0,mathstral,never,4,0,0,MATH/Llama,MATH/Gemma,60603,3,0,True,True,True,False,False,baseline,,mathstral,never,NOT_ROUTED
60603,0,mathstral,never,4,0,0,MATH/Llama,MATH/Gemma,60603,3,1,True,True,True,False,False,baseline,,mathstral,never,NOT_ROUTED
60603,0,mathstral,never,4,0,0,MATH/Llama,MATH/Gemma,60603,3,2,True,True,True,False,False,baseline,,mathstral,never,NOT_ROUTED
60603,0,mathstral,never,4,0,0,MATH/Llama,MATH/Gemma,60603,3,3,True,True,True,False,False,baseline,,mathstral,never,NOT_ROUTED
60603,0,mathstral,never,4,0,0,MATH/Llama,MATH/Gemma,60603,3,4,True,True,True,False,False,baseline,,mathstral,never,NOT_ROUTED
60603,0,mathstral,never,4,0,0,MATH/Llama,MATH/Gemma,60603,3,5,True,True,True,False,False,baseline,,mathstral,never,NOT_ROUTED
60603,0,mathstral,never,4,0,0,MATH/Llama,MATH/Gemma,60603,3,6,True,True,True,False,False,baseline,,mathstral,never,NOT_ROUTED
60603,0,mathstral,never,4,0,0,MATH/Llama,MATH/Gemma,60603,3,7,True,True,True,False,False,baseline,,mathstral,never,NOT_ROUTED
60603,0,mathstral,never,4,0,0,MATH/Llama,MATH/Gemma,60603,7,0,True,True,True,False,False,baseline,,mathstral,never,NOT_ROUTED
60603,0,mathstral,never,4,0,0,MATH/Llama,MATH/Gemma,60603,7,1,True,True,True,False,False,baseline,,mathstral,never,NOT_ROUTED
60603,0,mathstral,never,4,0,0,MATH/Llama,MATH/Gemma,60603,7,2,True,True,True,False,False,baseline,,mathstral,never,NOT_ROUTED
60603,0,mathstral,never,4,0,0,MATH/Llama,MATH/Gemma,60603,7,3,True,True,True,False,False,baseline,,mathstral,never,NOT_ROUTED
60603,0,mathstral,never,4,0,0,MATH/Llama,MATH/Gemma,60603,7,4,True,True,True,False,False,baseline,,mathstral,never,NOT_ROUTED
60603,0,mathstral,never,4,0,0,MATH/Llama,MATH/Gemma,60603,7,5,True,True,True,False,False,baseline,,mathstral,never,NOT_ROUTED
60603,0,mathstral,never,4,0,0,MATH/Llama,MATH/Gemma,60603,7,6,True,True,True,False,False,baseline,,mathstral,never,NOT_ROUTED
60603,0,mathstral,never,4,0,0,MATH/Llama,MATH/Gemma,60603,7,7,True,True,True,False,False,baseline,,mathstral,never,NOT_ROUTED
60603,0,mathstral,never,4,0,0,MATH/Llama,MATH/Gemma,60603,8,0,True,True,True,False,False,baseline,,mathstral,never,NOT_ROUTED
60603,0,mathstral,never,4,0,0,MATH/Llama,MATH/Gemma,60603,8,1,True,True,True,False,False,baseline,,mathstral,never,NOT_ROUTED
60603,0,mathstral,never,4,0,0,MATH/Llama,MATH/Gemma,60603,8,2,True,True,True,False,False,baseline,,mathstral,never,NOT_ROUTED
60603,0,mathstral,never,4,0,0,MATH/Llama,MATH/Gemma,60603,8,3,True,True,True,False,False,baseline,,mathstral,never,NOT_ROUTED
60603,0,mathstral,never,4,0,0,MATH/Llama,MATH/Gemma,60603,8,4,True,True,True,False,False,baseline,,mathstral,never,NOT_ROUTED
60603,0,mathstral,never,4,0,0,MATH/Llama,MATH/Gemma,60603,8,5,True,True,True,False,False,baseline,,mathstral,never,NOT_ROUTED
60603,0,mathstral,never,4,0,0,MATH/Llama,MATH/Gemma,60603,8,6,True,True,True,False,False,baseline,,mathstral,never,NOT_ROUTED
60603,0,mathstral,never,4,0,0,MATH/Llama,MATH/Gemma,60603,8,7,True,True,True,False,False,baseline,,mathstral,never,NOT_ROUTED
60603,0,mathstral,never,4,0,0,MATH/Llama,MATH/Gemma,60603,9,0,False,False,False,False,False,baseline,,mathstral,never,NOT_ROUTED
60603,0,mathstral,never,4,0,0,MATH/Llama,MATH/Gemma,60603,9,1,True,True,True,False,False,baseline,,mathstral,never,NOT_ROUTED
60603,0,mathstral,never,4,0,0,MATH/Llama,MATH/Gemma,60603,9,2,False,False,False,False,False,baseline,,mathstral,never,NOT_ROUTED
60603,0,mathstral,never,4,0,0,MATH/Llama,MATH/Gemma,60603,9,3,True,True,True,False,False,baseline,,mathstral,never,NOT_ROUTED
60603,0,mathstral,never,4,0,0,MATH/Llama,MATH/Gemma,60603,9,4,True,True,True,False,False,baseline,,mathstral,never,NOT_ROUTED
60603,0,mathstral,never,4,0,0,MATH/Llama,MATH/Gemma,60603,9,5,True,True,True,False,False,baseline,,mathstral,never,NOT_ROUTED
60603,0,mathstral,never,4,0,0,MATH/Llama,MATH/Gemma,60603,9,6,False,False,False,False,False,baseline,,mathstral,never,NOT_ROUTED
60603,0,mathstral,never,4,0,0,MATH/Llama,MATH/Gemma,60603,9,7,True,True,True,False,False,baseline,,mathstral,never,NOT_ROUTED
60603,0,mathstral,never,4,0,0,MATH/Llama,MATH/Gemma,60603,10,0,True,True,True,False,False,baseline,,mathstral,never,NOT_ROUTED
60603,0,mathstral,never,4,0,0,MATH/Llama,MATH/Gemma,60603,10,1,True,True,True,False,False,baseline,,mathstral,never,NOT_ROUTED
60603,0,mathstral,never,4,0,0,MATH/Llama,MATH/Gemma,60603,10,2,True,True,True,False,False,baseline,,mathstral,never,NOT_ROUTED
60603,0,mathstral,never,4,0,0,MATH/Llama,MATH/Gemma,60603,10,3,True,True,True,False,False,baseline,,mathstral,never,NOT_ROUTED
60603,0,mathstral,never,4,0,0,MATH/Llama,MATH/Gemma,60603,10,4,True,True,True,False,False,baseline,,mathstral,never,NOT_ROUTED
60603,0,mathstral,never,4,0,0,MATH/Llama,MATH/Gemma,60603,10,5,True,True,True,False,False,baseline,,mathstral,never,NOT_ROUTED
60603,0,mathstral,never,4,0,0,MATH/Llama,MATH/Gemma,60603,10,6,True,True,True,False,False,baseline,,mathstral,never,NOT_ROUTED
60603,0,mathstral,never,4,0,0,MATH/Llama,MATH/Gemma,60603,10,7,True,True,True,False,False,baseline,,mathstral,never,NOT_ROUTED
60603,0,mathstral,never,4,0,0,MATH/Llama,MATH/Gemma,60603,14,0,False,False,False,False,False,baseline,,mathstral,never,NOT_ROUTED
60603,0,mathstral,never,4,0,0,MATH/Llama,MATH/Gemma,60603,14,1,False,False,False,False,False,baseline,,mathstral,never,NOT_ROUTED
60603,0,mathstral,never,4,0,0,MATH/Llama,MATH/Gemma,60603,14,2,False,False,False,False,False,baseline,,mathstral,never,NOT_ROUTED
60603,0,mathstral,never,4,0,0,MATH/Llama,MATH/Gemma,60603,14,3,False,False,False,False,False,baseline,,mathstral,never,NOT_ROUTED
60603,0,mathstral,never,4,0,0,MATH/Llama,MATH/Gemma,60603,14,4,False,False,False,False,False,baseline,,mathstral,never,NOT_ROUTED
60603,0,mathstral,never,4,0,0,MATH/Llama,MATH/Gemma,60603,14,5,False,False,False,False,False,baseline,,mathstral,never,NOT_ROUTED
60603,0,mathstral,never,4,0,0,MATH/Llama,MATH/Gemma,60603,14,6,False,False,False,False,False,baseline,,mathstral,never,NOT_ROUTED
60603,0,mathstral,never,4,0,0,MATH/Llama,MATH/Gemma,60603,14,7,False,False,False,False,False,baseline,,mathstral,never,NOT_ROUTED
60603,0,mathstral,never,4,0,0,MATH/Llama,MATH/Gemma,60603,15,0,False,False,False,False,False,baseline,,mathstral,never,NOT_ROUTED
60603,0,mathstral,never,4,0,0,MATH/Llama,MATH/Gemma,60603,15,1,False,False,False,False,False,baseline,,mathstral,never,NOT_ROUTED
60603,0,mathstral,never,4,0,0,MATH/Llama,MATH/Gemma,60603,15,2,False,False,False,False,False,baseline,,mathstral,never,NOT_ROUTED
60603,0,mathstral,never,4,0,0,MATH/Llama,MATH/Gemma,60603,15,3,False,False,False,False,False,baseline,,mathstral,never,NOT_ROUTED
60603,0,mathstral,never,4,0,0,MATH/Llama,MATH/Gemma,60603,15,4,False,False,False,False,False,baseline,,mathstral,never,NOT_ROUTED
60603,0,mathstral,never,4,0,0,MATH/Llama,MATH/Gemma,60603,15,5,False,False,False,False,False,baseline,,mathstral,never,NOT_ROUTED
60603,0,mathstral,never,4,0,0,MATH/Llama,MATH/Gemma,60603,15,6,False,False,False,False,False,baseline,,mathstral,never,NOT_ROUTED
60603,0,mathstral,never,4,0,0,MATH/Llama,MATH/Gemma,60603,15,7,False,False,False,False,False,baseline,,mathstral,never,NOT_ROUTED
60603,0,mathstral,never,4,0,0,MATH/Llama,MATH/Gemma,60603,16,0,False,False,False,False,False,baseline,,mathstral,never,NOT_ROUTED
60603,0,mathstral,never,4,0,0,MATH/Llama,MATH/Gemma,60603,16,1,False,False,False,False,False,baseline,,mathstral,never,NOT_ROUTED
60603,0,mathstral,never,4,0,0,MATH/Llama,MATH/Gemma,60603,16,2,False,False,False,False,False,baseline,,mathstral,never,NOT_ROUTED
60603,0,mathstral,never,4,0,0,MATH/Llama,MATH/Gemma,60603,16,3,False,False,False,False,False,baseline,,mathstral,never,NOT_ROUTED
60603,0,mathstral,never,4,0,0,MATH/Llama,MATH/Gemma,60603,16,4,False,False,False,False,False,baseline,,mathstral,never,NOT_ROUTED
60603,0,mathstral,never,4,0,0,MATH/Llama,MATH/Gemma,60603,16,5,False,False,False,False,False,baseline,,mathstral,never,NOT_ROUTED
60603,0,mathstral,never,4,0,0,MATH/Llama,MATH/Gemma,60603,16,6,False,False,False,False,False,baseline,,mathstral,never,NOT_ROUTED
60603,0,mathstral,never,4,0,0,MATH/Llama,MATH/Gemma,60603,16,7,False,False,False,False,False,baseline,,mathstral,never,NOT_ROUTED
60603,0,mathstral,never,4,0,0,MATH/Llama,MATH/Gemma,60603,18,0,False,False,False,False,False,baseline,,mathstral,never,NOT_ROUTED
60603,0,mathstral,never,4,0,0,MATH/Llama,MATH/Gemma,60603,18,1,False,False,False,False,False,baseline,,mathstral,never,NOT_ROUTED
60603,0,mathstral,never,4,0,0,MATH/Llama,MATH/Gemma,60603,18,2,False,False,False,False,False,baseline,,mathstral,never,NOT_ROUTED
60603,0,mathstral,never,4,0,0,MATH/Llama,MATH/Gemma,60603,18,3,False,False,False,False,False,baseline,,mathstral,never,NOT_ROUTED
60603,0,mathstral,never,4,0,0,MATH/Llama,MATH/Gemma,60603,18,4,False,False,False,False,False,baseline,,mathstral,never,NOT_ROUTED
60603,0,mathstral,never,4,0,0,MATH/Llama,MATH/Gemma,60603,18,5,False,False,False,False,False,baseline,,mathstral,never,NOT_ROUTED
60603,0,mathstral,never,4,0,0,MATH/Llama,MATH/Gemma,60603,18,6,False,False,False,False,False,baseline,,mathstral,never,NOT_ROUTED
60603,0,mathstral,never,4,0,0,MATH/Llama,MATH/Gemma,60603,18,7,False,False,False,False,False,baseline,,mathstral,never,NOT_ROUTED
60603,0,mathstral,never,4,0,0,MATH/Llama,MATH/Gemma,60603,19,0,True,True,True,False,False,baseline,,mathstral,never,NOT_ROUTED
60603,0,mathstral,never,4,0,0,MATH/Llama,MATH/Gemma,60603,19,1,True,True,True,False,False,baseline,,mathstral,never,NOT_ROUTED
60603,0,mathstral,never,4,0,0,MATH/Llama,MATH/Gemma,60603,19,2,True,True,True,False,False,baseline,,mathstral,never,NOT_ROUTED
60603,0,mathstral,never,4,0,0,MATH/Llama,MATH/Gemma,60603,19,3,True,True,True,False,False,baseline,,mathstral,never,NOT_ROUTED
60603,0,mathstral,never,4,0,0,MATH/Llama,MATH/Gemma,60603,19,4,True,False,True,True,False,target_intersection_top20,pairwise_router_v123_llama_with_gemma_budget0_all_0011_regression_s60603_p19_t4,mathstral,never,A
60603,0,mathstral,never,4,0,0,MATH/Llama,MATH/Gemma,60603,19,5,True,True,True,False,False,baseline,,mathstral,never,NOT_ROUTED
60603,0,mathstral,never,4,0,0,MATH/Llama,MATH/Gemma,60603,19,6,True,True,True,False,False,baseline,,mathstral,never,NOT_ROUTED
60603,0,mathstral,never,4,0,0,MATH/Llama,MATH/Gemma,60603,19,7,True,True,True,False,False,baseline,,mathstral,never,NOT_ROUTED
60603,0,mathstral,never,4,0,0,MATH/Llama,MATH/Gemma,60603,25,0,True,True,True,False,False,baseline,,mathstral,never,NOT_ROUTED
60603,0,mathstral,never,4,0,0,MATH/Llama,MATH/Gemma,60603,25,1,True,True,True,False,False,baseline,,mathstral,never,NOT_ROUTED
60603,0,mathstral,never,4,0,0,MATH/Llama,MATH/Gemma,60603,25,2,True,True,True,False,False,baseline,,mathstral,never,NOT_ROUTED
60603,0,mathstral,never,4,0,0,MATH/Llama,MATH/Gemma,60603,25,3,True,True,True,False,False,baseline,,mathstral,never,NOT_ROUTED
60603,0,mathstral,never,4,0,0,MATH/Llama,MATH/Gemma,60603,25,4,True,True,True,False,False,baseline,,mathstral,never,NOT_ROUTED
60603,0,mathstral,never,4,0,0,MATH/Llama,MATH/Gemma,60603,25,5,True,True,True,False,False,baseline,,mathstral,never,NOT_ROUTED
60603,0,mathstral,never,4,0,0,MATH/Llama,MATH/Gemma,60603,25,6,True,True,True,False,False,baseline,,mathstral,never,NOT_ROUTED
60603,0,mathstral,never,4,0,0,MATH/Llama,MATH/Gemma,60603,25,7,True,True,True,False,False,baseline,,mathstral,never,NOT_ROUTED
60603,0,mathstral,never,4,0,0,MATH/Llama,MATH/Gemma,60603,28,0,False,False,False,False,False,baseline,,mathstral,never,NOT_ROUTED
60603,0,mathstral,never,4,0,0,MATH/Llama,MATH/Gemma,60603,28,1,False,False,False,False,False,baseline,,mathstral,never,NOT_ROUTED
60603,0,mathstral,never,4,0,0,MATH/Llama,MATH/Gemma,60603,28,2,False,False,False,False,False,baseline,,mathstral,never,NOT_ROUTED
60603,0,mathstral,never,4,0,0,MATH/Llama,MATH/Gemma,60603,28,3,False,False,False,False,False,baseline,,mathstral,never,NOT_ROUTED
60603,0,mathstral,never,4,0,0,MATH/Llama,MATH/Gemma,60603,28,4,False,False,False,False,False,baseline,,mathstral,never,NOT_ROUTED
60603,0,mathstral,never,4,0,0,MATH/Llama,MATH/Gemma,60603,28,5,False,False,False,False,False,baseline,,mathstral,never,NOT_ROUTED
60603,0,mathstral,never,4,0,0,MATH/Llama,MATH/Gemma,60603,28,6,False,False,False,False,False,baseline,,mathstral,never,NOT_ROUTED
60603,0,mathstral,never,4,0,0,MATH/Llama,MATH/Gemma,60603,28,7,False,False,False,False,False,baseline,,mathstral,never,NOT_ROUTED
60603,0,mathstral,never,4,0,0,MATH/Llama,MATH/Gemma,60603,29,0,True,True,True,False,False,baseline,,mathstral,never,NOT_ROUTED
60603,0,mathstral,never,4,0,0,MATH/Llama,MATH/Gemma,60603,29,1,True,True,True,False,False,baseline,,mathstral,never,NOT_ROUTED
60603,0,mathstral,never,4,0,0,MATH/Llama,MATH/Gemma,60603,29,2,True,True,True,False,False,baseline,,mathstral,never,NOT_ROUTED
60603,0,mathstral,never,4,0,0,MATH/Llama,MATH/Gemma,60603,29,3,True,True,True,False,False,baseline,,mathstral,never,NOT_ROUTED
60603,0,mathstral,never,4,0,0,MATH/Llama,MATH/Gemma,60603,29,4,True,True,True,False,False,baseline,,mathstral,never,NOT_ROUTED
60603,0,mathstral,never,4,0,0,MATH/Llama,MATH/Gemma,60603,29,5,True,True,True,False,False,baseline,,mathstral,never,NOT_ROUTED
60603,0,mathstral,never,4,0,0,MATH/Llama,MATH/Gemma,60603,29,6,True,True,True,False,False,baseline,,mathstral,never,NOT_ROUTED
60603,0,mathstral,never,4,0,0,MATH/Llama,MATH/Gemma,60603,29,7,True,True,True,False,False,baseline,,mathstral,never,NOT_ROUTED
60603,0,mathstral,never,4,0,0,MATH/Llama,MATH/Gemma,60603,30,0,True,True,True,False,False,baseline,,mathstral,never,NOT_ROUTED
60603,0,mathstral,never,4,0,0,MATH/Llama,MATH/Gemma,60603,30,1,True,True,True,False,False,baseline,,mathstral,never,NOT_ROUTED
60603,0,mathstral,never,4,0,0,MATH/Llama,MATH/Gemma,60603,30,2,True,True,True,False,False,baseline,,mathstral,never,NOT_ROUTED
60603,0,mathstral,never,4,0,0,MATH/Llama,MATH/Gemma,60603,30,3,True,True,True,False,False,baseline,,mathstral,never,NOT_ROUTED
60603,0,mathstral,never,4,0,0,MATH/Llama,MATH/Gemma,60603,30,4,True,True,True,False,False,baseline,,mathstral,never,NOT_ROUTED
60603,0,mathstral,never,4,0,0,MATH/Llama,MATH/Gemma,60603,30,5,True,True,True,False,False,baseline,,mathstral,never,NOT_ROUTED
60603,0,mathstral,never,4,0,0,MATH/Llama,MATH/Gemma,60603,30,6,True,True,True,False,False,baseline,,mathstral,never,NOT_ROUTED
60603,0,mathstral,never,4,0,0,MATH/Llama,MATH/Gemma,60603,30,7,True,True,True,False,False,baseline,,mathstral,never,NOT_ROUTED
60603,0,mathstral,never,4,0,0,MATH/Llama,MATH/Gemma,60603,32,0,True,True,True,False,False,baseline,,mathstral,never,NOT_ROUTED
60603,0,mathstral,never,4,0,0,MATH/Llama,MATH/Gemma,60603,32,1,True,True,True,False,False,baseline,,mathstral,never,NOT_ROUTED
60603,0,mathstral,never,4,0,0,MATH/Llama,MATH/Gemma,60603,32,2,True,True,True,False,False,baseline,,mathstral,never,NOT_ROUTED
60603,0,mathstral,never,4,0,0,MATH/Llama,MATH/Gemma,60603,32,3,True,True,True,False,False,baseline,,mathstral,never,NOT_ROUTED
60603,0,mathstral,never,4,0,0,MATH/Llama,MATH/Gemma,60603,32,4,True,True,True,False,False,baseline,,mathstral,never,NOT_ROUTED
60603,0,mathstral,never,4,0,0,MATH/Llama,MATH/Gemma,60603,32,5,True,True,True,False,False,baseline,,mathstral,never,NOT_ROUTED
60603,0,mathstral,never,4,0,0,MATH/Llama,MATH/Gemma,60603,32,6,True,True,True,False,False,baseline,,mathstral,never,NOT_ROUTED
60603,0,mathstral,never,4,0,0,MATH/Llama,MATH/Gemma,60603,32,7,True,True,True,False,False,baseline,,mathstral,never,NOT_ROUTED
60603,0,mathstral,never,4,0,0,MATH/Llama,MATH/Gemma,60603,35,0,True,True,True,False,False,baseline,,mathstral,never,NOT_ROUTED
60603,0,mathstral,never,4,0,0,MATH/Llama,MATH/Gemma,60603,35,1,True,True,True,False,False,baseline,,mathstral,never,NOT_ROUTED
60603,0,mathstral,never,4,0,0,MATH/Llama,MATH/Gemma,60603,35,2,True,True,True,False,False,baseline,,mathstral,never,NOT_ROUTED
60603,0,mathstral,never,4,0,0,MATH/Llama,MATH/Gemma,60603,35,3,True,True,True,False,False,baseline,,mathstral,never,NOT_ROUTED
60603,0,mathstral,never,4,0,0,MATH/Llama,MATH/Gemma,60603,35,4,True,True,True,False,False,baseline,,mathstral,never,NOT_ROUTED
60603,0,mathstral,never,4,0,0,MATH/Llama,MATH/Gemma,60603,35,5,True,True,True,False,False,baseline,,mathstral,never,NOT_ROUTED
60603,0,mathstral,never,4,0,0,MATH/Llama,MATH/Gemma,60603,35,6,True,True,True,False,False,baseline,,mathstral,never,NOT_ROUTED
60603,0,mathstral,never,4,0,0,MATH/Llama,MATH/Gemma,60603,35,7,True,True,True,False,False,baseline,,mathstral,never,NOT_ROUTED
60603,0,mathstral,never,4,0,0,MATH/Llama,MATH/Gemma,60603,39,0,True,True,True,False,False,baseline,,mathstral,never,NOT_ROUTED
60603,0,mathstral,never,4,0,0,MATH/Llama,MATH/Gemma,60603,39,1,True,True,True,False,False,baseline,,mathstral,never,NOT_ROUTED
60603,0,mathstral,never,4,0,0,MATH/Llama,MATH/Gemma,60603,39,2,True,True,True,False,False,baseline,,mathstral,never,NOT_ROUTED
60603,0,mathstral,never,4,0,0,MATH/Llama,MATH/Gemma,60603,39,3,True,True,True,False,False,baseline,,mathstral,never,NOT_ROUTED
60603,0,mathstral,never,4,0,0,MATH/Llama,MATH/Gemma,60603,39,4,True,True,True,False,False,baseline,,mathstral,never,NOT_ROUTED
60603,0,mathstral,never,4,0,0,MATH/Llama,MATH/Gemma,60603,39,5,True,True,True,False,False,baseline,,mathstral,never,NOT_ROUTED
60603,0,mathstral,never,4,0,0,MATH/Llama,MATH/Gemma,60603,39,6,True,True,True,False,False,baseline,,mathstral,never,NOT_ROUTED
60603,0,mathstral,never,4,0,0,MATH/Llama,MATH/Gemma,60603,39,7,True,True,True,False,False,baseline,,mathstral,never,NOT_ROUTED
60603,0,mathstral,never,4,0,0,MATH/Llama,MATH/Gemma,60603,41,0,False,False,False,False,False,baseline,,mathstral,never,NOT_ROUTED
60603,0,mathstral,never,4,0,0,MATH/Llama,MATH/Gemma,60603,41,1,False,False,False,False,False,baseline,,mathstral,never,NOT_ROUTED
60603,0,mathstral,never,4,0,0,MATH/Llama,MATH/Gemma,60603,41,2,False,False,False,False,False,baseline,,mathstral,never,NOT_ROUTED
60603,0,mathstral,never,4,0,0,MATH/Llama,MATH/Gemma,60603,41,3,False,False,False,False,False,baseline,,mathstral,never,NOT_ROUTED
60603,0,mathstral,never,4,0,0,MATH/Llama,MATH/Gemma,60603,41,4,False,False,False,False,False,baseline,,mathstral,never,NOT_ROUTED
60603,0,mathstral,never,4,0,0,MATH/Llama,MATH/Gemma,60603,41,5,False,False,False,False,False,baseline,,mathstral,never,NOT_ROUTED
60603,0,mathstral,never,4,0,0,MATH/Llama,MATH/Gemma,60603,41,6,False,False,False,False,False,baseline,,mathstral,never,NOT_ROUTED
60603,0,mathstral,never,4,0,0,MATH/Llama,MATH/Gemma,60603,41,7,False,False,False,False,False,baseline,,mathstral,never,NOT_ROUTED
60603,0,mathstral,never,4,0,0,MATH/Llama,MATH/Gemma,60603,42,0,False,False,False,False,False,baseline,,mathstral,never,NOT_ROUTED
60603,0,mathstral,never,4,0,0,MATH/Llama,MATH/Gemma,60603,42,1,False,False,False,False,False,baseline,,mathstral,never,NOT_ROUTED
60603,0,mathstral,never,4,0,0,MATH/Llama,MATH/Gemma,60603,42,2,False,False,False,False,False,baseline,,mathstral,never,NOT_ROUTED
60603,0,mathstral,never,4,0,0,MATH/Llama,MATH/Gemma,60603,42,3,False,False,False,False,False,baseline,,mathstral,never,NOT_ROUTED
60603,0,mathstral,never,4,0,0,MATH/Llama,MATH/Gemma,60603,42,4,False,False,False,False,False,baseline,,mathstral,never,NOT_ROUTED
60603,0,mathstral,never,4,0,0,MATH/Llama,MATH/Gemma,60603,42,5,False,False,False,False,False,baseline,,mathstral,never,NOT_ROUTED
60603,0,mathstral,never,4,0,0,MATH/Llama,MATH/Gemma,60603,42,6,False,False,False,False,False,baseline,,mathstral,never,NOT_ROUTED
60603,0,mathstral,never,4,0,0,MATH/Llama,MATH/Gemma,60603,42,7,False,False,False,True,False,target_intersection_top20,pairwise_router_v123_llama_with_gemma_budget0_all_0007_neither_correct_s60603_p42_t7,mathstral,never,NEITHER
60603,0,mathstral,never,4,0,0,MATH/Llama,MATH/Gemma,60603,43,0,True,True,True,False,False,baseline,,mathstral,never,NOT_ROUTED
60603,0,mathstral,never,4,0,0,MATH/Llama,MATH/Gemma,60603,43,1,True,True,True,False,False,baseline,,mathstral,never,NOT_ROUTED
60603,0,mathstral,never,4,0,0,MATH/Llama,MATH/Gemma,60603,43,2,True,True,True,False,False,baseline,,mathstral,never,NOT_ROUTED
60603,0,mathstral,never,4,0,0,MATH/Llama,MATH/Gemma,60603,43,3,True,True,True,False,False,baseline,,mathstral,never,NOT_ROUTED
60603,0,mathstral,never,4,0,0,MATH/Llama,MATH/Gemma,60603,43,4,True,True,True,False,False,baseline,,mathstral,never,NOT_ROUTED
60603,0,mathstral,never,4,0,0,MATH/Llama,MATH/Gemma,60603,43,5,True,True,True,False,False,baseline,,mathstral,never,NOT_ROUTED
60603,0,mathstral,never,4,0,0,MATH/Llama,MATH/Gemma,60603,43,6,True,True,True,False,False,baseline,,mathstral,never,NOT_ROUTED
60603,0,mathstral,never,4,0,0,MATH/Llama,MATH/Gemma,60603,43,7,True,True,True,False,False,baseline,,mathstral,never,NOT_ROUTED
60603,0,mathstral,never,4,0,0,MATH/Llama,MATH/Gemma,60603,47,0,False,False,False,False,False,baseline,,mathstral,never,NOT_ROUTED
60603,0,mathstral,never,4,0,0,MATH/Llama,MATH/Gemma,60603,47,1,True,True,True,False,False,baseline,,mathstral,never,NOT_ROUTED
60603,0,mathstral,never,4,0,0,MATH/Llama,MATH/Gemma,60603,47,2,True,True,True,False,False,baseline,,mathstral,never,NOT_ROUTED
60603,0,mathstral,never,4,0,0,MATH/Llama,MATH/Gemma,60603,47,3,False,True,False,True,False,union_rank_top3,pairwise_router_v123_llama_with_gemma_budget0_all_0010_recovery_s60603_p47_t3,mathstral,never,A
60603,0,mathstral,never,4,0,0,MATH/Llama,MATH/Gemma,60603,47,4,True,True,True,False,False,baseline,,mathstral,never,NOT_ROUTED
60603,0,mathstral,never,4,0,0,MATH/Llama,MATH/Gemma,60603,47,5,False,False,False,False,False,baseline,,mathstral,never,NOT_ROUTED
60603,0,mathstral,never,4,0,0,MATH/Llama,MATH/Gemma,60603,47,6,True,True,True,False,False,baseline,,mathstral,never,NOT_ROUTED
60603,0,mathstral,never,4,0,0,MATH/Llama,MATH/Gemma,60603,47,7,True,True,True,False,False,baseline,,mathstral,never,NOT_ROUTED
60603,0,mathstral,never,4,0,0,MATH/Llama,MATH/Gemma,60603,49,0,False,False,False,False,False,baseline,,mathstral,never,NOT_ROUTED
60603,0,mathstral,never,4,0,0,MATH/Llama,MATH/Gemma,60603,49,1,False,False,False,False,False,baseline,,mathstral,never,NOT_ROUTED
60603,0,mathstral,never,4,0,0,MATH/Llama,MATH/Gemma,60603,49,2,False,False,False,False,False,baseline,,mathstral,never,NOT_ROUTED
60603,0,mathstral,never,4,0,0,MATH/Llama,MATH/Gemma,60603,49,3,False,False,False,False,False,baseline,,mathstral,never,NOT_ROUTED
60603,0,mathstral,never,4,0,0,MATH/Llama,MATH/Gemma,60603,49,4,False,False,False,False,False,baseline,,mathstral,never,NOT_ROUTED
60603,0,mathstral,never,4,0,0,MATH/Llama,MATH/Gemma,60603,49,5,False,False,False,False,False,baseline,,mathstral,never,NOT_ROUTED
60603,0,mathstral,never,4,0,0,MATH/Llama,MATH/Gemma,60603,49,6,False,False,False,False,False,baseline,,mathstral,never,NOT_ROUTED
60603,0,mathstral,never,4,0,0,MATH/Llama,MATH/Gemma,60603,49,7,False,False,False,False,False,baseline,,mathstral,never,NOT_ROUTED
60603,0,mathstral,never,4,0,0,MATH/Llama,MATH/Gemma,60603,50,0,False,False,False,False,False,baseline,,mathstral,never,NOT_ROUTED
60603,0,mathstral,never,4,0,0,MATH/Llama,MATH/Gemma,60603,50,1,False,False,False,False,False,baseline,,mathstral,never,NOT_ROUTED
60603,0,mathstral,never,4,0,0,MATH/Llama,MATH/Gemma,60603,50,2,False,False,False,False,False,baseline,,mathstral,never,NOT_ROUTED
60603,0,mathstral,never,4,0,0,MATH/Llama,MATH/Gemma,60603,50,3,False,False,False,False,False,baseline,,mathstral,never,NOT_ROUTED
60603,0,mathstral,never,4,0,0,MATH/Llama,MATH/Gemma,60603,50,4,True,True,True,False,False,baseline,,mathstral,never,NOT_ROUTED
60603,0,mathstral,never,4,0,0,MATH/Llama,MATH/Gemma,60603,50,5,False,False,False,False,False,baseline,,mathstral,never,NOT_ROUTED
60603,0,mathstral,never,4,0,0,MATH/Llama,MATH/Gemma,60603,50,6,False,False,False,False,False,baseline,,mathstral,never,NOT_ROUTED
60603,0,mathstral,never,4,0,0,MATH/Llama,MATH/Gemma,60603,50,7,False,False,False,False,False,baseline,,mathstral,never,NOT_ROUTED
60603,0,mathstral,never,4,0,0,MATH/Llama,MATH/Gemma,60603,51,0,False,False,False,False,False,baseline,,mathstral,never,NOT_ROUTED
60603,0,mathstral,never,4,0,0,MATH/Llama,MATH/Gemma,60603,51,1,False,False,False,False,False,baseline,,mathstral,never,NOT_ROUTED
60603,0,mathstral,never,4,0,0,MATH/Llama,MATH/Gemma,60603,51,2,False,False,False,False,False,baseline,,mathstral,never,NOT_ROUTED
60603,0,mathstral,never,4,0,0,MATH/Llama,MATH/Gemma,60603,51,3,False,False,False,False,False,baseline,,mathstral,never,NOT_ROUTED
60603,0,mathstral,never,4,0,0,MATH/Llama,MATH/Gemma,60603,51,4,False,False,False,False,False,baseline,,mathstral,never,NOT_ROUTED
60603,0,mathstral,never,4,0,0,MATH/Llama,MATH/Gemma,60603,51,5,False,False,False,False,False,baseline,,mathstral,never,NOT_ROUTED
60603,0,mathstral,never,4,0,0,MATH/Llama,MATH/Gemma,60603,51,6,False,False,False,False,False,baseline,,mathstral,never,NOT_ROUTED
60603,0,mathstral,never,4,0,0,MATH/Llama,MATH/Gemma,60603,51,7,False,False,False,False,False,baseline,,mathstral,never,NOT_ROUTED
60603,0,mathstral,never,4,0,0,MATH/Llama,MATH/Gemma,60603,53,0,False,False,False,False,False,baseline,,mathstral,never,NOT_ROUTED
60603,0,mathstral,never,4,0,0,MATH/Llama,MATH/Gemma,60603,53,1,False,False,False,False,False,baseline,,mathstral,never,NOT_ROUTED
60603,0,mathstral,never,4,0,0,MATH/Llama,MATH/Gemma,60603,53,2,False,False,False,False,False,baseline,,mathstral,never,NOT_ROUTED
60603,0,mathstral,never,4,0,0,MATH/Llama,MATH/Gemma,60603,53,3,False,False,False,False,False,baseline,,mathstral,never,NOT_ROUTED
60603,0,mathstral,never,4,0,0,MATH/Llama,MATH/Gemma,60603,53,4,False,False,False,False,False,baseline,,mathstral,never,NOT_ROUTED
60603,0,mathstral,never,4,0,0,MATH/Llama,MATH/Gemma,60603,53,5,False,False,False,False,False,baseline,,mathstral,never,NOT_ROUTED
60603,0,mathstral,never,4,0,0,MATH/Llama,MATH/Gemma,60603,53,6,False,False,False,False,False,baseline,,mathstral,never,NOT_ROUTED
60603,0,mathstral,never,4,0,0,MATH/Llama,MATH/Gemma,60603,53,7,False,False,False,False,False,baseline,,mathstral,never,NOT_ROUTED
60603,0,mathstral,never,4,0,0,MATH/Llama,MATH/Gemma,60603,54,0,False,False,False,False,False,baseline,,mathstral,never,NOT_ROUTED
60603,0,mathstral,never,4,0,0,MATH/Llama,MATH/Gemma,60603,54,1,False,False,False,False,False,baseline,,mathstral,never,NOT_ROUTED
60603,0,mathstral,never,4,0,0,MATH/Llama,MATH/Gemma,60603,54,2,False,False,False,False,False,baseline,,mathstral,never,NOT_ROUTED
60603,0,mathstral,never,4,0,0,MATH/Llama,MATH/Gemma,60603,54,3,False,False,False,False,False,baseline,,mathstral,never,NOT_ROUTED
60603,0,mathstral,never,4,0,0,MATH/Llama,MATH/Gemma,60603,54,4,False,False,False,False,False,baseline,,mathstral,never,NOT_ROUTED
60603,0,mathstral,never,4,0,0,MATH/Llama,MATH/Gemma,60603,54,5,False,False,False,False,False,baseline,,mathstral,never,NOT_ROUTED
60603,0,mathstral,never,4,0,0,MATH/Llama,MATH/Gemma,60603,54,6,False,False,False,False,False,baseline,,mathstral,never,NOT_ROUTED
60603,0,mathstral,never,4,0,0,MATH/Llama,MATH/Gemma,60603,54,7,True,True,True,False,False,baseline,,mathstral,never,NOT_ROUTED
60603,0,mathstral,never,4,0,0,MATH/Llama,MATH/Gemma,60603,56,0,False,False,False,False,False,baseline,,mathstral,never,NOT_ROUTED
60603,0,mathstral,never,4,0,0,MATH/Llama,MATH/Gemma,60603,56,1,False,False,False,False,False,baseline,,mathstral,never,NOT_ROUTED
60603,0,mathstral,never,4,0,0,MATH/Llama,MATH/Gemma,60603,56,2,False,False,False,False,False,baseline,,mathstral,never,NOT_ROUTED
60603,0,mathstral,never,4,0,0,MATH/Llama,MATH/Gemma,60603,56,3,False,False,False,False,False,baseline,,mathstral,never,NOT_ROUTED
60603,0,mathstral,never,4,0,0,MATH/Llama,MATH/Gemma,60603,56,4,False,False,False,False,False,baseline,,mathstral,never,NOT_ROUTED
60603,0,mathstral,never,4,0,0,MATH/Llama,MATH/Gemma,60603,56,5,False,False,False,False,False,baseline,,mathstral,never,NOT_ROUTED
60603,0,mathstral,never,4,0,0,MATH/Llama,MATH/Gemma,60603,56,6,False,False,False,False,False,baseline,,mathstral,never,NOT_ROUTED
60603,0,mathstral,never,4,0,0,MATH/Llama,MATH/Gemma,60603,56,7,False,False,False,False,False,baseline,,mathstral,never,NOT_ROUTED
60603,0,mathstral,never,4,0,0,MATH/Llama,MATH/Gemma,60603,57,0,False,False,False,False,False,baseline,,mathstral,never,NOT_ROUTED
60603,0,mathstral,never,4,0,0,MATH/Llama,MATH/Gemma,60603,57,1,False,False,False,False,False,baseline,,mathstral,never,NOT_ROUTED
60603,0,mathstral,never,4,0,0,MATH/Llama,MATH/Gemma,60603,57,2,False,False,False,False,False,baseline,,mathstral,never,NOT_ROUTED
60603,0,mathstral,never,4,0,0,MATH/Llama,MATH/Gemma,60603,57,3,False,False,False,False,False,baseline,,mathstral,never,NOT_ROUTED
60603,0,mathstral,never,4,0,0,MATH/Llama,MATH/Gemma,60603,57,4,False,False,False,False,False,baseline,,mathstral,never,NOT_ROUTED
60603,0,mathstral,never,4,0,0,MATH/Llama,MATH/Gemma,60603,57,5,False,False,False,False,False,baseline,,mathstral,never,NOT_ROUTED
60603,0,mathstral,never,4,0,0,MATH/Llama,MATH/Gemma,60603,57,6,False,False,False,False,False,baseline,,mathstral,never,NOT_ROUTED
60603,0,mathstral,never,4,0,0,MATH/Llama,MATH/Gemma,60603,57,7,False,False,False,False,False,baseline,,mathstral,never,NOT_ROUTED
60603,0,mathstral,never,4,0,0,MATH/Llama,MATH/Gemma,60603,59,0,False,False,False,False,False,baseline,,mathstral,never,NOT_ROUTED
60603,0,mathstral,never,4,0,0,MATH/Llama,MATH/Gemma,60603,59,1,False,False,False,False,False,baseline,,mathstral,never,NOT_ROUTED
60603,0,mathstral,never,4,0,0,MATH/Llama,MATH/Gemma,60603,59,2,False,False,False,False,False,baseline,,mathstral,never,NOT_ROUTED
60603,0,mathstral,never,4,0,0,MATH/Llama,MATH/Gemma,60603,59,3,False,False,False,False,False,baseline,,mathstral,never,NOT_ROUTED
60603,0,mathstral,never,4,0,0,MATH/Llama,MATH/Gemma,60603,59,4,False,False,False,False,False,baseline,,mathstral,never,NOT_ROUTED
60603,0,mathstral,never,4,0,0,MATH/Llama,MATH/Gemma,60603,59,5,False,False,False,False,False,baseline,,mathstral,never,NOT_ROUTED
60603,0,mathstral,never,4,0,0,MATH/Llama,MATH/Gemma,60603,59,6,False,False,False,False,False,baseline,,mathstral,never,NOT_ROUTED
60603,0,mathstral,never,4,0,0,MATH/Llama,MATH/Gemma,60603,59,7,False,False,False,False,False,baseline,,mathstral,never,NOT_ROUTED
60603,0,mathstral,never,4,0,0,MATH/Llama,MATH/Gemma,60603,60,0,False,False,False,False,False,baseline,,mathstral,never,NOT_ROUTED
60603,0,mathstral,never,4,0,0,MATH/Llama,MATH/Gemma,60603,60,1,False,False,False,False,False,baseline,,mathstral,never,NOT_ROUTED
60603,0,mathstral,never,4,0,0,MATH/Llama,MATH/Gemma,60603,60,2,False,False,False,False,False,baseline,,mathstral,never,NOT_ROUTED
60603,0,mathstral,never,4,0,0,MATH/Llama,MATH/Gemma,60603,60,3,False,False,False,False,False,baseline,,mathstral,never,NOT_ROUTED
60603,0,mathstral,never,4,0,0,MATH/Llama,MATH/Gemma,60603,60,4,False,False,False,False,False,baseline,,mathstral,never,NOT_ROUTED
60603,0,mathstral,never,4,0,0,MATH/Llama,MATH/Gemma,60603,60,5,False,False,False,False,False,baseline,,mathstral,never,NOT_ROUTED
60603,0,mathstral,never,4,0,0,MATH/Llama,MATH/Gemma,60603,60,6,False,False,False,False,False,baseline,,mathstral,never,NOT_ROUTED
60603,0,mathstral,never,4,0,0,MATH/Llama,MATH/Gemma,60603,60,7,False,False,False,False,False,baseline,,mathstral,never,NOT_ROUTED
60603,0,mathstral,never,4,0,0,MATH/Llama,MATH/Gemma,60603,61,0,False,False,False,False,False,baseline,,mathstral,never,NOT_ROUTED
60603,0,mathstral,never,4,0,0,MATH/Llama,MATH/Gemma,60603,61,1,False,False,False,False,False,baseline,,mathstral,never,NOT_ROUTED
60603,0,mathstral,never,4,0,0,MATH/Llama,MATH/Gemma,60603,61,2,False,False,False,False,False,baseline,,mathstral,never,NOT_ROUTED
60603,0,mathstral,never,4,0,0,MATH/Llama,MATH/Gemma,60603,61,3,False,False,False,False,False,baseline,,mathstral,never,NOT_ROUTED
60603,0,mathstral,never,4,0,0,MATH/Llama,MATH/Gemma,60603,61,4,False,False,False,False,False,baseline,,mathstral,never,NOT_ROUTED
60603,0,mathstral,never,4,0,0,MATH/Llama,MATH/Gemma,60603,61,5,False,False,False,False,False,baseline,,mathstral,never,NOT_ROUTED
60603,0,mathstral,never,4,0,0,MATH/Llama,MATH/Gemma,60603,61,6,False,False,False,False,False,baseline,,mathstral,never,NOT_ROUTED
60603,0,mathstral,never,4,0,0,MATH/Llama,MATH/Gemma,60603,61,7,False,False,False,False,False,baseline,,mathstral,never,NOT_ROUTED
60603,0,mathstral,never,4,0,0,MATH/Llama,MATH/Gemma,60603,62,0,False,False,False,False,False,baseline,,mathstral,never,NOT_ROUTED
60603,0,mathstral,never,4,0,0,MATH/Llama,MATH/Gemma,60603,62,1,False,False,False,False,False,baseline,,mathstral,never,NOT_ROUTED
60603,0,mathstral,never,4,0,0,MATH/Llama,MATH/Gemma,60603,62,2,False,False,False,False,False,baseline,,mathstral,never,NOT_ROUTED
60603,0,mathstral,never,4,0,0,MATH/Llama,MATH/Gemma,60603,62,3,False,False,False,False,False,baseline,,mathstral,never,NOT_ROUTED
60603,0,mathstral,never,4,0,0,MATH/Llama,MATH/Gemma,60603,62,4,False,False,False,False,False,baseline,,mathstral,never,NOT_ROUTED
60603,0,mathstral,never,4,0,0,MATH/Llama,MATH/Gemma,60603,62,5,False,False,False,False,False,baseline,,mathstral,never,NOT_ROUTED
60603,0,mathstral,never,4,0,0,MATH/Llama,MATH/Gemma,60603,62,6,False,False,False,False,False,baseline,,mathstral,never,NOT_ROUTED
60603,0,mathstral,never,4,0,0,MATH/Llama,MATH/Gemma,60603,62,7,False,False,False,False,False,baseline,,mathstral,never,NOT_ROUTED
60603,0,mathstral,never,4,0,0,MATH/Llama,MATH/Gemma,60603,63,0,True,True,True,False,False,baseline,,mathstral,never,NOT_ROUTED
60603,0,mathstral,never,4,0,0,MATH/Llama,MATH/Gemma,60603,63,1,True,True,True,False,False,baseline,,mathstral,never,NOT_ROUTED
60603,0,mathstral,never,4,0,0,MATH/Llama,MATH/Gemma,60603,63,2,True,True,True,False,False,baseline,,mathstral,never,NOT_ROUTED
60603,0,mathstral,never,4,0,0,MATH/Llama,MATH/Gemma,60603,63,3,True,True,True,False,False,baseline,,mathstral,never,NOT_ROUTED
60603,0,mathstral,never,4,0,0,MATH/Llama,MATH/Gemma,60603,63,4,True,True,True,False,False,baseline,,mathstral,never,NOT_ROUTED
60603,0,mathstral,never,4,0,0,MATH/Llama,MATH/Gemma,60603,63,5,True,True,True,False,False,baseline,,mathstral,never,NOT_ROUTED
60603,0,mathstral,never,4,0,0,MATH/Llama,MATH/Gemma,60603,63,6,True,True,True,False,False,baseline,,mathstral,never,NOT_ROUTED
60603,0,mathstral,never,4,0,0,MATH/Llama,MATH/Gemma,60603,63,7,True,True,True,False,False,baseline,,mathstral,never,NOT_ROUTED
60603,0,mathstral,never,4,0,0,MATH/Llama,MATH/Gemma,60603,65,0,False,False,False,False,False,baseline,,mathstral,never,NOT_ROUTED
60603,0,mathstral,never,4,0,0,MATH/Llama,MATH/Gemma,60603,65,1,False,False,False,False,False,baseline,,mathstral,never,NOT_ROUTED
60603,0,mathstral,never,4,0,0,MATH/Llama,MATH/Gemma,60603,65,2,False,False,False,False,False,baseline,,mathstral,never,NOT_ROUTED
60603,0,mathstral,never,4,0,0,MATH/Llama,MATH/Gemma,60603,65,3,False,False,False,False,False,baseline,,mathstral,never,NOT_ROUTED
60603,0,mathstral,never,4,0,0,MATH/Llama,MATH/Gemma,60603,65,4,False,False,False,False,False,baseline,,mathstral,never,NOT_ROUTED
60603,0,mathstral,never,4,0,0,MATH/Llama,MATH/Gemma,60603,65,5,False,False,False,False,False,baseline,,mathstral,never,NOT_ROUTED
60603,0,mathstral,never,4,0,0,MATH/Llama,MATH/Gemma,60603,65,6,False,False,False,False,False,baseline,,mathstral,never,NOT_ROUTED
60603,0,mathstral,never,4,0,0,MATH/Llama,MATH/Gemma,60603,65,7,False,False,False,False,False,baseline,,mathstral,never,NOT_ROUTED
60603,0,mathstral,never,4,0,0,MATH/Llama,MATH/Gemma,60603,67,0,True,True,True,False,False,baseline,,mathstral,never,NOT_ROUTED
60603,0,mathstral,never,4,0,0,MATH/Llama,MATH/Gemma,60603,67,1,True,True,True,False,False,baseline,,mathstral,never,NOT_ROUTED
60603,0,mathstral,never,4,0,0,MATH/Llama,MATH/Gemma,60603,67,2,True,True,True,False,False,baseline,,mathstral,never,NOT_ROUTED
60603,0,mathstral,never,4,0,0,MATH/Llama,MATH/Gemma,60603,67,3,True,True,True,False,False,baseline,,mathstral,never,NOT_ROUTED
60603,0,mathstral,never,4,0,0,MATH/Llama,MATH/Gemma,60603,67,4,True,True,True,False,False,baseline,,mathstral,never,NOT_ROUTED
60603,0,mathstral,never,4,0,0,MATH/Llama,MATH/Gemma,60603,67,5,True,True,True,False,False,baseline,,mathstral,never,NOT_ROUTED
60603,0,mathstral,never,4,0,0,MATH/Llama,MATH/Gemma,60603,67,6,True,True,True,False,False,baseline,,mathstral,never,NOT_ROUTED
60603,0,mathstral,never,4,0,0,MATH/Llama,MATH/Gemma,60603,67,7,True,True,True,False,False,baseline,,mathstral,never,NOT_ROUTED
60603,0,mathstral,never,4,0,0,MATH/Llama,MATH/Gemma,60603,69,0,False,False,False,False,False,baseline,,mathstral,never,NOT_ROUTED
60603,0,mathstral,never,4,0,0,MATH/Llama,MATH/Gemma,60603,69,1,False,False,False,False,False,baseline,,mathstral,never,NOT_ROUTED
60603,0,mathstral,never,4,0,0,MATH/Llama,MATH/Gemma,60603,69,2,False,False,False,False,False,baseline,,mathstral,never,NOT_ROUTED
60603,0,mathstral,never,4,0,0,MATH/Llama,MATH/Gemma,60603,69,3,False,False,False,False,False,baseline,,mathstral,never,NOT_ROUTED
60603,0,mathstral,never,4,0,0,MATH/Llama,MATH/Gemma,60603,69,4,False,False,False,False,False,baseline,,mathstral,never,NOT_ROUTED
60603,0,mathstral,never,4,0,0,MATH/Llama,MATH/Gemma,60603,69,5,False,False,False,False,False,baseline,,mathstral,never,NOT_ROUTED
60603,0,mathstral,never,4,0,0,MATH/Llama,MATH/Gemma,60603,69,6,False,False,False,False,False,baseline,,mathstral,never,NOT_ROUTED
60603,0,mathstral,never,4,0,0,MATH/Llama,MATH/Gemma,60603,69,7,False,False,False,False,False,baseline,,mathstral,never,NOT_ROUTED
60603,0,mathstral,never,4,0,0,MATH/Llama,MATH/Gemma,60603,70,0,False,False,False,False,False,baseline,,mathstral,never,NOT_ROUTED
60603,0,mathstral,never,4,0,0,MATH/Llama,MATH/Gemma,60603,70,1,False,False,False,False,False,baseline,,mathstral,never,NOT_ROUTED
60603,0,mathstral,never,4,0,0,MATH/Llama,MATH/Gemma,60603,70,2,False,False,False,False,False,baseline,,mathstral,never,NOT_ROUTED
60603,0,mathstral,never,4,0,0,MATH/Llama,MATH/Gemma,60603,70,3,False,False,False,False,False,baseline,,mathstral,never,NOT_ROUTED
60603,0,mathstral,never,4,0,0,MATH/Llama,MATH/Gemma,60603,70,4,False,False,False,False,False,baseline,,mathstral,never,NOT_ROUTED
60603,0,mathstral,never,4,0,0,MATH/Llama,MATH/Gemma,60603,70,5,False,False,False,False,False,baseline,,mathstral,never,NOT_ROUTED
60603,0,mathstral,never,4,0,0,MATH/Llama,MATH/Gemma,60603,70,6,False,False,False,False,False,baseline,,mathstral,never,NOT_ROUTED
60603,0,mathstral,never,4,0,0,MATH/Llama,MATH/Gemma,60603,70,7,False,False,False,False,False,baseline,,mathstral,never,NOT_ROUTED
60603,0,mathstral,never,4,0,0,MATH/Llama,MATH/Gemma,60603,71,0,False,False,False,False,False,baseline,,mathstral,never,NOT_ROUTED
60603,0,mathstral,never,4,0,0,MATH/Llama,MATH/Gemma,60603,71,1,False,False,False,False,False,baseline,,mathstral,never,NOT_ROUTED
60603,0,mathstral,never,4,0,0,MATH/Llama,MATH/Gemma,60603,71,2,False,False,False,False,False,baseline,,mathstral,never,NOT_ROUTED
60603,0,mathstral,never,4,0,0,MATH/Llama,MATH/Gemma,60603,71,3,False,False,False,False,False,baseline,,mathstral,never,NOT_ROUTED
60603,0,mathstral,never,4,0,0,MATH/Llama,MATH/Gemma,60603,71,4,False,False,False,False,False,baseline,,mathstral,never,NOT_ROUTED
60603,0,mathstral,never,4,0,0,MATH/Llama,MATH/Gemma,60603,71,5,True,True,True,False,False,baseline,,mathstral,never,NOT_ROUTED
60603,0,mathstral,never,4,0,0,MATH/Llama,MATH/Gemma,60603,71,6,False,False,False,False,False,baseline,,mathstral,never,NOT_ROUTED
60603,0,mathstral,never,4,0,0,MATH/Llama,MATH/Gemma,60603,71,7,False,False,False,False,False,baseline,,mathstral,never,NOT_ROUTED
60603,0,mathstral,never,4,0,0,MATH/Llama,MATH/Gemma,60603,77,0,False,False,False,False,False,baseline,,mathstral,never,NOT_ROUTED
60603,0,mathstral,never,4,0,0,MATH/Llama,MATH/Gemma,60603,77,1,False,False,False,False,False,baseline,,mathstral,never,NOT_ROUTED
60603,0,mathstral,never,4,0,0,MATH/Llama,MATH/Gemma,60603,77,2,False,False,False,False,False,baseline,,mathstral,never,NOT_ROUTED
60603,0,mathstral,never,4,0,0,MATH/Llama,MATH/Gemma,60603,77,3,False,False,False,False,False,baseline,,mathstral,never,NOT_ROUTED
60603,0,mathstral,never,4,0,0,MATH/Llama,MATH/Gemma,60603,77,4,False,False,False,False,False,baseline,,mathstral,never,NOT_ROUTED
60603,0,mathstral,never,4,0,0,MATH/Llama,MATH/Gemma,60603,77,5,False,False,False,False,False,baseline,,mathstral,never,NOT_ROUTED
60603,0,mathstral,never,4,0,0,MATH/Llama,MATH/Gemma,60603,77,6,False,False,False,False,False,baseline,,mathstral,never,NOT_ROUTED
60603,0,mathstral,never,4,0,0,MATH/Llama,MATH/Gemma,60603,77,7,False,False,False,False,False,baseline,,mathstral,never,NOT_ROUTED
60603,0,mathstral,never,4,0,0,MATH/Llama,MATH/Gemma,60603,78,0,False,False,False,False,False,baseline,,mathstral,never,NOT_ROUTED
60603,0,mathstral,never,4,0,0,MATH/Llama,MATH/Gemma,60603,78,1,False,False,False,False,False,baseline,,mathstral,never,NOT_ROUTED
60603,0,mathstral,never,4,0,0,MATH/Llama,MATH/Gemma,60603,78,2,False,False,False,False,False,baseline,,mathstral,never,NOT_ROUTED
60603,0,mathstral,never,4,0,0,MATH/Llama,MATH/Gemma,60603,78,3,False,False,False,False,False,baseline,,mathstral,never,NOT_ROUTED
60603,0,mathstral,never,4,0,0,MATH/Llama,MATH/Gemma,60603,78,4,False,False,False,False,False,baseline,,mathstral,never,NOT_ROUTED
60603,0,mathstral,never,4,0,0,MATH/Llama,MATH/Gemma,60603,78,5,False,False,False,False,False,baseline,,mathstral,never,NOT_ROUTED
60603,0,mathstral,never,4,0,0,MATH/Llama,MATH/Gemma,60603,78,6,False,False,False,False,False,baseline,,mathstral,never,NOT_ROUTED
60603,0,mathstral,never,4,0,0,MATH/Llama,MATH/Gemma,60603,78,7,False,False,False,False,False,baseline,,mathstral,never,NOT_ROUTED
60603,0,mathstral,never,4,0,0,MATH/Llama,MATH/Gemma,60603,79,0,True,True,True,False,False,baseline,,mathstral,never,NOT_ROUTED
60603,0,mathstral,never,4,0,0,MATH/Llama,MATH/Gemma,60603,79,1,True,True,True,False,False,baseline,,mathstral,never,NOT_ROUTED
60603,0,mathstral,never,4,0,0,MATH/Llama,MATH/Gemma,60603,79,2,True,True,True,False,False,baseline,,mathstral,never,NOT_ROUTED
60603,0,mathstral,never,4,0,0,MATH/Llama,MATH/Gemma,60603,79,3,True,True,True,False,False,baseline,,mathstral,never,NOT_ROUTED
60603,0,mathstral,never,4,0,0,MATH/Llama,MATH/Gemma,60603,79,4,True,True,True,False,False,baseline,,mathstral,never,NOT_ROUTED
60603,0,mathstral,never,4,0,0,MATH/Llama,MATH/Gemma,60603,79,5,True,True,True,False,False,baseline,,mathstral,never,NOT_ROUTED
60603,0,mathstral,never,4,0,0,MATH/Llama,MATH/Gemma,60603,79,6,True,True,True,False,False,baseline,,mathstral,never,NOT_ROUTED
60603,0,mathstral,never,4,0,0,MATH/Llama,MATH/Gemma,60603,79,7,True,True,True,False,False,baseline,,mathstral,never,NOT_ROUTED
60603,0,mathstral,never,4,0,0,MATH/Llama,MATH/Gemma,60603,81,0,False,False,False,False,False,baseline,,mathstral,never,NOT_ROUTED
60603,0,mathstral,never,4,0,0,MATH/Llama,MATH/Gemma,60603,81,1,False,False,False,False,False,baseline,,mathstral,never,NOT_ROUTED
60603,0,mathstral,never,4,0,0,MATH/Llama,MATH/Gemma,60603,81,2,False,False,False,False,False,baseline,,mathstral,never,NOT_ROUTED
60603,0,mathstral,never,4,0,0,MATH/Llama,MATH/Gemma,60603,81,3,False,False,False,False,False,baseline,,mathstral,never,NOT_ROUTED
60603,0,mathstral,never,4,0,0,MATH/Llama,MATH/Gemma,60603,81,4,False,False,False,False,False,baseline,,mathstral,never,NOT_ROUTED
60603,0,mathstral,never,4,0,0,MATH/Llama,MATH/Gemma,60603,81,5,False,False,False,False,False,baseline,,mathstral,never,NOT_ROUTED
60603,0,mathstral,never,4,0,0,MATH/Llama,MATH/Gemma,60603,81,6,False,False,False,False,False,baseline,,mathstral,never,NOT_ROUTED
60603,0,mathstral,never,4,0,0,MATH/Llama,MATH/Gemma,60603,81,7,False,False,False,False,False,baseline,,mathstral,never,NOT_ROUTED
60603,0,mathstral,never,4,0,0,MATH/Llama,MATH/Gemma,60603,82,0,False,False,False,False,False,baseline,,mathstral,never,NOT_ROUTED
60603,0,mathstral,never,4,0,0,MATH/Llama,MATH/Gemma,60603,82,1,False,False,False,False,False,baseline,,mathstral,never,NOT_ROUTED
60603,0,mathstral,never,4,0,0,MATH/Llama,MATH/Gemma,60603,82,2,False,False,False,False,False,baseline,,mathstral,never,NOT_ROUTED
60603,0,mathstral,never,4,0,0,MATH/Llama,MATH/Gemma,60603,82,3,False,False,False,False,False,baseline,,mathstral,never,NOT_ROUTED
60603,0,mathstral,never,4,0,0,MATH/Llama,MATH/Gemma,60603,82,4,False,False,False,False,False,baseline,,mathstral,never,NOT_ROUTED
60603,0,mathstral,never,4,0,0,MATH/Llama,MATH/Gemma,60603,82,5,False,False,False,False,False,baseline,,mathstral,never,NOT_ROUTED
60603,0,mathstral,never,4,0,0,MATH/Llama,MATH/Gemma,60603,82,6,False,False,False,False,False,baseline,,mathstral,never,NOT_ROUTED
60603,0,mathstral,never,4,0,0,MATH/Llama,MATH/Gemma,60603,82,7,False,False,False,False,False,baseline,,mathstral,never,NOT_ROUTED
60603,0,mathstral,never,4,0,0,MATH/Llama,MATH/Gemma,60603,83,0,True,True,True,False,False,baseline,,mathstral,never,NOT_ROUTED
60603,0,mathstral,never,4,0,0,MATH/Llama,MATH/Gemma,60603,83,1,True,True,True,False,False,baseline,,mathstral,never,NOT_ROUTED
60603,0,mathstral,never,4,0,0,MATH/Llama,MATH/Gemma,60603,83,2,True,True,True,False,False,baseline,,mathstral,never,NOT_ROUTED
60603,0,mathstral,never,4,0,0,MATH/Llama,MATH/Gemma,60603,83,3,True,True,True,False,False,baseline,,mathstral,never,NOT_ROUTED
60603,0,mathstral,never,4,0,0,MATH/Llama,MATH/Gemma,60603,83,4,True,True,True,False,False,baseline,,mathstral,never,NOT_ROUTED
60603,0,mathstral,never,4,0,0,MATH/Llama,MATH/Gemma,60603,83,5,True,True,True,False,False,baseline,,mathstral,never,NOT_ROUTED
60603,0,mathstral,never,4,0,0,MATH/Llama,MATH/Gemma,60603,83,6,True,True,True,False,False,baseline,,mathstral,never,NOT_ROUTED
60603,0,mathstral,never,4,0,0,MATH/Llama,MATH/Gemma,60603,83,7,True,True,True,False,False,baseline,,mathstral,never,NOT_ROUTED
60603,0,mathstral,never,4,0,0,MATH/Llama,MATH/Gemma,60603,85,0,True,True,True,False,False,baseline,,mathstral,never,NOT_ROUTED
60603,0,mathstral,never,4,0,0,MATH/Llama,MATH/Gemma,60603,85,1,True,True,True,False,False,baseline,,mathstral,never,NOT_ROUTED
60603,0,mathstral,never,4,0,0,MATH/Llama,MATH/Gemma,60603,85,2,True,True,True,False,False,baseline,,mathstral,never,NOT_ROUTED
60603,0,mathstral,never,4,0,0,MATH/Llama,MATH/Gemma,60603,85,3,True,True,True,False,False,baseline,,mathstral,never,NOT_ROUTED
60603,0,mathstral,never,4,0,0,MATH/Llama,MATH/Gemma,60603,85,4,False,False,False,False,False,baseline,,mathstral,never,NOT_ROUTED
60603,0,mathstral,never,4,0,0,MATH/Llama,MATH/Gemma,60603,85,5,True,True,True,False,False,baseline,,mathstral,never,NOT_ROUTED
60603,0,mathstral,never,4,0,0,MATH/Llama,MATH/Gemma,60603,85,6,True,True,True,False,False,baseline,,mathstral,never,NOT_ROUTED
60603,0,mathstral,never,4,0,0,MATH/Llama,MATH/Gemma,60603,85,7,True,True,True,False,False,baseline,,mathstral,never,NOT_ROUTED
60603,0,mathstral,never,4,0,0,MATH/Llama,MATH/Gemma,60603,86,0,True,True,True,False,False,baseline,,mathstral,never,NOT_ROUTED
60603,0,mathstral,never,4,0,0,MATH/Llama,MATH/Gemma,60603,86,1,True,True,True,False,False,baseline,,mathstral,never,NOT_ROUTED
60603,0,mathstral,never,4,0,0,MATH/Llama,MATH/Gemma,60603,86,2,True,True,True,False,False,baseline,,mathstral,never,NOT_ROUTED
60603,0,mathstral,never,4,0,0,MATH/Llama,MATH/Gemma,60603,86,3,True,True,True,False,False,baseline,,mathstral,never,NOT_ROUTED
60603,0,mathstral,never,4,0,0,MATH/Llama,MATH/Gemma,60603,86,4,True,True,True,False,False,baseline,,mathstral,never,NOT_ROUTED
60603,0,mathstral,never,4,0,0,MATH/Llama,MATH/Gemma,60603,86,5,True,True,True,False,False,baseline,,mathstral,never,NOT_ROUTED
60603,0,mathstral,never,4,0,0,MATH/Llama,MATH/Gemma,60603,86,6,True,True,True,False,False,baseline,,mathstral,never,NOT_ROUTED
60603,0,mathstral,never,4,0,0,MATH/Llama,MATH/Gemma,60603,86,7,True,True,True,False,False,baseline,,mathstral,never,NOT_ROUTED
60603,0,mathstral,never,4,0,0,MATH/Llama,MATH/Gemma,60603,87,0,False,False,False,False,False,baseline,,mathstral,never,NOT_ROUTED
60603,0,mathstral,never,4,0,0,MATH/Llama,MATH/Gemma,60603,87,1,False,False,False,False,False,baseline,,mathstral,never,NOT_ROUTED
60603,0,mathstral,never,4,0,0,MATH/Llama,MATH/Gemma,60603,87,2,False,False,False,False,False,baseline,,mathstral,never,NOT_ROUTED
60603,0,mathstral,never,4,0,0,MATH/Llama,MATH/Gemma,60603,87,3,False,False,False,False,False,baseline,,mathstral,never,NOT_ROUTED
60603,0,mathstral,never,4,0,0,MATH/Llama,MATH/Gemma,60603,87,4,False,False,False,False,False,baseline,,mathstral,never,NOT_ROUTED
60603,0,mathstral,never,4,0,0,MATH/Llama,MATH/Gemma,60603,87,5,False,False,False,False,False,baseline,,mathstral,never,NOT_ROUTED
60603,0,mathstral,never,4,0,0,MATH/Llama,MATH/Gemma,60603,87,6,False,False,False,False,False,baseline,,mathstral,never,NOT_ROUTED
60603,0,mathstral,never,4,0,0,MATH/Llama,MATH/Gemma,60603,87,7,False,False,False,False,False,baseline,,mathstral,never,NOT_ROUTED
60603,0,mathstral,never,4,0,0,MATH/Llama,MATH/Gemma,60603,88,0,False,False,False,False,False,baseline,,mathstral,never,NOT_ROUTED
60603,0,mathstral,never,4,0,0,MATH/Llama,MATH/Gemma,60603,88,1,False,False,False,False,False,baseline,,mathstral,never,NOT_ROUTED
60603,0,mathstral,never,4,0,0,MATH/Llama,MATH/Gemma,60603,88,2,False,False,False,False,False,baseline,,mathstral,never,NOT_ROUTED
60603,0,mathstral,never,4,0,0,MATH/Llama,MATH/Gemma,60603,88,3,False,False,False,False,False,baseline,,mathstral,never,NOT_ROUTED
60603,0,mathstral,never,4,0,0,MATH/Llama,MATH/Gemma,60603,88,4,False,False,False,False,False,baseline,,mathstral,never,NOT_ROUTED
60603,0,mathstral,never,4,0,0,MATH/Llama,MATH/Gemma,60603,88,5,False,False,False,False,False,baseline,,mathstral,never,NOT_ROUTED
60603,0,mathstral,never,4,0,0,MATH/Llama,MATH/Gemma,60603,88,6,False,False,False,False,False,baseline,,mathstral,never,NOT_ROUTED
60603,0,mathstral,never,4,0,0,MATH/Llama,MATH/Gemma,60603,88,7,False,False,False,False,False,baseline,,mathstral,never,NOT_ROUTED
60603,0,mathstral,never,4,0,0,MATH/Llama,MATH/Gemma,60603,90,0,True,True,True,False,False,baseline,,mathstral,never,NOT_ROUTED
60603,0,mathstral,never,4,0,0,MATH/Llama,MATH/Gemma,60603,90,1,True,True,True,False,False,baseline,,mathstral,never,NOT_ROUTED
60603,0,mathstral,never,4,0,0,MATH/Llama,MATH/Gemma,60603,90,2,True,True,True,False,False,baseline,,mathstral,never,NOT_ROUTED
60603,0,mathstral,never,4,0,0,MATH/Llama,MATH/Gemma,60603,90,3,True,True,True,False,False,baseline,,mathstral,never,NOT_ROUTED
60603,0,mathstral,never,4,0,0,MATH/Llama,MATH/Gemma,60603,90,4,True,True,True,False,False,baseline,,mathstral,never,NOT_ROUTED
60603,0,mathstral,never,4,0,0,MATH/Llama,MATH/Gemma,60603,90,5,True,True,True,False,False,baseline,,mathstral,never,NOT_ROUTED
60603,0,mathstral,never,4,0,0,MATH/Llama,MATH/Gemma,60603,90,6,True,True,True,False,False,baseline,,mathstral,never,NOT_ROUTED
60603,0,mathstral,never,4,0,0,MATH/Llama,MATH/Gemma,60603,90,7,True,True,True,False,False,baseline,,mathstral,never,NOT_ROUTED
60603,0,mathstral,never,4,0,0,MATH/Llama,MATH/Gemma,60603,91,0,True,True,True,False,False,baseline,,mathstral,never,NOT_ROUTED
60603,0,mathstral,never,4,0,0,MATH/Llama,MATH/Gemma,60603,91,1,True,True,True,False,False,baseline,,mathstral,never,NOT_ROUTED
60603,0,mathstral,never,4,0,0,MATH/Llama,MATH/Gemma,60603,91,2,True,True,True,False,False,baseline,,mathstral,never,NOT_ROUTED
60603,0,mathstral,never,4,0,0,MATH/Llama,MATH/Gemma,60603,91,3,True,True,True,False,False,baseline,,mathstral,never,NOT_ROUTED
60603,0,mathstral,never,4,0,0,MATH/Llama,MATH/Gemma,60603,91,4,True,True,True,False,False,baseline,,mathstral,never,NOT_ROUTED
60603,0,mathstral,never,4,0,0,MATH/Llama,MATH/Gemma,60603,91,5,True,True,True,False,False,baseline,,mathstral,never,NOT_ROUTED
60603,0,mathstral,never,4,0,0,MATH/Llama,MATH/Gemma,60603,91,6,True,True,True,False,False,baseline,,mathstral,never,NOT_ROUTED
60603,0,mathstral,never,4,0,0,MATH/Llama,MATH/Gemma,60603,91,7,True,True,True,False,False,baseline,,mathstral,never,NOT_ROUTED
60603,0,mathstral,never,4,0,0,MATH/Llama,MATH/Gemma,60603,94,0,False,False,False,False,False,baseline,,mathstral,never,NOT_ROUTED
60603,0,mathstral,never,4,0,0,MATH/Llama,MATH/Gemma,60603,94,1,True,True,True,False,False,baseline,,mathstral,never,NOT_ROUTED
60603,0,mathstral,never,4,0,0,MATH/Llama,MATH/Gemma,60603,94,2,False,False,False,False,False,baseline,,mathstral,never,NOT_ROUTED
60603,0,mathstral,never,4,0,0,MATH/Llama,MATH/Gemma,60603,94,3,True,False,True,True,False,target_intersection_top20,pairwise_router_v123_llama_with_gemma_budget0_all_0012_regression_s60603_p94_t3,mathstral,never,NEITHER
60603,0,mathstral,never,4,0,0,MATH/Llama,MATH/Gemma,60603,94,4,True,True,True,False,False,baseline,,mathstral,never,NOT_ROUTED
60603,0,mathstral,never,4,0,0,MATH/Llama,MATH/Gemma,60603,94,5,True,True,True,False,False,baseline,,mathstral,never,NOT_ROUTED
60603,0,mathstral,never,4,0,0,MATH/Llama,MATH/Gemma,60603,94,6,True,True,True,False,False,baseline,,mathstral,never,NOT_ROUTED
60603,0,mathstral,never,4,0,0,MATH/Llama,MATH/Gemma,60603,94,7,True,True,True,False,False,baseline,,mathstral,never,NOT_ROUTED
60603,0,mathstral,never,4,0,0,MATH/Llama,MATH/Gemma,60603,95,0,False,False,False,True,False,union_rank_top3,pairwise_router_v123_llama_with_gemma_budget0_all_0008_neither_correct_s60603_p95_t0,mathstral,never,B
60603,0,mathstral,never,4,0,0,MATH/Llama,MATH/Gemma,60603,95,1,False,False,False,False,False,baseline,,mathstral,never,NOT_ROUTED
60603,0,mathstral,never,4,0,0,MATH/Llama,MATH/Gemma,60603,95,2,False,False,False,False,False,baseline,,mathstral,never,NOT_ROUTED
60603,0,mathstral,never,4,0,0,MATH/Llama,MATH/Gemma,60603,95,3,False,False,False,False,False,baseline,,mathstral,never,NOT_ROUTED
60603,0,mathstral,never,4,0,0,MATH/Llama,MATH/Gemma,60603,95,4,False,False,False,False,False,baseline,,mathstral,never,NOT_ROUTED
60603,0,mathstral,never,4,0,0,MATH/Llama,MATH/Gemma,60603,95,5,False,False,False,False,False,baseline,,mathstral,never,NOT_ROUTED
60603,0,mathstral,never,4,0,0,MATH/Llama,MATH/Gemma,60603,95,6,False,False,False,False,False,baseline,,mathstral,never,NOT_ROUTED
60603,0,mathstral,never,4,0,0,MATH/Llama,MATH/Gemma,60603,95,7,False,False,False,False,False,baseline,,mathstral,never,NOT_ROUTED
60603,0,mathstral,never,4,0,0,MATH/Llama,MATH/Gemma,60603,96,0,True,True,True,False,False,baseline,,mathstral,never,NOT_ROUTED
60603,0,mathstral,never,4,0,0,MATH/Llama,MATH/Gemma,60603,96,1,True,True,True,False,False,baseline,,mathstral,never,NOT_ROUTED
60603,0,mathstral,never,4,0,0,MATH/Llama,MATH/Gemma,60603,96,2,True,True,True,False,False,baseline,,mathstral,never,NOT_ROUTED
60603,0,mathstral,never,4,0,0,MATH/Llama,MATH/Gemma,60603,96,3,True,True,True,False,False,baseline,,mathstral,never,NOT_ROUTED
60603,0,mathstral,never,4,0,0,MATH/Llama,MATH/Gemma,60603,96,4,True,True,True,False,False,baseline,,mathstral,never,NOT_ROUTED
60603,0,mathstral,never,4,0,0,MATH/Llama,MATH/Gemma,60603,96,5,True,True,True,False,False,baseline,,mathstral,never,NOT_ROUTED
60603,0,mathstral,never,4,0,0,MATH/Llama,MATH/Gemma,60603,96,6,True,True,True,False,False,baseline,,mathstral,never,NOT_ROUTED
60603,0,mathstral,never,4,0,0,MATH/Llama,MATH/Gemma,60603,96,7,True,True,True,False,False,baseline,,mathstral,never,NOT_ROUTED
60603,0,mathstral,never,4,0,0,MATH/Llama,MATH/Gemma,60603,99,0,True,True,True,False,False,baseline,,mathstral,never,NOT_ROUTED
60603,0,mathstral,never,4,0,0,MATH/Llama,MATH/Gemma,60603,99,1,True,True,True,False,False,baseline,,mathstral,never,NOT_ROUTED
60603,0,mathstral,never,4,0,0,MATH/Llama,MATH/Gemma,60603,99,2,True,True,True,False,False,baseline,,mathstral,never,NOT_ROUTED
60603,0,mathstral,never,4,0,0,MATH/Llama,MATH/Gemma,60603,99,3,True,True,True,False,False,baseline,,mathstral,never,NOT_ROUTED
60603,0,mathstral,never,4,0,0,MATH/Llama,MATH/Gemma,60603,99,4,True,True,True,False,False,baseline,,mathstral,never,NOT_ROUTED
60603,0,mathstral,never,4,0,0,MATH/Llama,MATH/Gemma,60603,99,5,True,True,True,False,False,baseline,,mathstral,never,NOT_ROUTED
60603,0,mathstral,never,4,0,0,MATH/Llama,MATH/Gemma,60603,99,6,True,True,True,False,False,baseline,,mathstral,never,NOT_ROUTED
60603,0,mathstral,never,4,0,0,MATH/Llama,MATH/Gemma,60603,99,7,True,True,True,False,False,baseline,,mathstral,never,NOT_ROUTED
60603,0,mathstral,never,4,0,0,MATH/Llama,MATH/Gemma,60603,101,0,True,True,True,False,False,baseline,,mathstral,never,NOT_ROUTED
60603,0,mathstral,never,4,0,0,MATH/Llama,MATH/Gemma,60603,101,1,True,True,True,False,False,baseline,,mathstral,never,NOT_ROUTED
60603,0,mathstral,never,4,0,0,MATH/Llama,MATH/Gemma,60603,101,2,True,True,True,False,False,baseline,,mathstral,never,NOT_ROUTED
60603,0,mathstral,never,4,0,0,MATH/Llama,MATH/Gemma,60603,101,3,True,True,True,False,False,baseline,,mathstral,never,NOT_ROUTED
60603,0,mathstral,never,4,0,0,MATH/Llama,MATH/Gemma,60603,101,4,True,True,True,False,False,baseline,,mathstral,never,NOT_ROUTED
60603,0,mathstral,never,4,0,0,MATH/Llama,MATH/Gemma,60603,101,5,True,True,True,False,False,baseline,,mathstral,never,NOT_ROUTED
60603,0,mathstral,never,4,0,0,MATH/Llama,MATH/Gemma,60603,101,6,True,True,True,False,False,baseline,,mathstral,never,NOT_ROUTED
60603,0,mathstral,never,4,0,0,MATH/Llama,MATH/Gemma,60603,101,7,True,True,True,False,False,baseline,,mathstral,never,NOT_ROUTED
60603,0,mathstral,never,4,0,0,MATH/Llama,MATH/Gemma,60603,102,0,True,False,True,True,False,target_intersection_top10,pairwise_router_v123_llama_with_gemma_budget0_all_0013_regression_s60603_p102_t0,mathstral,never,A
60603,0,mathstral,never,4,0,0,MATH/Llama,MATH/Gemma,60603,102,1,True,True,True,False,False,baseline,,mathstral,never,NOT_ROUTED
60603,0,mathstral,never,4,0,0,MATH/Llama,MATH/Gemma,60603,102,2,True,True,True,False,False,baseline,,mathstral,never,NOT_ROUTED
60603,0,mathstral,never,4,0,0,MATH/Llama,MATH/Gemma,60603,102,3,True,True,True,False,False,baseline,,mathstral,never,NOT_ROUTED
60603,0,mathstral,never,4,0,0,MATH/Llama,MATH/Gemma,60603,102,4,True,True,True,False,False,baseline,,mathstral,never,NOT_ROUTED
60603,0,mathstral,never,4,0,0,MATH/Llama,MATH/Gemma,60603,102,5,True,True,True,False,False,baseline,,mathstral,never,NOT_ROUTED
60603,0,mathstral,never,4,0,0,MATH/Llama,MATH/Gemma,60603,102,6,True,True,True,False,False,baseline,,mathstral,never,NOT_ROUTED
60603,0,mathstral,never,4,0,0,MATH/Llama,MATH/Gemma,60603,102,7,True,True,True,False,False,baseline,,mathstral,never,NOT_ROUTED
60603,0,mathstral,never,4,0,0,MATH/Llama,MATH/Gemma,60603,103,0,True,True,True,False,False,baseline,,mathstral,never,NOT_ROUTED
60603,0,mathstral,never,4,0,0,MATH/Llama,MATH/Gemma,60603,103,1,True,True,True,False,False,baseline,,mathstral,never,NOT_ROUTED
60603,0,mathstral,never,4,0,0,MATH/Llama,MATH/Gemma,60603,103,2,True,True,True,False,False,baseline,,mathstral,never,NOT_ROUTED
60603,0,mathstral,never,4,0,0,MATH/Llama,MATH/Gemma,60603,103,3,True,True,True,False,False,baseline,,mathstral,never,NOT_ROUTED
60603,0,mathstral,never,4,0,0,MATH/Llama,MATH/Gemma,60603,103,4,True,True,True,False,False,baseline,,mathstral,never,NOT_ROUTED
60603,0,mathstral,never,4,0,0,MATH/Llama,MATH/Gemma,60603,103,5,True,True,True,False,False,baseline,,mathstral,never,NOT_ROUTED
60603,0,mathstral,never,4,0,0,MATH/Llama,MATH/Gemma,60603,103,6,True,True,True,False,False,baseline,,mathstral,never,NOT_ROUTED
60603,0,mathstral,never,4,0,0,MATH/Llama,MATH/Gemma,60603,103,7,True,True,True,False,False,baseline,,mathstral,never,NOT_ROUTED
60603,0,mathstral,never,4,0,0,MATH/Llama,MATH/Gemma,60603,104,0,True,True,True,False,False,baseline,,mathstral,never,NOT_ROUTED
60603,0,mathstral,never,4,0,0,MATH/Llama,MATH/Gemma,60603,104,1,True,True,True,False,False,baseline,,mathstral,never,NOT_ROUTED
60603,0,mathstral,never,4,0,0,MATH/Llama,MATH/Gemma,60603,104,2,True,True,True,False,False,baseline,,mathstral,never,NOT_ROUTED
60603,0,mathstral,never,4,0,0,MATH/Llama,MATH/Gemma,60603,104,3,True,True,True,False,False,baseline,,mathstral,never,NOT_ROUTED
60603,0,mathstral,never,4,0,0,MATH/Llama,MATH/Gemma,60603,104,4,True,True,True,False,False,baseline,,mathstral,never,NOT_ROUTED
60603,0,mathstral,never,4,0,0,MATH/Llama,MATH/Gemma,60603,104,5,True,True,True,False,False,baseline,,mathstral,never,NOT_ROUTED
60603,0,mathstral,never,4,0,0,MATH/Llama,MATH/Gemma,60603,104,6,True,True,True,False,False,baseline,,mathstral,never,NOT_ROUTED
60603,0,mathstral,never,4,0,0,MATH/Llama,MATH/Gemma,60603,104,7,True,True,True,False,False,baseline,,mathstral,never,NOT_ROUTED
60603,0,mathstral,never,4,0,0,MATH/Llama,MATH/Gemma,60603,107,0,True,True,True,False,False,baseline,,mathstral,never,NOT_ROUTED
60603,0,mathstral,never,4,0,0,MATH/Llama,MATH/Gemma,60603,107,1,True,True,True,False,False,baseline,,mathstral,never,NOT_ROUTED
60603,0,mathstral,never,4,0,0,MATH/Llama,MATH/Gemma,60603,107,2,True,True,True,False,False,baseline,,mathstral,never,NOT_ROUTED
60603,0,mathstral,never,4,0,0,MATH/Llama,MATH/Gemma,60603,107,3,True,True,True,False,False,baseline,,mathstral,never,NOT_ROUTED
60603,0,mathstral,never,4,0,0,MATH/Llama,MATH/Gemma,60603,107,4,True,True,True,False,False,baseline,,mathstral,never,NOT_ROUTED
60603,0,mathstral,never,4,0,0,MATH/Llama,MATH/Gemma,60603,107,5,True,True,True,False,False,baseline,,mathstral,never,NOT_ROUTED
60603,0,mathstral,never,4,0,0,MATH/Llama,MATH/Gemma,60603,107,6,True,True,True,False,False,baseline,,mathstral,never,NOT_ROUTED
60603,0,mathstral,never,4,0,0,MATH/Llama,MATH/Gemma,60603,107,7,True,True,True,False,False,baseline,,mathstral,never,NOT_ROUTED
60603,0,mathstral,never,4,0,0,MATH/Llama,MATH/Gemma,60603,109,0,True,True,True,False,False,baseline,,mathstral,never,NOT_ROUTED
60603,0,mathstral,never,4,0,0,MATH/Llama,MATH/Gemma,60603,109,1,True,True,True,False,False,baseline,,mathstral,never,NOT_ROUTED
60603,0,mathstral,never,4,0,0,MATH/Llama,MATH/Gemma,60603,109,2,True,True,True,False,False,baseline,,mathstral,never,NOT_ROUTED
60603,0,mathstral,never,4,0,0,MATH/Llama,MATH/Gemma,60603,109,3,True,True,True,False,False,baseline,,mathstral,never,NOT_ROUTED
60603,0,mathstral,never,4,0,0,MATH/Llama,MATH/Gemma,60603,109,4,True,True,True,False,False,baseline,,mathstral,never,NOT_ROUTED
60603,0,mathstral,never,4,0,0,MATH/Llama,MATH/Gemma,60603,109,5,True,True,True,False,False,baseline,,mathstral,never,NOT_ROUTED
60603,0,mathstral,never,4,0,0,MATH/Llama,MATH/Gemma,60603,109,6,True,True,True,False,False,baseline,,mathstral,never,NOT_ROUTED
60603,0,mathstral,never,4,0,0,MATH/Llama,MATH/Gemma,60603,109,7,True,True,True,False,False,baseline,,mathstral,never,NOT_ROUTED
60603,0,mathstral,never,4,0,0,MATH/Llama,MATH/Gemma,60603,110,0,False,False,False,False,False,baseline,,mathstral,never,NOT_ROUTED
60603,0,mathstral,never,4,0,0,MATH/Llama,MATH/Gemma,60603,110,1,False,False,False,False,False,baseline,,mathstral,never,NOT_ROUTED
60603,0,mathstral,never,4,0,0,MATH/Llama,MATH/Gemma,60603,110,2,False,False,False,False,False,baseline,,mathstral,never,NOT_ROUTED
60603,0,mathstral,never,4,0,0,MATH/Llama,MATH/Gemma,60603,110,3,False,False,False,False,False,baseline,,mathstral,never,NOT_ROUTED
60603,0,mathstral,never,4,0,0,MATH/Llama,MATH/Gemma,60603,110,4,False,False,False,False,False,baseline,,mathstral,never,NOT_ROUTED
60603,0,mathstral,never,4,0,0,MATH/Llama,MATH/Gemma,60603,110,5,False,False,False,False,False,baseline,,mathstral,never,NOT_ROUTED
60603,0,mathstral,never,4,0,0,MATH/Llama,MATH/Gemma,60603,110,6,False,False,False,False,False,baseline,,mathstral,never,NOT_ROUTED
60603,0,mathstral,never,4,0,0,MATH/Llama,MATH/Gemma,60603,110,7,False,False,False,False,False,baseline,,mathstral,never,NOT_ROUTED
60603,0,mathstral,never,4,0,0,MATH/Llama,MATH/Gemma,60603,111,0,True,True,True,False,False,baseline,,mathstral,never,NOT_ROUTED
60603,0,mathstral,never,4,0,0,MATH/Llama,MATH/Gemma,60603,111,1,True,False,True,True,False,target_intersection_top20,pairwise_router_v123_llama_with_gemma_budget0_all_0014_regression_s60603_p111_t1,mathstral,never,A
60603,0,mathstral,never,4,0,0,MATH/Llama,MATH/Gemma,60603,111,2,True,True,True,False,False,baseline,,mathstral,never,NOT_ROUTED
60603,0,mathstral,never,4,0,0,MATH/Llama,MATH/Gemma,60603,111,3,True,True,True,False,False,baseline,,mathstral,never,NOT_ROUTED
60603,0,mathstral,never,4,0,0,MATH/Llama,MATH/Gemma,60603,111,4,True,True,True,False,False,baseline,,mathstral,never,NOT_ROUTED
60603,0,mathstral,never,4,0,0,MATH/Llama,MATH/Gemma,60603,111,5,True,False,True,True,False,target_intersection_top20,pairwise_router_v123_llama_with_gemma_budget0_all_0015_regression_s60603_p111_t5,mathstral,never,A
60603,0,mathstral,never,4,0,0,MATH/Llama,MATH/Gemma,60603,111,6,True,True,True,False,False,baseline,,mathstral,never,NOT_ROUTED
60603,0,mathstral,never,4,0,0,MATH/Llama,MATH/Gemma,60603,111,7,True,True,True,False,False,baseline,,mathstral,never,NOT_ROUTED
60603,0,mathstral,never,4,0,0,MATH/Llama,MATH/Gemma,60603,112,0,False,False,False,False,False,baseline,,mathstral,never,NOT_ROUTED
60603,0,mathstral,never,4,0,0,MATH/Llama,MATH/Gemma,60603,112,1,False,False,False,False,False,baseline,,mathstral,never,NOT_ROUTED
60603,0,mathstral,never,4,0,0,MATH/Llama,MATH/Gemma,60603,112,2,False,False,False,False,False,baseline,,mathstral,never,NOT_ROUTED
60603,0,mathstral,never,4,0,0,MATH/Llama,MATH/Gemma,60603,112,3,False,False,False,False,False,baseline,,mathstral,never,NOT_ROUTED
60603,0,mathstral,never,4,0,0,MATH/Llama,MATH/Gemma,60603,112,4,False,False,False,False,False,baseline,,mathstral,never,NOT_ROUTED
60603,0,mathstral,never,4,0,0,MATH/Llama,MATH/Gemma,60603,112,5,False,False,False,False,False,baseline,,mathstral,never,NOT_ROUTED
60603,0,mathstral,never,4,0,0,MATH/Llama,MATH/Gemma,60603,112,6,False,False,False,False,False,baseline,,mathstral,never,NOT_ROUTED
60603,0,mathstral,never,4,0,0,MATH/Llama,MATH/Gemma,60603,112,7,False,False,False,False,False,baseline,,mathstral,never,NOT_ROUTED
60603,0,mathstral,never,4,0,0,MATH/Llama,MATH/Gemma,60603,113,0,True,True,True,False,False,baseline,,mathstral,never,NOT_ROUTED
60603,0,mathstral,never,4,0,0,MATH/Llama,MATH/Gemma,60603,113,1,False,False,False,False,False,baseline,,mathstral,never,NOT_ROUTED
60603,0,mathstral,never,4,0,0,MATH/Llama,MATH/Gemma,60603,113,2,False,False,False,False,False,baseline,,mathstral,never,NOT_ROUTED
60603,0,mathstral,never,4,0,0,MATH/Llama,MATH/Gemma,60603,113,3,False,False,False,False,False,baseline,,mathstral,never,NOT_ROUTED
60603,0,mathstral,never,4,0,0,MATH/Llama,MATH/Gemma,60603,113,4,False,False,False,False,False,baseline,,mathstral,never,NOT_ROUTED
60603,0,mathstral,never,4,0,0,MATH/Llama,MATH/Gemma,60603,113,5,False,False,False,False,False,baseline,,mathstral,never,NOT_ROUTED
60603,0,mathstral,never,4,0,0,MATH/Llama,MATH/Gemma,60603,113,6,True,True,True,False,False,baseline,,mathstral,never,NOT_ROUTED
60603,0,mathstral,never,4,0,0,MATH/Llama,MATH/Gemma,60603,113,7,False,False,False,False,False,baseline,,mathstral,never,NOT_ROUTED
60603,0,mathstral,never,4,0,0,MATH/Llama,MATH/Gemma,60603,115,0,False,False,False,False,False,baseline,,mathstral,never,NOT_ROUTED
60603,0,mathstral,never,4,0,0,MATH/Llama,MATH/Gemma,60603,115,1,False,False,False,False,False,baseline,,mathstral,never,NOT_ROUTED
60603,0,mathstral,never,4,0,0,MATH/Llama,MATH/Gemma,60603,115,2,False,False,False,False,False,baseline,,mathstral,never,NOT_ROUTED
60603,0,mathstral,never,4,0,0,MATH/Llama,MATH/Gemma,60603,115,3,False,False,False,False,False,baseline,,mathstral,never,NOT_ROUTED
60603,0,mathstral,never,4,0,0,MATH/Llama,MATH/Gemma,60603,115,4,True,True,True,False,False,baseline,,mathstral,never,NOT_ROUTED
60603,0,mathstral,never,4,0,0,MATH/Llama,MATH/Gemma,60603,115,5,False,False,False,False,False,baseline,,mathstral,never,NOT_ROUTED
60603,0,mathstral,never,4,0,0,MATH/Llama,MATH/Gemma,60603,115,6,False,False,False,False,False,baseline,,mathstral,never,NOT_ROUTED
60603,0,mathstral,never,4,0,0,MATH/Llama,MATH/Gemma,60603,115,7,False,False,False,True,False,target_intersection_top20,pairwise_router_v123_llama_with_gemma_budget0_all_0009_neither_correct_s60603_p115_t7,mathstral,never,A
60603,0,mathstral,never,4,0,0,MATH/Llama,MATH/Gemma,60603,118,0,True,True,True,False,False,baseline,,mathstral,never,NOT_ROUTED
60603,0,mathstral,never,4,0,0,MATH/Llama,MATH/Gemma,60603,118,1,False,False,False,False,False,baseline,,mathstral,never,NOT_ROUTED
60603,0,mathstral,never,4,0,0,MATH/Llama,MATH/Gemma,60603,118,2,False,False,False,False,False,baseline,,mathstral,never,NOT_ROUTED
60603,0,mathstral,never,4,0,0,MATH/Llama,MATH/Gemma,60603,118,3,True,True,True,False,False,baseline,,mathstral,never,NOT_ROUTED
60603,0,mathstral,never,4,0,0,MATH/Llama,MATH/Gemma,60603,118,4,False,False,False,False,False,baseline,,mathstral,never,NOT_ROUTED
60603,0,mathstral,never,4,0,0,MATH/Llama,MATH/Gemma,60603,118,5,False,False,False,False,False,baseline,,mathstral,never,NOT_ROUTED
60603,0,mathstral,never,4,0,0,MATH/Llama,MATH/Gemma,60603,118,6,False,False,False,False,False,baseline,,mathstral,never,NOT_ROUTED
60603,0,mathstral,never,4,0,0,MATH/Llama,MATH/Gemma,60603,118,7,False,False,False,False,False,baseline,,mathstral,never,NOT_ROUTED
60603,0,mathstral,never,4,0,0,MATH/Llama,MATH/Gemma,60603,119,0,False,False,False,False,False,baseline,,mathstral,never,NOT_ROUTED
60603,0,mathstral,never,4,0,0,MATH/Llama,MATH/Gemma,60603,119,1,False,False,False,False,False,baseline,,mathstral,never,NOT_ROUTED
60603,0,mathstral,never,4,0,0,MATH/Llama,MATH/Gemma,60603,119,2,False,False,False,False,False,baseline,,mathstral,never,NOT_ROUTED
60603,0,mathstral,never,4,0,0,MATH/Llama,MATH/Gemma,60603,119,3,False,False,False,False,False,baseline,,mathstral,never,NOT_ROUTED
60603,0,mathstral,never,4,0,0,MATH/Llama,MATH/Gemma,60603,119,4,False,False,False,False,False,baseline,,mathstral,never,NOT_ROUTED
60603,0,mathstral,never,4,0,0,MATH/Llama,MATH/Gemma,60603,119,5,False,False,False,False,False,baseline,,mathstral,never,NOT_ROUTED
60603,0,mathstral,never,4,0,0,MATH/Llama,MATH/Gemma,60603,119,6,False,False,False,False,False,baseline,,mathstral,never,NOT_ROUTED
60603,0,mathstral,never,4,0,0,MATH/Llama,MATH/Gemma,60603,119,7,False,False,False,False,False,baseline,,mathstral,never,NOT_ROUTED
60603,0,mathstral,never,4,0,0,MATH/Llama,MATH/Gemma,60603,120,0,False,False,False,False,False,baseline,,mathstral,never,NOT_ROUTED
60603,0,mathstral,never,4,0,0,MATH/Llama,MATH/Gemma,60603,120,1,False,False,False,False,False,baseline,,mathstral,never,NOT_ROUTED
60603,0,mathstral,never,4,0,0,MATH/Llama,MATH/Gemma,60603,120,2,False,False,False,False,False,baseline,,mathstral,never,NOT_ROUTED
60603,0,mathstral,never,4,0,0,MATH/Llama,MATH/Gemma,60603,120,3,False,False,False,False,False,baseline,,mathstral,never,NOT_ROUTED
60603,0,mathstral,never,4,0,0,MATH/Llama,MATH/Gemma,60603,120,4,False,False,False,False,False,baseline,,mathstral,never,NOT_ROUTED
60603,0,mathstral,never,4,0,0,MATH/Llama,MATH/Gemma,60603,120,5,False,False,False,False,False,baseline,,mathstral,never,NOT_ROUTED
60603,0,mathstral,never,4,0,0,MATH/Llama,MATH/Gemma,60603,120,6,False,False,False,False,False,baseline,,mathstral,never,NOT_ROUTED
60603,0,mathstral,never,4,0,0,MATH/Llama,MATH/Gemma,60603,120,7,False,False,False,False,False,baseline,,mathstral,never,NOT_ROUTED
60603,0,mathstral,never,4,0,0,MATH/Llama,MATH/Gemma,60603,121,0,False,False,False,False,False,baseline,,mathstral,never,NOT_ROUTED
60603,0,mathstral,never,4,0,0,MATH/Llama,MATH/Gemma,60603,121,1,False,False,False,False,False,baseline,,mathstral,never,NOT_ROUTED
60603,0,mathstral,never,4,0,0,MATH/Llama,MATH/Gemma,60603,121,2,False,False,False,False,False,baseline,,mathstral,never,NOT_ROUTED
60603,0,mathstral,never,4,0,0,MATH/Llama,MATH/Gemma,60603,121,3,False,False,False,False,False,baseline,,mathstral,never,NOT_ROUTED
60603,0,mathstral,never,4,0,0,MATH/Llama,MATH/Gemma,60603,121,4,False,False,False,False,False,baseline,,mathstral,never,NOT_ROUTED
60603,0,mathstral,never,4,0,0,MATH/Llama,MATH/Gemma,60603,121,5,False,False,False,False,False,baseline,,mathstral,never,NOT_ROUTED
60603,0,mathstral,never,4,0,0,MATH/Llama,MATH/Gemma,60603,121,6,False,False,False,False,False,baseline,,mathstral,never,NOT_ROUTED
60603,0,mathstral,never,4,0,0,MATH/Llama,MATH/Gemma,60603,121,7,False,False,False,False,False,baseline,,mathstral,never,NOT_ROUTED
60603,0,mathstral,never,4,0,0,MATH/Llama,MATH/Gemma,60603,122,0,False,False,False,False,False,baseline,,mathstral,never,NOT_ROUTED
60603,0,mathstral,never,4,0,0,MATH/Llama,MATH/Gemma,60603,122,1,False,False,False,False,False,baseline,,mathstral,never,NOT_ROUTED
60603,0,mathstral,never,4,0,0,MATH/Llama,MATH/Gemma,60603,122,2,False,False,False,False,False,baseline,,mathstral,never,NOT_ROUTED
60603,0,mathstral,never,4,0,0,MATH/Llama,MATH/Gemma,60603,122,3,False,False,False,False,False,baseline,,mathstral,never,NOT_ROUTED
60603,0,mathstral,never,4,0,0,MATH/Llama,MATH/Gemma,60603,122,4,False,False,False,False,False,baseline,,mathstral,never,NOT_ROUTED
60603,0,mathstral,never,4,0,0,MATH/Llama,MATH/Gemma,60603,122,5,False,False,False,False,False,baseline,,mathstral,never,NOT_ROUTED
60603,0,mathstral,never,4,0,0,MATH/Llama,MATH/Gemma,60603,122,6,False,False,False,False,False,baseline,,mathstral,never,NOT_ROUTED
60603,0,mathstral,never,4,0,0,MATH/Llama,MATH/Gemma,60603,122,7,False,False,False,False,False,baseline,,mathstral,never,NOT_ROUTED
60603,0,mathstral,never,4,0,0,MATH/Llama,MATH/Gemma,60603,124,0,False,False,False,False,False,baseline,,mathstral,never,NOT_ROUTED
60603,0,mathstral,never,4,0,0,MATH/Llama,MATH/Gemma,60603,124,1,False,False,False,False,False,baseline,,mathstral,never,NOT_ROUTED
60603,0,mathstral,never,4,0,0,MATH/Llama,MATH/Gemma,60603,124,2,False,False,False,False,False,baseline,,mathstral,never,NOT_ROUTED
60603,0,mathstral,never,4,0,0,MATH/Llama,MATH/Gemma,60603,124,3,False,False,False,False,False,baseline,,mathstral,never,NOT_ROUTED
60603,0,mathstral,never,4,0,0,MATH/Llama,MATH/Gemma,60603,124,4,False,False,False,False,False,baseline,,mathstral,never,NOT_ROUTED
60603,0,mathstral,never,4,0,0,MATH/Llama,MATH/Gemma,60603,124,5,False,False,False,False,False,baseline,,mathstral,never,NOT_ROUTED
60603,0,mathstral,never,4,0,0,MATH/Llama,MATH/Gemma,60603,124,6,False,False,False,False,False,baseline,,mathstral,never,NOT_ROUTED
60603,0,mathstral,never,4,0,0,MATH/Llama,MATH/Gemma,60603,124,7,False,False,False,False,False,baseline,,mathstral,never,NOT_ROUTED
60603,0,mathstral,never,4,0,0,MATH/Llama,MATH/Gemma,60603,126,0,False,False,False,False,False,baseline,,mathstral,never,NOT_ROUTED
60603,0,mathstral,never,4,0,0,MATH/Llama,MATH/Gemma,60603,126,1,False,False,False,False,False,baseline,,mathstral,never,NOT_ROUTED
60603,0,mathstral,never,4,0,0,MATH/Llama,MATH/Gemma,60603,126,2,False,False,False,False,False,baseline,,mathstral,never,NOT_ROUTED
60603,0,mathstral,never,4,0,0,MATH/Llama,MATH/Gemma,60603,126,3,False,False,False,False,False,baseline,,mathstral,never,NOT_ROUTED
60603,0,mathstral,never,4,0,0,MATH/Llama,MATH/Gemma,60603,126,4,False,False,False,False,False,baseline,,mathstral,never,NOT_ROUTED
60603,0,mathstral,never,4,0,0,MATH/Llama,MATH/Gemma,60603,126,5,False,False,False,False,False,baseline,,mathstral,never,NOT_ROUTED
60603,0,mathstral,never,4,0,0,MATH/Llama,MATH/Gemma,60603,126,6,False,False,False,False,False,baseline,,mathstral,never,NOT_ROUTED
60603,0,mathstral,never,4,0,0,MATH/Llama,MATH/Gemma,60603,126,7,False,False,False,False,False,baseline,,mathstral,never,NOT_ROUTED
60603,1,mathstral,never,4,0,0,MATH/Llama,MATH/Gemma,60603,1,0,False,False,False,False,False,baseline,,mathstral,never,NOT_ROUTED
60603,1,mathstral,never,4,0,0,MATH/Llama,MATH/Gemma,60603,1,1,False,False,False,False,False,baseline,,mathstral,never,NOT_ROUTED
60603,1,mathstral,never,4,0,0,MATH/Llama,MATH/Gemma,60603,1,2,False,False,False,False,False,baseline,,mathstral,never,NOT_ROUTED
60603,1,mathstral,never,4,0,0,MATH/Llama,MATH/Gemma,60603,1,3,False,False,False,False,False,baseline,,mathstral,never,NOT_ROUTED
60603,1,mathstral,never,4,0,0,MATH/Llama,MATH/Gemma,60603,1,4,False,False,False,False,False,baseline,,mathstral,never,NOT_ROUTED
60603,1,mathstral,never,4,0,0,MATH/Llama,MATH/Gemma,60603,1,5,False,False,False,False,False,baseline,,mathstral,never,NOT_ROUTED
60603,1,mathstral,never,4,0,0,MATH/Llama,MATH/Gemma,60603,1,6,False,False,False,False,False,baseline,,mathstral,never,NOT_ROUTED
60603,1,mathstral,never,4,0,0,MATH/Llama,MATH/Gemma,60603,1,7,False,False,False,False,False,baseline,,mathstral,never,NOT_ROUTED
60603,1,mathstral,never,4,0,0,MATH/Llama,MATH/Gemma,60603,2,0,True,True,True,False,False,baseline,,mathstral,never,NOT_ROUTED
60603,1,mathstral,never,4,0,0,MATH/Llama,MATH/Gemma,60603,2,1,True,True,True,False,False,baseline,,mathstral,never,NOT_ROUTED
60603,1,mathstral,never,4,0,0,MATH/Llama,MATH/Gemma,60603,2,2,True,True,True,False,False,baseline,,mathstral,never,NOT_ROUTED
60603,1,mathstral,never,4,0,0,MATH/Llama,MATH/Gemma,60603,2,3,True,True,True,False,False,baseline,,mathstral,never,NOT_ROUTED
60603,1,mathstral,never,4,0,0,MATH/Llama,MATH/Gemma,60603,2,4,True,True,True,False,False,baseline,,mathstral,never,NOT_ROUTED
60603,1,mathstral,never,4,0,0,MATH/Llama,MATH/Gemma,60603,2,5,True,True,True,False,False,baseline,,mathstral,never,NOT_ROUTED
60603,1,mathstral,never,4,0,0,MATH/Llama,MATH/Gemma,60603,2,6,True,True,True,False,False,baseline,,mathstral,never,NOT_ROUTED
60603,1,mathstral,never,4,0,0,MATH/Llama,MATH/Gemma,60603,2,7,True,True,True,False,False,baseline,,mathstral,never,NOT_ROUTED
60603,1,mathstral,never,4,0,0,MATH/Llama,MATH/Gemma,60603,3,0,True,True,True,False,False,baseline,,mathstral,never,NOT_ROUTED
60603,1,mathstral,never,4,0,0,MATH/Llama,MATH/Gemma,60603,3,1,True,True,True,False,False,baseline,,mathstral,never,NOT_ROUTED
60603,1,mathstral,never,4,0,0,MATH/Llama,MATH/Gemma,60603,3,2,True,True,True,False,False,baseline,,mathstral,never,NOT_ROUTED
60603,1,mathstral,never,4,0,0,MATH/Llama,MATH/Gemma,60603,3,3,True,True,True,False,False,baseline,,mathstral,never,NOT_ROUTED
60603,1,mathstral,never,4,0,0,MATH/Llama,MATH/Gemma,60603,3,4,True,True,True,False,False,baseline,,mathstral,never,NOT_ROUTED
60603,1,mathstral,never,4,0,0,MATH/Llama,MATH/Gemma,60603,3,5,True,True,True,False,False,baseline,,mathstral,never,NOT_ROUTED
60603,1,mathstral,never,4,0,0,MATH/Llama,MATH/Gemma,60603,3,6,True,True,True,False,False,baseline,,mathstral,never,NOT_ROUTED
60603,1,mathstral,never,4,0,0,MATH/Llama,MATH/Gemma,60603,3,7,True,True,True,False,False,baseline,,mathstral,never,NOT_ROUTED
60603,1,mathstral,never,4,0,0,MATH/Llama,MATH/Gemma,60603,7,0,True,True,True,False,False,baseline,,mathstral,never,NOT_ROUTED
60603,1,mathstral,never,4,0,0,MATH/Llama,MATH/Gemma,60603,7,1,True,True,True,False,False,baseline,,mathstral,never,NOT_ROUTED
60603,1,mathstral,never,4,0,0,MATH/Llama,MATH/Gemma,60603,7,2,True,True,True,False,False,baseline,,mathstral,never,NOT_ROUTED
60603,1,mathstral,never,4,0,0,MATH/Llama,MATH/Gemma,60603,7,3,True,True,True,False,False,baseline,,mathstral,never,NOT_ROUTED
60603,1,mathstral,never,4,0,0,MATH/Llama,MATH/Gemma,60603,7,4,True,True,True,False,False,baseline,,mathstral,never,NOT_ROUTED
60603,1,mathstral,never,4,0,0,MATH/Llama,MATH/Gemma,60603,7,5,True,True,True,False,False,baseline,,mathstral,never,NOT_ROUTED
60603,1,mathstral,never,4,0,0,MATH/Llama,MATH/Gemma,60603,7,6,True,True,True,False,False,baseline,,mathstral,never,NOT_ROUTED
60603,1,mathstral,never,4,0,0,MATH/Llama,MATH/Gemma,60603,7,7,True,True,True,False,False,baseline,,mathstral,never,NOT_ROUTED
60603,1,mathstral,never,4,0,0,MATH/Llama,MATH/Gemma,60603,8,0,True,True,True,False,False,baseline,,mathstral,never,NOT_ROUTED
60603,1,mathstral,never,4,0,0,MATH/Llama,MATH/Gemma,60603,8,1,True,True,True,False,False,baseline,,mathstral,never,NOT_ROUTED
60603,1,mathstral,never,4,0,0,MATH/Llama,MATH/Gemma,60603,8,2,True,True,True,False,False,baseline,,mathstral,never,NOT_ROUTED
60603,1,mathstral,never,4,0,0,MATH/Llama,MATH/Gemma,60603,8,3,True,True,True,False,False,baseline,,mathstral,never,NOT_ROUTED
60603,1,mathstral,never,4,0,0,MATH/Llama,MATH/Gemma,60603,8,4,True,True,True,False,False,baseline,,mathstral,never,NOT_ROUTED
60603,1,mathstral,never,4,0,0,MATH/Llama,MATH/Gemma,60603,8,5,True,True,True,False,False,baseline,,mathstral,never,NOT_ROUTED
60603,1,mathstral,never,4,0,0,MATH/Llama,MATH/Gemma,60603,8,6,True,True,True,False,False,baseline,,mathstral,never,NOT_ROUTED
60603,1,mathstral,never,4,0,0,MATH/Llama,MATH/Gemma,60603,8,7,True,True,True,False,False,baseline,,mathstral,never,NOT_ROUTED
60603,1,mathstral,never,4,0,0,MATH/Llama,MATH/Gemma,60603,9,0,False,False,False,False,False,baseline,,mathstral,never,NOT_ROUTED
60603,1,mathstral,never,4,0,0,MATH/Llama,MATH/Gemma,60603,9,1,True,True,True,False,False,baseline,,mathstral,never,NOT_ROUTED
60603,1,mathstral,never,4,0,0,MATH/Llama,MATH/Gemma,60603,9,2,False,False,False,False,False,baseline,,mathstral,never,NOT_ROUTED
60603,1,mathstral,never,4,0,0,MATH/Llama,MATH/Gemma,60603,9,3,True,True,True,False,False,baseline,,mathstral,never,NOT_ROUTED
60603,1,mathstral,never,4,0,0,MATH/Llama,MATH/Gemma,60603,9,4,True,True,True,False,False,baseline,,mathstral,never,NOT_ROUTED
60603,1,mathstral,never,4,0,0,MATH/Llama,MATH/Gemma,60603,9,5,True,True,True,False,False,baseline,,mathstral,never,NOT_ROUTED
60603,1,mathstral,never,4,0,0,MATH/Llama,MATH/Gemma,60603,9,6,False,False,False,False,False,baseline,,mathstral,never,NOT_ROUTED
60603,1,mathstral,never,4,0,0,MATH/Llama,MATH/Gemma,60603,9,7,True,True,True,False,False,baseline,,mathstral,never,NOT_ROUTED
60603,1,mathstral,never,4,0,0,MATH/Llama,MATH/Gemma,60603,10,0,True,True,True,False,False,baseline,,mathstral,never,NOT_ROUTED
60603,1,mathstral,never,4,0,0,MATH/Llama,MATH/Gemma,60603,10,1,True,True,True,False,False,baseline,,mathstral,never,NOT_ROUTED
60603,1,mathstral,never,4,0,0,MATH/Llama,MATH/Gemma,60603,10,2,True,True,True,False,False,baseline,,mathstral,never,NOT_ROUTED
60603,1,mathstral,never,4,0,0,MATH/Llama,MATH/Gemma,60603,10,3,True,True,True,False,False,baseline,,mathstral,never,NOT_ROUTED
60603,1,mathstral,never,4,0,0,MATH/Llama,MATH/Gemma,60603,10,4,True,True,True,False,False,baseline,,mathstral,never,NOT_ROUTED
60603,1,mathstral,never,4,0,0,MATH/Llama,MATH/Gemma,60603,10,5,True,True,True,False,False,baseline,,mathstral,never,NOT_ROUTED
60603,1,mathstral,never,4,0,0,MATH/Llama,MATH/Gemma,60603,10,6,True,True,True,False,False,baseline,,mathstral,never,NOT_ROUTED
60603,1,mathstral,never,4,0,0,MATH/Llama,MATH/Gemma,60603,10,7,True,True,True,False,False,baseline,,mathstral,never,NOT_ROUTED
60603,1,mathstral,never,4,0,0,MATH/Llama,MATH/Gemma,60603,14,0,False,False,False,False,False,baseline,,mathstral,never,NOT_ROUTED
60603,1,mathstral,never,4,0,0,MATH/Llama,MATH/Gemma,60603,14,1,False,False,False,False,False,baseline,,mathstral,never,NOT_ROUTED
60603,1,mathstral,never,4,0,0,MATH/Llama,MATH/Gemma,60603,14,2,False,False,False,False,False,baseline,,mathstral,never,NOT_ROUTED
60603,1,mathstral,never,4,0,0,MATH/Llama,MATH/Gemma,60603,14,3,False,False,False,False,False,baseline,,mathstral,never,NOT_ROUTED
60603,1,mathstral,never,4,0,0,MATH/Llama,MATH/Gemma,60603,14,4,False,False,False,False,False,baseline,,mathstral,never,NOT_ROUTED
60603,1,mathstral,never,4,0,0,MATH/Llama,MATH/Gemma,60603,14,5,False,False,False,False,False,baseline,,mathstral,never,NOT_ROUTED
60603,1,mathstral,never,4,0,0,MATH/Llama,MATH/Gemma,60603,14,6,False,False,False,False,False,baseline,,mathstral,never,NOT_ROUTED
60603,1,mathstral,never,4,0,0,MATH/Llama,MATH/Gemma,60603,14,7,False,False,False,False,False,baseline,,mathstral,never,NOT_ROUTED
60603,1,mathstral,never,4,0,0,MATH/Llama,MATH/Gemma,60603,15,0,False,False,False,False,False,baseline,,mathstral,never,NOT_ROUTED
60603,1,mathstral,never,4,0,0,MATH/Llama,MATH/Gemma,60603,15,1,False,False,False,False,False,baseline,,mathstral,never,NOT_ROUTED
60603,1,mathstral,never,4,0,0,MATH/Llama,MATH/Gemma,60603,15,2,False,False,False,False,False,baseline,,mathstral,never,NOT_ROUTED
60603,1,mathstral,never,4,0,0,MATH/Llama,MATH/Gemma,60603,15,3,False,False,False,False,False,baseline,,mathstral,never,NOT_ROUTED
60603,1,mathstral,never,4,0,0,MATH/Llama,MATH/Gemma,60603,15,4,False,False,False,False,False,baseline,,mathstral,never,NOT_ROUTED
60603,1,mathstral,never,4,0,0,MATH/Llama,MATH/Gemma,60603,15,5,False,False,False,False,False,baseline,,mathstral,never,NOT_ROUTED
60603,1,mathstral,never,4,0,0,MATH/Llama,MATH/Gemma,60603,15,6,False,False,False,False,False,baseline,,mathstral,never,NOT_ROUTED
60603,1,mathstral,never,4,0,0,MATH/Llama,MATH/Gemma,60603,15,7,False,False,False,False,False,baseline,,mathstral,never,NOT_ROUTED
60603,1,mathstral,never,4,0,0,MATH/Llama,MATH/Gemma,60603,16,0,False,False,False,False,False,baseline,,mathstral,never,NOT_ROUTED
60603,1,mathstral,never,4,0,0,MATH/Llama,MATH/Gemma,60603,16,1,False,False,False,False,False,baseline,,mathstral,never,NOT_ROUTED
60603,1,mathstral,never,4,0,0,MATH/Llama,MATH/Gemma,60603,16,2,False,False,False,False,False,baseline,,mathstral,never,NOT_ROUTED
60603,1,mathstral,never,4,0,0,MATH/Llama,MATH/Gemma,60603,16,3,False,False,False,False,False,baseline,,mathstral,never,NOT_ROUTED
60603,1,mathstral,never,4,0,0,MATH/Llama,MATH/Gemma,60603,16,4,False,False,False,False,False,baseline,,mathstral,never,NOT_ROUTED
60603,1,mathstral,never,4,0,0,MATH/Llama,MATH/Gemma,60603,16,5,False,False,False,False,False,baseline,,mathstral,never,NOT_ROUTED
60603,1,mathstral,never,4,0,0,MATH/Llama,MATH/Gemma,60603,16,6,False,False,False,False,False,baseline,,mathstral,never,NOT_ROUTED
60603,1,mathstral,never,4,0,0,MATH/Llama,MATH/Gemma,60603,16,7,False,False,False,False,False,baseline,,mathstral,never,NOT_ROUTED
60603,1,mathstral,never,4,0,0,MATH/Llama,MATH/Gemma,60603,18,0,False,False,False,False,False,baseline,,mathstral,never,NOT_ROUTED
60603,1,mathstral,never,4,0,0,MATH/Llama,MATH/Gemma,60603,18,1,False,False,False,False,False,baseline,,mathstral,never,NOT_ROUTED
60603,1,mathstral,never,4,0,0,MATH/Llama,MATH/Gemma,60603,18,2,False,False,False,False,False,baseline,,mathstral,never,NOT_ROUTED
60603,1,mathstral,never,4,0,0,MATH/Llama,MATH/Gemma,60603,18,3,False,False,False,False,False,baseline,,mathstral,never,NOT_ROUTED
60603,1,mathstral,never,4,0,0,MATH/Llama,MATH/Gemma,60603,18,4,False,False,False,False,False,baseline,,mathstral,never,NOT_ROUTED
60603,1,mathstral,never,4,0,0,MATH/Llama,MATH/Gemma,60603,18,5,False,False,False,False,False,baseline,,mathstral,never,NOT_ROUTED
60603,1,mathstral,never,4,0,0,MATH/Llama,MATH/Gemma,60603,18,6,False,False,False,False,False,baseline,,mathstral,never,NOT_ROUTED
60603,1,mathstral,never,4,0,0,MATH/Llama,MATH/Gemma,60603,18,7,False,False,False,False,False,baseline,,mathstral,never,NOT_ROUTED
60603,1,mathstral,never,4,0,0,MATH/Llama,MATH/Gemma,60603,19,0,True,True,True,False,False,baseline,,mathstral,never,NOT_ROUTED
60603,1,mathstral,never,4,0,0,MATH/Llama,MATH/Gemma,60603,19,1,True,True,True,False,False,baseline,,mathstral,never,NOT_ROUTED
60603,1,mathstral,never,4,0,0,MATH/Llama,MATH/Gemma,60603,19,2,True,True,True,False,False,baseline,,mathstral,never,NOT_ROUTED
60603,1,mathstral,never,4,0,0,MATH/Llama,MATH/Gemma,60603,19,3,True,True,True,False,False,baseline,,mathstral,never,NOT_ROUTED
60603,1,mathstral,never,4,0,0,MATH/Llama,MATH/Gemma,60603,19,4,True,False,True,True,False,target_intersection_top20,pairwise_router_v123_llama_with_gemma_budget0_all_0011_regression_s60603_p19_t4,mathstral,never,A
60603,1,mathstral,never,4,0,0,MATH/Llama,MATH/Gemma,60603,19,5,True,True,True,False,False,baseline,,mathstral,never,NOT_ROUTED
60603,1,mathstral,never,4,0,0,MATH/Llama,MATH/Gemma,60603,19,6,True,True,True,False,False,baseline,,mathstral,never,NOT_ROUTED
60603,1,mathstral,never,4,0,0,MATH/Llama,MATH/Gemma,60603,19,7,True,True,True,False,False,baseline,,mathstral,never,NOT_ROUTED
60603,1,mathstral,never,4,0,0,MATH/Llama,MATH/Gemma,60603,25,0,True,True,True,False,False,baseline,,mathstral,never,NOT_ROUTED
60603,1,mathstral,never,4,0,0,MATH/Llama,MATH/Gemma,60603,25,1,True,True,True,False,False,baseline,,mathstral,never,NOT_ROUTED
60603,1,mathstral,never,4,0,0,MATH/Llama,MATH/Gemma,60603,25,2,True,True,True,False,False,baseline,,mathstral,never,NOT_ROUTED
60603,1,mathstral,never,4,0,0,MATH/Llama,MATH/Gemma,60603,25,3,True,True,True,False,False,baseline,,mathstral,never,NOT_ROUTED
60603,1,mathstral,never,4,0,0,MATH/Llama,MATH/Gemma,60603,25,4,True,True,True,False,False,baseline,,mathstral,never,NOT_ROUTED
60603,1,mathstral,never,4,0,0,MATH/Llama,MATH/Gemma,60603,25,5,True,True,True,False,False,baseline,,mathstral,never,NOT_ROUTED
60603,1,mathstral,never,4,0,0,MATH/Llama,MATH/Gemma,60603,25,6,True,True,True,False,False,baseline,,mathstral,never,NOT_ROUTED
60603,1,mathstral,never,4,0,0,MATH/Llama,MATH/Gemma,60603,25,7,True,True,True,False,False,baseline,,mathstral,never,NOT_ROUTED
60603,1,mathstral,never,4,0,0,MATH/Llama,MATH/Gemma,60603,28,0,False,False,False,False,False,baseline,,mathstral,never,NOT_ROUTED
60603,1,mathstral,never,4,0,0,MATH/Llama,MATH/Gemma,60603,28,1,False,False,False,False,False,baseline,,mathstral,never,NOT_ROUTED
60603,1,mathstral,never,4,0,0,MATH/Llama,MATH/Gemma,60603,28,2,False,False,False,False,False,baseline,,mathstral,never,NOT_ROUTED
60603,1,mathstral,never,4,0,0,MATH/Llama,MATH/Gemma,60603,28,3,False,False,False,False,False,baseline,,mathstral,never,NOT_ROUTED
60603,1,mathstral,never,4,0,0,MATH/Llama,MATH/Gemma,60603,28,4,False,False,False,False,False,baseline,,mathstral,never,NOT_ROUTED
60603,1,mathstral,never,4,0,0,MATH/Llama,MATH/Gemma,60603,28,5,False,False,False,False,False,baseline,,mathstral,never,NOT_ROUTED
60603,1,mathstral,never,4,0,0,MATH/Llama,MATH/Gemma,60603,28,6,False,False,False,False,False,baseline,,mathstral,never,NOT_ROUTED
60603,1,mathstral,never,4,0,0,MATH/Llama,MATH/Gemma,60603,28,7,False,False,False,False,False,baseline,,mathstral,never,NOT_ROUTED
60603,1,mathstral,never,4,0,0,MATH/Llama,MATH/Gemma,60603,29,0,True,True,True,False,False,baseline,,mathstral,never,NOT_ROUTED
60603,1,mathstral,never,4,0,0,MATH/Llama,MATH/Gemma,60603,29,1,True,True,True,False,False,baseline,,mathstral,never,NOT_ROUTED
60603,1,mathstral,never,4,0,0,MATH/Llama,MATH/Gemma,60603,29,2,True,True,True,False,False,baseline,,mathstral,never,NOT_ROUTED
60603,1,mathstral,never,4,0,0,MATH/Llama,MATH/Gemma,60603,29,3,True,True,True,False,False,baseline,,mathstral,never,NOT_ROUTED
60603,1,mathstral,never,4,0,0,MATH/Llama,MATH/Gemma,60603,29,4,True,True,True,False,False,baseline,,mathstral,never,NOT_ROUTED
60603,1,mathstral,never,4,0,0,MATH/Llama,MATH/Gemma,60603,29,5,True,True,True,False,False,baseline,,mathstral,never,NOT_ROUTED
60603,1,mathstral,never,4,0,0,MATH/Llama,MATH/Gemma,60603,29,6,True,True,True,False,False,baseline,,mathstral,never,NOT_ROUTED
60603,1,mathstral,never,4,0,0,MATH/Llama,MATH/Gemma,60603,29,7,True,True,True,False,False,baseline,,mathstral,never,NOT_ROUTED
60603,1,mathstral,never,4,0,0,MATH/Llama,MATH/Gemma,60603,30,0,True,True,True,False,False,baseline,,mathstral,never,NOT_ROUTED
60603,1,mathstral,never,4,0,0,MATH/Llama,MATH/Gemma,60603,30,1,True,True,True,False,False,baseline,,mathstral,never,NOT_ROUTED
60603,1,mathstral,never,4,0,0,MATH/Llama,MATH/Gemma,60603,30,2,True,True,True,False,False,baseline,,mathstral,never,NOT_ROUTED
60603,1,mathstral,never,4,0,0,MATH/Llama,MATH/Gemma,60603,30,3,True,True,True,False,False,baseline,,mathstral,never,NOT_ROUTED
60603,1,mathstral,never,4,0,0,MATH/Llama,MATH/Gemma,60603,30,4,True,True,True,False,False,baseline,,mathstral,never,NOT_ROUTED
60603,1,mathstral,never,4,0,0,MATH/Llama,MATH/Gemma,60603,30,5,True,True,True,False,False,baseline,,mathstral,never,NOT_ROUTED
60603,1,mathstral,never,4,0,0,MATH/Llama,MATH/Gemma,60603,30,6,True,True,True,False,False,baseline,,mathstral,never,NOT_ROUTED
60603,1,mathstral,never,4,0,0,MATH/Llama,MATH/Gemma,60603,30,7,True,True,True,False,False,baseline,,mathstral,never,NOT_ROUTED
60603,1,mathstral,never,4,0,0,MATH/Llama,MATH/Gemma,60603,32,0,True,True,True,False,False,baseline,,mathstral,never,NOT_ROUTED
60603,1,mathstral,never,4,0,0,MATH/Llama,MATH/Gemma,60603,32,1,True,True,True,False,False,baseline,,mathstral,never,NOT_ROUTED
60603,1,mathstral,never,4,0,0,MATH/Llama,MATH/Gemma,60603,32,2,True,True,True,False,False,baseline,,mathstral,never,NOT_ROUTED
60603,1,mathstral,never,4,0,0,MATH/Llama,MATH/Gemma,60603,32,3,True,True,True,False,False,baseline,,mathstral,never,NOT_ROUTED
60603,1,mathstral,never,4,0,0,MATH/Llama,MATH/Gemma,60603,32,4,True,True,True,False,False,baseline,,mathstral,never,NOT_ROUTED
60603,1,mathstral,never,4,0,0,MATH/Llama,MATH/Gemma,60603,32,5,True,True,True,False,False,baseline,,mathstral,never,NOT_ROUTED
60603,1,mathstral,never,4,0,0,MATH/Llama,MATH/Gemma,60603,32,6,True,True,True,False,False,baseline,,mathstral,never,NOT_ROUTED
60603,1,mathstral,never,4,0,0,MATH/Llama,MATH/Gemma,60603,32,7,True,True,True,False,False,baseline,,mathstral,never,NOT_ROUTED
60603,1,mathstral,never,4,0,0,MATH/Llama,MATH/Gemma,60603,35,0,True,True,True,False,False,baseline,,mathstral,never,NOT_ROUTED
60603,1,mathstral,never,4,0,0,MATH/Llama,MATH/Gemma,60603,35,1,True,True,True,False,False,baseline,,mathstral,never,NOT_ROUTED
60603,1,mathstral,never,4,0,0,MATH/Llama,MATH/Gemma,60603,35,2,True,True,True,False,False,baseline,,mathstral,never,NOT_ROUTED
60603,1,mathstral,never,4,0,0,MATH/Llama,MATH/Gemma,60603,35,3,True,True,True,False,False,baseline,,mathstral,never,NOT_ROUTED
60603,1,mathstral,never,4,0,0,MATH/Llama,MATH/Gemma,60603,35,4,True,True,True,False,False,baseline,,mathstral,never,NOT_ROUTED
60603,1,mathstral,never,4,0,0,MATH/Llama,MATH/Gemma,60603,35,5,True,True,True,False,False,baseline,,mathstral,never,NOT_ROUTED
60603,1,mathstral,never,4,0,0,MATH/Llama,MATH/Gemma,60603,35,6,True,True,True,False,False,baseline,,mathstral,never,NOT_ROUTED
60603,1,mathstral,never,4,0,0,MATH/Llama,MATH/Gemma,60603,35,7,True,True,True,False,False,baseline,,mathstral,never,NOT_ROUTED
60603,1,mathstral,never,4,0,0,MATH/Llama,MATH/Gemma,60603,39,0,True,True,True,False,False,baseline,,mathstral,never,NOT_ROUTED
60603,1,mathstral,never,4,0,0,MATH/Llama,MATH/Gemma,60603,39,1,True,True,True,False,False,baseline,,mathstral,never,NOT_ROUTED
60603,1,mathstral,never,4,0,0,MATH/Llama,MATH/Gemma,60603,39,2,True,True,True,False,False,baseline,,mathstral,never,NOT_ROUTED
60603,1,mathstral,never,4,0,0,MATH/Llama,MATH/Gemma,60603,39,3,True,True,True,False,False,baseline,,mathstral,never,NOT_ROUTED
60603,1,mathstral,never,4,0,0,MATH/Llama,MATH/Gemma,60603,39,4,True,True,True,False,False,baseline,,mathstral,never,NOT_ROUTED
60603,1,mathstral,never,4,0,0,MATH/Llama,MATH/Gemma,60603,39,5,True,True,True,False,False,baseline,,mathstral,never,NOT_ROUTED
60603,1,mathstral,never,4,0,0,MATH/Llama,MATH/Gemma,60603,39,6,True,True,True,False,False,baseline,,mathstral,never,NOT_ROUTED
60603,1,mathstral,never,4,0,0,MATH/Llama,MATH/Gemma,60603,39,7,True,True,True,False,False,baseline,,mathstral,never,NOT_ROUTED
60603,1,mathstral,never,4,0,0,MATH/Llama,MATH/Gemma,60603,41,0,False,False,False,False,False,baseline,,mathstral,never,NOT_ROUTED
60603,1,mathstral,never,4,0,0,MATH/Llama,MATH/Gemma,60603,41,1,False,False,False,False,False,baseline,,mathstral,never,NOT_ROUTED
60603,1,mathstral,never,4,0,0,MATH/Llama,MATH/Gemma,60603,41,2,False,False,False,False,False,baseline,,mathstral,never,NOT_ROUTED
60603,1,mathstral,never,4,0,0,MATH/Llama,MATH/Gemma,60603,41,3,False,False,False,False,False,baseline,,mathstral,never,NOT_ROUTED
60603,1,mathstral,never,4,0,0,MATH/Llama,MATH/Gemma,60603,41,4,False,False,False,False,False,baseline,,mathstral,never,NOT_ROUTED
60603,1,mathstral,never,4,0,0,MATH/Llama,MATH/Gemma,60603,41,5,False,False,False,False,False,baseline,,mathstral,never,NOT_ROUTED
60603,1,mathstral,never,4,0,0,MATH/Llama,MATH/Gemma,60603,41,6,False,False,False,False,False,baseline,,mathstral,never,NOT_ROUTED
60603,1,mathstral,never,4,0,0,MATH/Llama,MATH/Gemma,60603,41,7,False,False,False,False,False,baseline,,mathstral,never,NOT_ROUTED
60603,1,mathstral,never,4,0,0,MATH/Llama,MATH/Gemma,60603,42,0,False,False,False,False,False,baseline,,mathstral,never,NOT_ROUTED
60603,1,mathstral,never,4,0,0,MATH/Llama,MATH/Gemma,60603,42,1,False,False,False,False,False,baseline,,mathstral,never,NOT_ROUTED
60603,1,mathstral,never,4,0,0,MATH/Llama,MATH/Gemma,60603,42,2,False,False,False,False,False,baseline,,mathstral,never,NOT_ROUTED
60603,1,mathstral,never,4,0,0,MATH/Llama,MATH/Gemma,60603,42,3,False,False,False,False,False,baseline,,mathstral,never,NOT_ROUTED
60603,1,mathstral,never,4,0,0,MATH/Llama,MATH/Gemma,60603,42,4,False,False,False,False,False,baseline,,mathstral,never,NOT_ROUTED
60603,1,mathstral,never,4,0,0,MATH/Llama,MATH/Gemma,60603,42,5,False,False,False,False,False,baseline,,mathstral,never,NOT_ROUTED
60603,1,mathstral,never,4,0,0,MATH/Llama,MATH/Gemma,60603,42,6,False,False,False,False,False,baseline,,mathstral,never,NOT_ROUTED
60603,1,mathstral,never,4,0,0,MATH/Llama,MATH/Gemma,60603,42,7,False,False,False,True,False,target_intersection_top20,pairwise_router_v123_llama_with_gemma_budget0_all_0007_neither_correct_s60603_p42_t7,mathstral,never,NEITHER
60603,1,mathstral,never,4,0,0,MATH/Llama,MATH/Gemma,60603,43,0,True,True,True,False,False,baseline,,mathstral,never,NOT_ROUTED
60603,1,mathstral,never,4,0,0,MATH/Llama,MATH/Gemma,60603,43,1,True,True,True,False,False,baseline,,mathstral,never,NOT_ROUTED
60603,1,mathstral,never,4,0,0,MATH/Llama,MATH/Gemma,60603,43,2,True,True,True,False,False,baseline,,mathstral,never,NOT_ROUTED
60603,1,mathstral,never,4,0,0,MATH/Llama,MATH/Gemma,60603,43,3,True,True,True,False,False,baseline,,mathstral,never,NOT_ROUTED
60603,1,mathstral,never,4,0,0,MATH/Llama,MATH/Gemma,60603,43,4,True,True,True,False,False,baseline,,mathstral,never,NOT_ROUTED
60603,1,mathstral,never,4,0,0,MATH/Llama,MATH/Gemma,60603,43,5,True,True,True,False,False,baseline,,mathstral,never,NOT_ROUTED
60603,1,mathstral,never,4,0,0,MATH/Llama,MATH/Gemma,60603,43,6,True,True,True,False,False,baseline,,mathstral,never,NOT_ROUTED
60603,1,mathstral,never,4,0,0,MATH/Llama,MATH/Gemma,60603,43,7,True,True,True,False,False,baseline,,mathstral,never,NOT_ROUTED
60603,1,mathstral,never,4,0,0,MATH/Llama,MATH/Gemma,60603,47,0,False,False,False,False,False,baseline,,mathstral,never,NOT_ROUTED
60603,1,mathstral,never,4,0,0,MATH/Llama,MATH/Gemma,60603,47,1,True,True,True,False,False,baseline,,mathstral,never,NOT_ROUTED
60603,1,mathstral,never,4,0,0,MATH/Llama,MATH/Gemma,60603,47,2,True,True,True,False,False,baseline,,mathstral,never,NOT_ROUTED
60603,1,mathstral,never,4,0,0,MATH/Llama,MATH/Gemma,60603,47,3,False,True,False,True,False,union_rank_top3,pairwise_router_v123_llama_with_gemma_budget0_all_0010_recovery_s60603_p47_t3,mathstral,never,A
60603,1,mathstral,never,4,0,0,MATH/Llama,MATH/Gemma,60603,47,4,True,True,True,False,False,baseline,,mathstral,never,NOT_ROUTED
60603,1,mathstral,never,4,0,0,MATH/Llama,MATH/Gemma,60603,47,5,False,False,False,False,False,baseline,,mathstral,never,NOT_ROUTED
60603,1,mathstral,never,4,0,0,MATH/Llama,MATH/Gemma,60603,47,6,True,True,True,False,False,baseline,,mathstral,never,NOT_ROUTED
60603,1,mathstral,never,4,0,0,MATH/Llama,MATH/Gemma,60603,47,7,True,True,True,False,False,baseline,,mathstral,never,NOT_ROUTED
60603,1,mathstral,never,4,0,0,MATH/Llama,MATH/Gemma,60603,49,0,False,False,False,False,False,baseline,,mathstral,never,NOT_ROUTED
60603,1,mathstral,never,4,0,0,MATH/Llama,MATH/Gemma,60603,49,1,False,False,False,False,False,baseline,,mathstral,never,NOT_ROUTED
60603,1,mathstral,never,4,0,0,MATH/Llama,MATH/Gemma,60603,49,2,False,False,False,False,False,baseline,,mathstral,never,NOT_ROUTED
60603,1,mathstral,never,4,0,0,MATH/Llama,MATH/Gemma,60603,49,3,False,False,False,False,False,baseline,,mathstral,never,NOT_ROUTED
60603,1,mathstral,never,4,0,0,MATH/Llama,MATH/Gemma,60603,49,4,False,False,False,False,False,baseline,,mathstral,never,NOT_ROUTED
60603,1,mathstral,never,4,0,0,MATH/Llama,MATH/Gemma,60603,49,5,False,False,False,False,False,baseline,,mathstral,never,NOT_ROUTED
60603,1,mathstral,never,4,0,0,MATH/Llama,MATH/Gemma,60603,49,6,False,False,False,False,False,baseline,,mathstral,never,NOT_ROUTED
60603,1,mathstral,never,4,0,0,MATH/Llama,MATH/Gemma,60603,49,7,False,False,False,False,False,baseline,,mathstral,never,NOT_ROUTED
60603,1,mathstral,never,4,0,0,MATH/Llama,MATH/Gemma,60603,50,0,False,False,False,False,False,baseline,,mathstral,never,NOT_ROUTED
60603,1,mathstral,never,4,0,0,MATH/Llama,MATH/Gemma,60603,50,1,False,False,False,False,False,baseline,,mathstral,never,NOT_ROUTED
60603,1,mathstral,never,4,0,0,MATH/Llama,MATH/Gemma,60603,50,2,False,False,False,False,False,baseline,,mathstral,never,NOT_ROUTED
60603,1,mathstral,never,4,0,0,MATH/Llama,MATH/Gemma,60603,50,3,False,False,False,False,False,baseline,,mathstral,never,NOT_ROUTED
60603,1,mathstral,never,4,0,0,MATH/Llama,MATH/Gemma,60603,50,4,True,True,True,False,False,baseline,,mathstral,never,NOT_ROUTED
60603,1,mathstral,never,4,0,0,MATH/Llama,MATH/Gemma,60603,50,5,False,False,False,False,False,baseline,,mathstral,never,NOT_ROUTED
60603,1,mathstral,never,4,0,0,MATH/Llama,MATH/Gemma,60603,50,6,False,False,False,False,False,baseline,,mathstral,never,NOT_ROUTED
60603,1,mathstral,never,4,0,0,MATH/Llama,MATH/Gemma,60603,50,7,False,False,False,False,False,baseline,,mathstral,never,NOT_ROUTED
60603,1,mathstral,never,4,0,0,MATH/Llama,MATH/Gemma,60603,51,0,False,False,False,False,False,baseline,,mathstral,never,NOT_ROUTED
60603,1,mathstral,never,4,0,0,MATH/Llama,MATH/Gemma,60603,51,1,False,False,False,False,False,baseline,,mathstral,never,NOT_ROUTED
60603,1,mathstral,never,4,0,0,MATH/Llama,MATH/Gemma,60603,51,2,False,False,False,False,False,baseline,,mathstral,never,NOT_ROUTED
60603,1,mathstral,never,4,0,0,MATH/Llama,MATH/Gemma,60603,51,3,False,False,False,False,False,baseline,,mathstral,never,NOT_ROUTED
60603,1,mathstral,never,4,0,0,MATH/Llama,MATH/Gemma,60603,51,4,False,False,False,False,False,baseline,,mathstral,never,NOT_ROUTED
60603,1,mathstral,never,4,0,0,MATH/Llama,MATH/Gemma,60603,51,5,False,False,False,False,False,baseline,,mathstral,never,NOT_ROUTED
60603,1,mathstral,never,4,0,0,MATH/Llama,MATH/Gemma,60603,51,6,False,False,False,False,False,baseline,,mathstral,never,NOT_ROUTED
60603,1,mathstral,never,4,0,0,MATH/Llama,MATH/Gemma,60603,51,7,False,False,False,False,False,baseline,,mathstral,never,NOT_ROUTED
60603,1,mathstral,never,4,0,0,MATH/Llama,MATH/Gemma,60603,53,0,False,False,False,False,False,baseline,,mathstral,never,NOT_ROUTED
60603,1,mathstral,never,4,0,0,MATH/Llama,MATH/Gemma,60603,53,1,False,False,False,False,False,baseline,,mathstral,never,NOT_ROUTED
60603,1,mathstral,never,4,0,0,MATH/Llama,MATH/Gemma,60603,53,2,False,False,False,False,False,baseline,,mathstral,never,NOT_ROUTED
60603,1,mathstral,never,4,0,0,MATH/Llama,MATH/Gemma,60603,53,3,False,False,False,False,False,baseline,,mathstral,never,NOT_ROUTED
60603,1,mathstral,never,4,0,0,MATH/Llama,MATH/Gemma,60603,53,4,False,False,False,False,False,baseline,,mathstral,never,NOT_ROUTED
60603,1,mathstral,never,4,0,0,MATH/Llama,MATH/Gemma,60603,53,5,False,False,False,False,False,baseline,,mathstral,never,NOT_ROUTED
60603,1,mathstral,never,4,0,0,MATH/Llama,MATH/Gemma,60603,53,6,False,False,False,False,False,baseline,,mathstral,never,NOT_ROUTED
60603,1,mathstral,never,4,0,0,MATH/Llama,MATH/Gemma,60603,53,7,False,False,False,False,False,baseline,,mathstral,never,NOT_ROUTED
60603,1,mathstral,never,4,0,0,MATH/Llama,MATH/Gemma,60603,54,0,False,False,False,False,False,baseline,,mathstral,never,NOT_ROUTED
60603,1,mathstral,never,4,0,0,MATH/Llama,MATH/Gemma,60603,54,1,False,False,False,False,False,baseline,,mathstral,never,NOT_ROUTED
60603,1,mathstral,never,4,0,0,MATH/Llama,MATH/Gemma,60603,54,2,False,False,False,False,False,baseline,,mathstral,never,NOT_ROUTED
60603,1,mathstral,never,4,0,0,MATH/Llama,MATH/Gemma,60603,54,3,False,False,False,False,False,baseline,,mathstral,never,NOT_ROUTED
60603,1,mathstral,never,4,0,0,MATH/Llama,MATH/Gemma,60603,54,4,False,False,False,False,False,baseline,,mathstral,never,NOT_ROUTED
60603,1,mathstral,never,4,0,0,MATH/Llama,MATH/Gemma,60603,54,5,False,False,False,False,False,baseline,,mathstral,never,NOT_ROUTED
60603,1,mathstral,never,4,0,0,MATH/Llama,MATH/Gemma,60603,54,6,False,False,False,False,False,baseline,,mathstral,never,NOT_ROUTED
60603,1,mathstral,never,4,0,0,MATH/Llama,MATH/Gemma,60603,54,7,True,True,True,False,False,baseline,,mathstral,never,NOT_ROUTED
60603,1,mathstral,never,4,0,0,MATH/Llama,MATH/Gemma,60603,56,0,False,False,False,False,False,baseline,,mathstral,never,NOT_ROUTED
60603,1,mathstral,never,4,0,0,MATH/Llama,MATH/Gemma,60603,56,1,False,False,False,False,False,baseline,,mathstral,never,NOT_ROUTED
60603,1,mathstral,never,4,0,0,MATH/Llama,MATH/Gemma,60603,56,2,False,False,False,False,False,baseline,,mathstral,never,NOT_ROUTED
60603,1,mathstral,never,4,0,0,MATH/Llama,MATH/Gemma,60603,56,3,False,False,False,False,False,baseline,,mathstral,never,NOT_ROUTED
60603,1,mathstral,never,4,0,0,MATH/Llama,MATH/Gemma,60603,56,4,False,False,False,False,False,baseline,,mathstral,never,NOT_ROUTED
60603,1,mathstral,never,4,0,0,MATH/Llama,MATH/Gemma,60603,56,5,False,False,False,False,False,baseline,,mathstral,never,NOT_ROUTED
60603,1,mathstral,never,4,0,0,MATH/Llama,MATH/Gemma,60603,56,6,False,False,False,False,False,baseline,,mathstral,never,NOT_ROUTED
60603,1,mathstral,never,4,0,0,MATH/Llama,MATH/Gemma,60603,56,7,False,False,False,False,False,baseline,,mathstral,never,NOT_ROUTED
60603,1,mathstral,never,4,0,0,MATH/Llama,MATH/Gemma,60603,57,0,False,False,False,False,False,baseline,,mathstral,never,NOT_ROUTED
60603,1,mathstral,never,4,0,0,MATH/Llama,MATH/Gemma,60603,57,1,False,False,False,False,False,baseline,,mathstral,never,NOT_ROUTED
60603,1,mathstral,never,4,0,0,MATH/Llama,MATH/Gemma,60603,57,2,False,False,False,False,False,baseline,,mathstral,never,NOT_ROUTED
60603,1,mathstral,never,4,0,0,MATH/Llama,MATH/Gemma,60603,57,3,False,False,False,False,False,baseline,,mathstral,never,NOT_ROUTED
60603,1,mathstral,never,4,0,0,MATH/Llama,MATH/Gemma,60603,57,4,False,False,False,False,False,baseline,,mathstral,never,NOT_ROUTED
60603,1,mathstral,never,4,0,0,MATH/Llama,MATH/Gemma,60603,57,5,False,False,False,False,False,baseline,,mathstral,never,NOT_ROUTED
60603,1,mathstral,never,4,0,0,MATH/Llama,MATH/Gemma,60603,57,6,False,False,False,False,False,baseline,,mathstral,never,NOT_ROUTED
60603,1,mathstral,never,4,0,0,MATH/Llama,MATH/Gemma,60603,57,7,False,False,False,False,False,baseline,,mathstral,never,NOT_ROUTED
60603,1,mathstral,never,4,0,0,MATH/Llama,MATH/Gemma,60603,59,0,False,False,False,False,False,baseline,,mathstral,never,NOT_ROUTED
60603,1,mathstral,never,4,0,0,MATH/Llama,MATH/Gemma,60603,59,1,False,False,False,False,False,baseline,,mathstral,never,NOT_ROUTED
60603,1,mathstral,never,4,0,0,MATH/Llama,MATH/Gemma,60603,59,2,False,False,False,False,False,baseline,,mathstral,never,NOT_ROUTED
60603,1,mathstral,never,4,0,0,MATH/Llama,MATH/Gemma,60603,59,3,False,False,False,False,False,baseline,,mathstral,never,NOT_ROUTED
60603,1,mathstral,never,4,0,0,MATH/Llama,MATH/Gemma,60603,59,4,False,False,False,False,False,baseline,,mathstral,never,NOT_ROUTED
60603,1,mathstral,never,4,0,0,MATH/Llama,MATH/Gemma,60603,59,5,False,False,False,False,False,baseline,,mathstral,never,NOT_ROUTED
60603,1,mathstral,never,4,0,0,MATH/Llama,MATH/Gemma,60603,59,6,False,False,False,False,False,baseline,,mathstral,never,NOT_ROUTED
60603,1,mathstral,never,4,0,0,MATH/Llama,MATH/Gemma,60603,59,7,False,False,False,False,False,baseline,,mathstral,never,NOT_ROUTED
60603,1,mathstral,never,4,0,0,MATH/Llama,MATH/Gemma,60603,60,0,False,False,False,False,False,baseline,,mathstral,never,NOT_ROUTED
60603,1,mathstral,never,4,0,0,MATH/Llama,MATH/Gemma,60603,60,1,False,False,False,False,False,baseline,,mathstral,never,NOT_ROUTED
60603,1,mathstral,never,4,0,0,MATH/Llama,MATH/Gemma,60603,60,2,False,False,False,False,False,baseline,,mathstral,never,NOT_ROUTED
60603,1,mathstral,never,4,0,0,MATH/Llama,MATH/Gemma,60603,60,3,False,False,False,False,False,baseline,,mathstral,never,NOT_ROUTED
60603,1,mathstral,never,4,0,0,MATH/Llama,MATH/Gemma,60603,60,4,False,False,False,False,False,baseline,,mathstral,never,NOT_ROUTED
60603,1,mathstral,never,4,0,0,MATH/Llama,MATH/Gemma,60603,60,5,False,False,False,False,False,baseline,,mathstral,never,NOT_ROUTED
60603,1,mathstral,never,4,0,0,MATH/Llama,MATH/Gemma,60603,60,6,False,False,False,False,False,baseline,,mathstral,never,NOT_ROUTED
60603,1,mathstral,never,4,0,0,MATH/Llama,MATH/Gemma,60603,60,7,False,False,False,False,False,baseline,,mathstral,never,NOT_ROUTED
60603,1,mathstral,never,4,0,0,MATH/Llama,MATH/Gemma,60603,61,0,False,False,False,False,False,baseline,,mathstral,never,NOT_ROUTED
60603,1,mathstral,never,4,0,0,MATH/Llama,MATH/Gemma,60603,61,1,False,False,False,False,False,baseline,,mathstral,never,NOT_ROUTED
60603,1,mathstral,never,4,0,0,MATH/Llama,MATH/Gemma,60603,61,2,False,False,False,False,False,baseline,,mathstral,never,NOT_ROUTED
60603,1,mathstral,never,4,0,0,MATH/Llama,MATH/Gemma,60603,61,3,False,False,False,False,False,baseline,,mathstral,never,NOT_ROUTED
60603,1,mathstral,never,4,0,0,MATH/Llama,MATH/Gemma,60603,61,4,False,False,False,False,False,baseline,,mathstral,never,NOT_ROUTED
60603,1,mathstral,never,4,0,0,MATH/Llama,MATH/Gemma,60603,61,5,False,False,False,False,False,baseline,,mathstral,never,NOT_ROUTED
60603,1,mathstral,never,4,0,0,MATH/Llama,MATH/Gemma,60603,61,6,False,False,False,False,False,baseline,,mathstral,never,NOT_ROUTED
60603,1,mathstral,never,4,0,0,MATH/Llama,MATH/Gemma,60603,61,7,False,False,False,False,False,baseline,,mathstral,never,NOT_ROUTED
60603,1,mathstral,never,4,0,0,MATH/Llama,MATH/Gemma,60603,62,0,False,False,False,False,False,baseline,,mathstral,never,NOT_ROUTED
60603,1,mathstral,never,4,0,0,MATH/Llama,MATH/Gemma,60603,62,1,False,False,False,False,False,baseline,,mathstral,never,NOT_ROUTED
60603,1,mathstral,never,4,0,0,MATH/Llama,MATH/Gemma,60603,62,2,False,False,False,False,False,baseline,,mathstral,never,NOT_ROUTED
60603,1,mathstral,never,4,0,0,MATH/Llama,MATH/Gemma,60603,62,3,False,False,False,False,False,baseline,,mathstral,never,NOT_ROUTED
60603,1,mathstral,never,4,0,0,MATH/Llama,MATH/Gemma,60603,62,4,False,False,False,False,False,baseline,,mathstral,never,NOT_ROUTED
60603,1,mathstral,never,4,0,0,MATH/Llama,MATH/Gemma,60603,62,5,False,False,False,False,False,baseline,,mathstral,never,NOT_ROUTED
60603,1,mathstral,never,4,0,0,MATH/Llama,MATH/Gemma,60603,62,6,False,False,False,False,False,baseline,,mathstral,never,NOT_ROUTED
60603,1,mathstral,never,4,0,0,MATH/Llama,MATH/Gemma,60603,62,7,False,False,False,False,False,baseline,,mathstral,never,NOT_ROUTED
60603,1,mathstral,never,4,0,0,MATH/Llama,MATH/Gemma,60603,63,0,True,True,True,False,False,baseline,,mathstral,never,NOT_ROUTED
60603,1,mathstral,never,4,0,0,MATH/Llama,MATH/Gemma,60603,63,1,True,True,True,False,False,baseline,,mathstral,never,NOT_ROUTED
60603,1,mathstral,never,4,0,0,MATH/Llama,MATH/Gemma,60603,63,2,True,True,True,False,False,baseline,,mathstral,never,NOT_ROUTED
60603,1,mathstral,never,4,0,0,MATH/Llama,MATH/Gemma,60603,63,3,True,True,True,False,False,baseline,,mathstral,never,NOT_ROUTED
60603,1,mathstral,never,4,0,0,MATH/Llama,MATH/Gemma,60603,63,4,True,True,True,False,False,baseline,,mathstral,never,NOT_ROUTED
60603,1,mathstral,never,4,0,0,MATH/Llama,MATH/Gemma,60603,63,5,True,True,True,False,False,baseline,,mathstral,never,NOT_ROUTED
60603,1,mathstral,never,4,0,0,MATH/Llama,MATH/Gemma,60603,63,6,True,True,True,False,False,baseline,,mathstral,never,NOT_ROUTED
60603,1,mathstral,never,4,0,0,MATH/Llama,MATH/Gemma,60603,63,7,True,True,True,False,False,baseline,,mathstral,never,NOT_ROUTED
60603,1,mathstral,never,4,0,0,MATH/Llama,MATH/Gemma,60603,65,0,False,False,False,False,False,baseline,,mathstral,never,NOT_ROUTED
60603,1,mathstral,never,4,0,0,MATH/Llama,MATH/Gemma,60603,65,1,False,False,False,False,False,baseline,,mathstral,never,NOT_ROUTED
60603,1,mathstral,never,4,0,0,MATH/Llama,MATH/Gemma,60603,65,2,False,False,False,False,False,baseline,,mathstral,never,NOT_ROUTED
60603,1,mathstral,never,4,0,0,MATH/Llama,MATH/Gemma,60603,65,3,False,False,False,False,False,baseline,,mathstral,never,NOT_ROUTED
60603,1,mathstral,never,4,0,0,MATH/Llama,MATH/Gemma,60603,65,4,False,False,False,False,False,baseline,,mathstral,never,NOT_ROUTED
60603,1,mathstral,never,4,0,0,MATH/Llama,MATH/Gemma,60603,65,5,False,False,False,False,False,baseline,,mathstral,never,NOT_ROUTED
60603,1,mathstral,never,4,0,0,MATH/Llama,MATH/Gemma,60603,65,6,False,False,False,False,False,baseline,,mathstral,never,NOT_ROUTED
60603,1,mathstral,never,4,0,0,MATH/Llama,MATH/Gemma,60603,65,7,False,False,False,False,False,baseline,,mathstral,never,NOT_ROUTED
60603,1,mathstral,never,4,0,0,MATH/Llama,MATH/Gemma,60603,67,0,True,True,True,False,False,baseline,,mathstral,never,NOT_ROUTED
60603,1,mathstral,never,4,0,0,MATH/Llama,MATH/Gemma,60603,67,1,True,True,True,False,False,baseline,,mathstral,never,NOT_ROUTED
60603,1,mathstral,never,4,0,0,MATH/Llama,MATH/Gemma,60603,67,2,True,True,True,False,False,baseline,,mathstral,never,NOT_ROUTED
60603,1,mathstral,never,4,0,0,MATH/Llama,MATH/Gemma,60603,67,3,True,True,True,False,False,baseline,,mathstral,never,NOT_ROUTED
60603,1,mathstral,never,4,0,0,MATH/Llama,MATH/Gemma,60603,67,4,True,True,True,False,False,baseline,,mathstral,never,NOT_ROUTED
60603,1,mathstral,never,4,0,0,MATH/Llama,MATH/Gemma,60603,67,5,True,True,True,False,False,baseline,,mathstral,never,NOT_ROUTED
60603,1,mathstral,never,4,0,0,MATH/Llama,MATH/Gemma,60603,67,6,True,True,True,False,False,baseline,,mathstral,never,NOT_ROUTED
60603,1,mathstral,never,4,0,0,MATH/Llama,MATH/Gemma,60603,67,7,True,True,True,False,False,baseline,,mathstral,never,NOT_ROUTED
60603,1,mathstral,never,4,0,0,MATH/Llama,MATH/Gemma,60603,69,0,False,False,False,False,False,baseline,,mathstral,never,NOT_ROUTED
60603,1,mathstral,never,4,0,0,MATH/Llama,MATH/Gemma,60603,69,1,False,False,False,False,False,baseline,,mathstral,never,NOT_ROUTED
60603,1,mathstral,never,4,0,0,MATH/Llama,MATH/Gemma,60603,69,2,False,False,False,False,False,baseline,,mathstral,never,NOT_ROUTED
60603,1,mathstral,never,4,0,0,MATH/Llama,MATH/Gemma,60603,69,3,False,False,False,False,False,baseline,,mathstral,never,NOT_ROUTED
60603,1,mathstral,never,4,0,0,MATH/Llama,MATH/Gemma,60603,69,4,False,False,False,False,False,baseline,,mathstral,never,NOT_ROUTED
60603,1,mathstral,never,4,0,0,MATH/Llama,MATH/Gemma,60603,69,5,False,False,False,False,False,baseline,,mathstral,never,NOT_ROUTED
60603,1,mathstral,never,4,0,0,MATH/Llama,MATH/Gemma,60603,69,6,False,False,False,False,False,baseline,,mathstral,never,NOT_ROUTED
60603,1,mathstral,never,4,0,0,MATH/Llama,MATH/Gemma,60603,69,7,False,False,False,False,False,baseline,,mathstral,never,NOT_ROUTED
60603,1,mathstral,never,4,0,0,MATH/Llama,MATH/Gemma,60603,70,0,False,False,False,False,False,baseline,,mathstral,never,NOT_ROUTED
60603,1,mathstral,never,4,0,0,MATH/Llama,MATH/Gemma,60603,70,1,False,False,False,False,False,baseline,,mathstral,never,NOT_ROUTED
60603,1,mathstral,never,4,0,0,MATH/Llama,MATH/Gemma,60603,70,2,False,False,False,False,False,baseline,,mathstral,never,NOT_ROUTED
60603,1,mathstral,never,4,0,0,MATH/Llama,MATH/Gemma,60603,70,3,False,False,False,False,False,baseline,,mathstral,never,NOT_ROUTED
60603,1,mathstral,never,4,0,0,MATH/Llama,MATH/Gemma,60603,70,4,False,False,False,False,False,baseline,,mathstral,never,NOT_ROUTED
60603,1,mathstral,never,4,0,0,MATH/Llama,MATH/Gemma,60603,70,5,False,False,False,False,False,baseline,,mathstral,never,NOT_ROUTED
60603,1,mathstral,never,4,0,0,MATH/Llama,MATH/Gemma,60603,70,6,False,False,False,False,False,baseline,,mathstral,never,NOT_ROUTED
60603,1,mathstral,never,4,0,0,MATH/Llama,MATH/Gemma,60603,70,7,False,False,False,False,False,baseline,,mathstral,never,NOT_ROUTED
60603,1,mathstral,never,4,0,0,MATH/Llama,MATH/Gemma,60603,71,0,False,False,False,False,False,baseline,,mathstral,never,NOT_ROUTED
60603,1,mathstral,never,4,0,0,MATH/Llama,MATH/Gemma,60603,71,1,False,False,False,False,False,baseline,,mathstral,never,NOT_ROUTED
60603,1,mathstral,never,4,0,0,MATH/Llama,MATH/Gemma,60603,71,2,False,False,False,False,False,baseline,,mathstral,never,NOT_ROUTED
60603,1,mathstral,never,4,0,0,MATH/Llama,MATH/Gemma,60603,71,3,False,False,False,False,False,baseline,,mathstral,never,NOT_ROUTED
60603,1,mathstral,never,4,0,0,MATH/Llama,MATH/Gemma,60603,71,4,False,False,False,False,False,baseline,,mathstral,never,NOT_ROUTED
60603,1,mathstral,never,4,0,0,MATH/Llama,MATH/Gemma,60603,71,5,True,True,True,False,False,baseline,,mathstral,never,NOT_ROUTED
60603,1,mathstral,never,4,0,0,MATH/Llama,MATH/Gemma,60603,71,6,False,False,False,False,False,baseline,,mathstral,never,NOT_ROUTED
60603,1,mathstral,never,4,0,0,MATH/Llama,MATH/Gemma,60603,71,7,False,False,False,False,False,baseline,,mathstral,never,NOT_ROUTED
60603,1,mathstral,never,4,0,0,MATH/Llama,MATH/Gemma,60603,77,0,False,False,False,False,False,baseline,,mathstral,never,NOT_ROUTED
60603,1,mathstral,never,4,0,0,MATH/Llama,MATH/Gemma,60603,77,1,False,False,False,False,False,baseline,,mathstral,never,NOT_ROUTED
60603,1,mathstral,never,4,0,0,MATH/Llama,MATH/Gemma,60603,77,2,False,False,False,False,False,baseline,,mathstral,never,NOT_ROUTED
60603,1,mathstral,never,4,0,0,MATH/Llama,MATH/Gemma,60603,77,3,False,False,False,False,False,baseline,,mathstral,never,NOT_ROUTED
60603,1,mathstral,never,4,0,0,MATH/Llama,MATH/Gemma,60603,77,4,False,False,False,False,False,baseline,,mathstral,never,NOT_ROUTED
60603,1,mathstral,never,4,0,0,MATH/Llama,MATH/Gemma,60603,77,5,False,False,False,False,False,baseline,,mathstral,never,NOT_ROUTED
60603,1,mathstral,never,4,0,0,MATH/Llama,MATH/Gemma,60603,77,6,False,False,False,False,False,baseline,,mathstral,never,NOT_ROUTED
60603,1,mathstral,never,4,0,0,MATH/Llama,MATH/Gemma,60603,77,7,False,False,False,False,False,baseline,,mathstral,never,NOT_ROUTED
60603,1,mathstral,never,4,0,0,MATH/Llama,MATH/Gemma,60603,78,0,False,False,False,False,False,baseline,,mathstral,never,NOT_ROUTED
60603,1,mathstral,never,4,0,0,MATH/Llama,MATH/Gemma,60603,78,1,False,False,False,False,False,baseline,,mathstral,never,NOT_ROUTED
60603,1,mathstral,never,4,0,0,MATH/Llama,MATH/Gemma,60603,78,2,False,False,False,False,False,baseline,,mathstral,never,NOT_ROUTED
60603,1,mathstral,never,4,0,0,MATH/Llama,MATH/Gemma,60603,78,3,False,False,False,False,False,baseline,,mathstral,never,NOT_ROUTED
60603,1,mathstral,never,4,0,0,MATH/Llama,MATH/Gemma,60603,78,4,False,False,False,False,False,baseline,,mathstral,never,NOT_ROUTED
60603,1,mathstral,never,4,0,0,MATH/Llama,MATH/Gemma,60603,78,5,False,False,False,False,False,baseline,,mathstral,never,NOT_ROUTED
60603,1,mathstral,never,4,0,0,MATH/Llama,MATH/Gemma,60603,78,6,False,False,False,False,False,baseline,,mathstral,never,NOT_ROUTED
60603,1,mathstral,never,4,0,0,MATH/Llama,MATH/Gemma,60603,78,7,False,False,False,False,False,baseline,,mathstral,never,NOT_ROUTED
60603,1,mathstral,never,4,0,0,MATH/Llama,MATH/Gemma,60603,79,0,True,True,True,False,False,baseline,,mathstral,never,NOT_ROUTED
60603,1,mathstral,never,4,0,0,MATH/Llama,MATH/Gemma,60603,79,1,True,True,True,False,False,baseline,,mathstral,never,NOT_ROUTED
60603,1,mathstral,never,4,0,0,MATH/Llama,MATH/Gemma,60603,79,2,True,True,True,False,False,baseline,,mathstral,never,NOT_ROUTED
60603,1,mathstral,never,4,0,0,MATH/Llama,MATH/Gemma,60603,79,3,True,True,True,False,False,baseline,,mathstral,never,NOT_ROUTED
60603,1,mathstral,never,4,0,0,MATH/Llama,MATH/Gemma,60603,79,4,True,True,True,False,False,baseline,,mathstral,never,NOT_ROUTED
60603,1,mathstral,never,4,0,0,MATH/Llama,MATH/Gemma,60603,79,5,True,True,True,False,False,baseline,,mathstral,never,NOT_ROUTED
60603,1,mathstral,never,4,0,0,MATH/Llama,MATH/Gemma,60603,79,6,True,True,True,False,False,baseline,,mathstral,never,NOT_ROUTED
60603,1,mathstral,never,4,0,0,MATH/Llama,MATH/Gemma,60603,79,7,True,True,True,False,False,baseline,,mathstral,never,NOT_ROUTED
60603,1,mathstral,never,4,0,0,MATH/Llama,MATH/Gemma,60603,81,0,False,False,False,False,False,baseline,,mathstral,never,NOT_ROUTED
60603,1,mathstral,never,4,0,0,MATH/Llama,MATH/Gemma,60603,81,1,False,False,False,False,False,baseline,,mathstral,never,NOT_ROUTED
60603,1,mathstral,never,4,0,0,MATH/Llama,MATH/Gemma,60603,81,2,False,False,False,False,False,baseline,,mathstral,never,NOT_ROUTED
60603,1,mathstral,never,4,0,0,MATH/Llama,MATH/Gemma,60603,81,3,False,False,False,False,False,baseline,,mathstral,never,NOT_ROUTED
60603,1,mathstral,never,4,0,0,MATH/Llama,MATH/Gemma,60603,81,4,False,False,False,False,False,baseline,,mathstral,never,NOT_ROUTED
60603,1,mathstral,never,4,0,0,MATH/Llama,MATH/Gemma,60603,81,5,False,False,False,False,False,baseline,,mathstral,never,NOT_ROUTED
60603,1,mathstral,never,4,0,0,MATH/Llama,MATH/Gemma,60603,81,6,False,False,False,False,False,baseline,,mathstral,never,NOT_ROUTED
60603,1,mathstral,never,4,0,0,MATH/Llama,MATH/Gemma,60603,81,7,False,False,False,False,False,baseline,,mathstral,never,NOT_ROUTED
60603,1,mathstral,never,4,0,0,MATH/Llama,MATH/Gemma,60603,82,0,False,False,False,False,False,baseline,,mathstral,never,NOT_ROUTED
60603,1,mathstral,never,4,0,0,MATH/Llama,MATH/Gemma,60603,82,1,False,False,False,False,False,baseline,,mathstral,never,NOT_ROUTED
60603,1,mathstral,never,4,0,0,MATH/Llama,MATH/Gemma,60603,82,2,False,False,False,False,False,baseline,,mathstral,never,NOT_ROUTED
60603,1,mathstral,never,4,0,0,MATH/Llama,MATH/Gemma,60603,82,3,False,False,False,False,False,baseline,,mathstral,never,NOT_ROUTED
60603,1,mathstral,never,4,0,0,MATH/Llama,MATH/Gemma,60603,82,4,False,False,False,False,False,baseline,,mathstral,never,NOT_ROUTED
60603,1,mathstral,never,4,0,0,MATH/Llama,MATH/Gemma,60603,82,5,False,False,False,False,False,baseline,,mathstral,never,NOT_ROUTED
60603,1,mathstral,never,4,0,0,MATH/Llama,MATH/Gemma,60603,82,6,False,False,False,False,False,baseline,,mathstral,never,NOT_ROUTED
60603,1,mathstral,never,4,0,0,MATH/Llama,MATH/Gemma,60603,82,7,False,False,False,False,False,baseline,,mathstral,never,NOT_ROUTED
60603,1,mathstral,never,4,0,0,MATH/Llama,MATH/Gemma,60603,83,0,True,True,True,False,False,baseline,,mathstral,never,NOT_ROUTED
60603,1,mathstral,never,4,0,0,MATH/Llama,MATH/Gemma,60603,83,1,True,True,True,False,False,baseline,,mathstral,never,NOT_ROUTED
60603,1,mathstral,never,4,0,0,MATH/Llama,MATH/Gemma,60603,83,2,True,True,True,False,False,baseline,,mathstral,never,NOT_ROUTED
60603,1,mathstral,never,4,0,0,MATH/Llama,MATH/Gemma,60603,83,3,True,True,True,False,False,baseline,,mathstral,never,NOT_ROUTED
60603,1,mathstral,never,4,0,0,MATH/Llama,MATH/Gemma,60603,83,4,True,True,True,False,False,baseline,,mathstral,never,NOT_ROUTED
60603,1,mathstral,never,4,0,0,MATH/Llama,MATH/Gemma,60603,83,5,True,True,True,False,False,baseline,,mathstral,never,NOT_ROUTED
60603,1,mathstral,never,4,0,0,MATH/Llama,MATH/Gemma,60603,83,6,True,True,True,False,False,baseline,,mathstral,never,NOT_ROUTED
60603,1,mathstral,never,4,0,0,MATH/Llama,MATH/Gemma,60603,83,7,True,True,True,False,False,baseline,,mathstral,never,NOT_ROUTED
60603,1,mathstral,never,4,0,0,MATH/Llama,MATH/Gemma,60603,85,0,True,True,True,False,False,baseline,,mathstral,never,NOT_ROUTED
60603,1,mathstral,never,4,0,0,MATH/Llama,MATH/Gemma,60603,85,1,True,True,True,False,False,baseline,,mathstral,never,NOT_ROUTED
60603,1,mathstral,never,4,0,0,MATH/Llama,MATH/Gemma,60603,85,2,True,True,True,False,False,baseline,,mathstral,never,NOT_ROUTED
60603,1,mathstral,never,4,0,0,MATH/Llama,MATH/Gemma,60603,85,3,True,True,True,False,False,baseline,,mathstral,never,NOT_ROUTED
60603,1,mathstral,never,4,0,0,MATH/Llama,MATH/Gemma,60603,85,4,False,False,False,False,False,baseline,,mathstral,never,NOT_ROUTED
60603,1,mathstral,never,4,0,0,MATH/Llama,MATH/Gemma,60603,85,5,True,True,True,False,False,baseline,,mathstral,never,NOT_ROUTED
60603,1,mathstral,never,4,0,0,MATH/Llama,MATH/Gemma,60603,85,6,True,True,True,False,False,baseline,,mathstral,never,NOT_ROUTED
60603,1,mathstral,never,4,0,0,MATH/Llama,MATH/Gemma,60603,85,7,True,True,True,False,False,baseline,,mathstral,never,NOT_ROUTED
60603,1,mathstral,never,4,0,0,MATH/Llama,MATH/Gemma,60603,86,0,True,True,True,False,False,baseline,,mathstral,never,NOT_ROUTED
60603,1,mathstral,never,4,0,0,MATH/Llama,MATH/Gemma,60603,86,1,True,True,True,False,False,baseline,,mathstral,never,NOT_ROUTED
60603,1,mathstral,never,4,0,0,MATH/Llama,MATH/Gemma,60603,86,2,True,True,True,False,False,baseline,,mathstral,never,NOT_ROUTED
60603,1,mathstral,never,4,0,0,MATH/Llama,MATH/Gemma,60603,86,3,True,True,True,False,False,baseline,,mathstral,never,NOT_ROUTED
60603,1,mathstral,never,4,0,0,MATH/Llama,MATH/Gemma,60603,86,4,True,True,True,False,False,baseline,,mathstral,never,NOT_ROUTED
60603,1,mathstral,never,4,0,0,MATH/Llama,MATH/Gemma,60603,86,5,True,True,True,False,False,baseline,,mathstral,never,NOT_ROUTED
60603,1,mathstral,never,4,0,0,MATH/Llama,MATH/Gemma,60603,86,6,True,True,True,False,False,baseline,,mathstral,never,NOT_ROUTED
60603,1,mathstral,never,4,0,0,MATH/Llama,MATH/Gemma,60603,86,7,True,True,True,False,False,baseline,,mathstral,never,NOT_ROUTED
60603,1,mathstral,never,4,0,0,MATH/Llama,MATH/Gemma,60603,87,0,False,False,False,False,False,baseline,,mathstral,never,NOT_ROUTED
60603,1,mathstral,never,4,0,0,MATH/Llama,MATH/Gemma,60603,87,1,False,False,False,False,False,baseline,,mathstral,never,NOT_ROUTED
60603,1,mathstral,never,4,0,0,MATH/Llama,MATH/Gemma,60603,87,2,False,False,False,False,False,baseline,,mathstral,never,NOT_ROUTED
60603,1,mathstral,never,4,0,0,MATH/Llama,MATH/Gemma,60603,87,3,False,False,False,False,False,baseline,,mathstral,never,NOT_ROUTED
60603,1,mathstral,never,4,0,0,MATH/Llama,MATH/Gemma,60603,87,4,False,False,False,False,False,baseline,,mathstral,never,NOT_ROUTED
60603,1,mathstral,never,4,0,0,MATH/Llama,MATH/Gemma,60603,87,5,False,False,False,False,False,baseline,,mathstral,never,NOT_ROUTED
60603,1,mathstral,never,4,0,0,MATH/Llama,MATH/Gemma,60603,87,6,False,False,False,False,False,baseline,,mathstral,never,NOT_ROUTED
60603,1,mathstral,never,4,0,0,MATH/Llama,MATH/Gemma,60603,87,7,False,False,False,False,False,baseline,,mathstral,never,NOT_ROUTED
60603,1,mathstral,never,4,0,0,MATH/Llama,MATH/Gemma,60603,88,0,False,False,False,False,False,baseline,,mathstral,never,NOT_ROUTED
60603,1,mathstral,never,4,0,0,MATH/Llama,MATH/Gemma,60603,88,1,False,False,False,False,False,baseline,,mathstral,never,NOT_ROUTED
60603,1,mathstral,never,4,0,0,MATH/Llama,MATH/Gemma,60603,88,2,False,False,False,False,False,baseline,,mathstral,never,NOT_ROUTED
60603,1,mathstral,never,4,0,0,MATH/Llama,MATH/Gemma,60603,88,3,False,False,False,False,False,baseline,,mathstral,never,NOT_ROUTED
60603,1,mathstral,never,4,0,0,MATH/Llama,MATH/Gemma,60603,88,4,False,False,False,False,False,baseline,,mathstral,never,NOT_ROUTED
60603,1,mathstral,never,4,0,0,MATH/Llama,MATH/Gemma,60603,88,5,False,False,False,False,False,baseline,,mathstral,never,NOT_ROUTED
60603,1,mathstral,never,4,0,0,MATH/Llama,MATH/Gemma,60603,88,6,False,False,False,False,False,baseline,,mathstral,never,NOT_ROUTED
60603,1,mathstral,never,4,0,0,MATH/Llama,MATH/Gemma,60603,88,7,False,False,False,False,False,baseline,,mathstral,never,NOT_ROUTED
60603,1,mathstral,never,4,0,0,MATH/Llama,MATH/Gemma,60603,90,0,True,True,True,False,False,baseline,,mathstral,never,NOT_ROUTED
60603,1,mathstral,never,4,0,0,MATH/Llama,MATH/Gemma,60603,90,1,True,True,True,False,False,baseline,,mathstral,never,NOT_ROUTED
60603,1,mathstral,never,4,0,0,MATH/Llama,MATH/Gemma,60603,90,2,True,True,True,False,False,baseline,,mathstral,never,NOT_ROUTED
60603,1,mathstral,never,4,0,0,MATH/Llama,MATH/Gemma,60603,90,3,True,True,True,False,False,baseline,,mathstral,never,NOT_ROUTED
60603,1,mathstral,never,4,0,0,MATH/Llama,MATH/Gemma,60603,90,4,True,True,True,False,False,baseline,,mathstral,never,NOT_ROUTED
60603,1,mathstral,never,4,0,0,MATH/Llama,MATH/Gemma,60603,90,5,True,True,True,False,False,baseline,,mathstral,never,NOT_ROUTED
60603,1,mathstral,never,4,0,0,MATH/Llama,MATH/Gemma,60603,90,6,True,True,True,False,False,baseline,,mathstral,never,NOT_ROUTED
60603,1,mathstral,never,4,0,0,MATH/Llama,MATH/Gemma,60603,90,7,True,True,True,False,False,baseline,,mathstral,never,NOT_ROUTED
60603,1,mathstral,never,4,0,0,MATH/Llama,MATH/Gemma,60603,91,0,True,True,True,False,False,baseline,,mathstral,never,NOT_ROUTED
60603,1,mathstral,never,4,0,0,MATH/Llama,MATH/Gemma,60603,91,1,True,True,True,False,False,baseline,,mathstral,never,NOT_ROUTED
60603,1,mathstral,never,4,0,0,MATH/Llama,MATH/Gemma,60603,91,2,True,True,True,False,False,baseline,,mathstral,never,NOT_ROUTED
60603,1,mathstral,never,4,0,0,MATH/Llama,MATH/Gemma,60603,91,3,True,True,True,False,False,baseline,,mathstral,never,NOT_ROUTED
60603,1,mathstral,never,4,0,0,MATH/Llama,MATH/Gemma,60603,91,4,True,True,True,False,False,baseline,,mathstral,never,NOT_ROUTED
60603,1,mathstral,never,4,0,0,MATH/Llama,MATH/Gemma,60603,91,5,True,True,True,False,False,baseline,,mathstral,never,NOT_ROUTED
60603,1,mathstral,never,4,0,0,MATH/Llama,MATH/Gemma,60603,91,6,True,True,True,False,False,baseline,,mathstral,never,NOT_ROUTED
60603,1,mathstral,never,4,0,0,MATH/Llama,MATH/Gemma,60603,91,7,True,True,True,False,False,baseline,,mathstral,never,NOT_ROUTED
60603,1,mathstral,never,4,0,0,MATH/Llama,MATH/Gemma,60603,94,0,False,False,False,False,False,baseline,,mathstral,never,NOT_ROUTED
60603,1,mathstral,never,4,0,0,MATH/Llama,MATH/Gemma,60603,94,1,True,True,True,False,False,baseline,,mathstral,never,NOT_ROUTED
60603,1,mathstral,never,4,0,0,MATH/Llama,MATH/Gemma,60603,94,2,False,False,False,False,False,baseline,,mathstral,never,NOT_ROUTED
60603,1,mathstral,never,4,0,0,MATH/Llama,MATH/Gemma,60603,94,3,True,False,True,True,False,target_intersection_top20,pairwise_router_v123_llama_with_gemma_budget0_all_0012_regression_s60603_p94_t3,mathstral,never,NEITHER
60603,1,mathstral,never,4,0,0,MATH/Llama,MATH/Gemma,60603,94,4,True,True,True,False,False,baseline,,mathstral,never,NOT_ROUTED
60603,1,mathstral,never,4,0,0,MATH/Llama,MATH/Gemma,60603,94,5,True,True,True,False,False,baseline,,mathstral,never,NOT_ROUTED
60603,1,mathstral,never,4,0,0,MATH/Llama,MATH/Gemma,60603,94,6,True,True,True,False,False,baseline,,mathstral,never,NOT_ROUTED
60603,1,mathstral,never,4,0,0,MATH/Llama,MATH/Gemma,60603,94,7,True,True,True,False,False,baseline,,mathstral,never,NOT_ROUTED
60603,1,mathstral,never,4,0,0,MATH/Llama,MATH/Gemma,60603,95,0,False,False,False,True,False,union_rank_top3,pairwise_router_v123_llama_with_gemma_budget0_all_0008_neither_correct_s60603_p95_t0,mathstral,never,B
60603,1,mathstral,never,4,0,0,MATH/Llama,MATH/Gemma,60603,95,1,False,False,False,False,False,baseline,,mathstral,never,NOT_ROUTED
60603,1,mathstral,never,4,0,0,MATH/Llama,MATH/Gemma,60603,95,2,False,False,False,False,False,baseline,,mathstral,never,NOT_ROUTED
60603,1,mathstral,never,4,0,0,MATH/Llama,MATH/Gemma,60603,95,3,False,False,False,False,False,baseline,,mathstral,never,NOT_ROUTED
60603,1,mathstral,never,4,0,0,MATH/Llama,MATH/Gemma,60603,95,4,False,False,False,False,False,baseline,,mathstral,never,NOT_ROUTED
60603,1,mathstral,never,4,0,0,MATH/Llama,MATH/Gemma,60603,95,5,False,False,False,False,False,baseline,,mathstral,never,NOT_ROUTED
60603,1,mathstral,never,4,0,0,MATH/Llama,MATH/Gemma,60603,95,6,False,False,False,False,False,baseline,,mathstral,never,NOT_ROUTED
60603,1,mathstral,never,4,0,0,MATH/Llama,MATH/Gemma,60603,95,7,False,False,False,False,False,baseline,,mathstral,never,NOT_ROUTED
60603,1,mathstral,never,4,0,0,MATH/Llama,MATH/Gemma,60603,96,0,True,True,True,False,False,baseline,,mathstral,never,NOT_ROUTED
60603,1,mathstral,never,4,0,0,MATH/Llama,MATH/Gemma,60603,96,1,True,True,True,False,False,baseline,,mathstral,never,NOT_ROUTED
60603,1,mathstral,never,4,0,0,MATH/Llama,MATH/Gemma,60603,96,2,True,True,True,False,False,baseline,,mathstral,never,NOT_ROUTED
60603,1,mathstral,never,4,0,0,MATH/Llama,MATH/Gemma,60603,96,3,True,True,True,False,False,baseline,,mathstral,never,NOT_ROUTED
60603,1,mathstral,never,4,0,0,MATH/Llama,MATH/Gemma,60603,96,4,True,True,True,False,False,baseline,,mathstral,never,NOT_ROUTED
60603,1,mathstral,never,4,0,0,MATH/Llama,MATH/Gemma,60603,96,5,True,True,True,False,False,baseline,,mathstral,never,NOT_ROUTED
60603,1,mathstral,never,4,0,0,MATH/Llama,MATH/Gemma,60603,96,6,True,True,True,False,False,baseline,,mathstral,never,NOT_ROUTED
60603,1,mathstral,never,4,0,0,MATH/Llama,MATH/Gemma,60603,96,7,True,True,True,False,False,baseline,,mathstral,never,NOT_ROUTED
60603,1,mathstral,never,4,0,0,MATH/Llama,MATH/Gemma,60603,99,0,True,True,True,False,False,baseline,,mathstral,never,NOT_ROUTED
60603,1,mathstral,never,4,0,0,MATH/Llama,MATH/Gemma,60603,99,1,True,True,True,False,False,baseline,,mathstral,never,NOT_ROUTED
60603,1,mathstral,never,4,0,0,MATH/Llama,MATH/Gemma,60603,99,2,True,True,True,False,False,baseline,,mathstral,never,NOT_ROUTED
60603,1,mathstral,never,4,0,0,MATH/Llama,MATH/Gemma,60603,99,3,True,True,True,False,False,baseline,,mathstral,never,NOT_ROUTED
60603,1,mathstral,never,4,0,0,MATH/Llama,MATH/Gemma,60603,99,4,True,True,True,False,False,baseline,,mathstral,never,NOT_ROUTED
60603,1,mathstral,never,4,0,0,MATH/Llama,MATH/Gemma,60603,99,5,True,True,True,False,False,baseline,,mathstral,never,NOT_ROUTED
60603,1,mathstral,never,4,0,0,MATH/Llama,MATH/Gemma,60603,99,6,True,True,True,False,False,baseline,,mathstral,never,NOT_ROUTED
60603,1,mathstral,never,4,0,0,MATH/Llama,MATH/Gemma,60603,99,7,True,True,True,False,False,baseline,,mathstral,never,NOT_ROUTED
60603,1,mathstral,never,4,0,0,MATH/Llama,MATH/Gemma,60603,101,0,True,True,True,False,False,baseline,,mathstral,never,NOT_ROUTED
60603,1,mathstral,never,4,0,0,MATH/Llama,MATH/Gemma,60603,101,1,True,True,True,False,False,baseline,,mathstral,never,NOT_ROUTED
60603,1,mathstral,never,4,0,0,MATH/Llama,MATH/Gemma,60603,101,2,True,True,True,False,False,baseline,,mathstral,never,NOT_ROUTED
60603,1,mathstral,never,4,0,0,MATH/Llama,MATH/Gemma,60603,101,3,True,True,True,False,False,baseline,,mathstral,never,NOT_ROUTED
60603,1,mathstral,never,4,0,0,MATH/Llama,MATH/Gemma,60603,101,4,True,True,True,False,False,baseline,,mathstral,never,NOT_ROUTED
60603,1,mathstral,never,4,0,0,MATH/Llama,MATH/Gemma,60603,101,5,True,True,True,False,False,baseline,,mathstral,never,NOT_ROUTED
60603,1,mathstral,never,4,0,0,MATH/Llama,MATH/Gemma,60603,101,6,True,True,True,False,False,baseline,,mathstral,never,NOT_ROUTED
60603,1,mathstral,never,4,0,0,MATH/Llama,MATH/Gemma,60603,101,7,True,True,True,False,False,baseline,,mathstral,never,NOT_ROUTED
60603,1,mathstral,never,4,0,0,MATH/Llama,MATH/Gemma,60603,102,0,True,False,True,True,False,target_intersection_top10,pairwise_router_v123_llama_with_gemma_budget0_all_0013_regression_s60603_p102_t0,mathstral,never,A
60603,1,mathstral,never,4,0,0,MATH/Llama,MATH/Gemma,60603,102,1,True,True,True,False,False,baseline,,mathstral,never,NOT_ROUTED
60603,1,mathstral,never,4,0,0,MATH/Llama,MATH/Gemma,60603,102,2,True,True,True,False,False,baseline,,mathstral,never,NOT_ROUTED
60603,1,mathstral,never,4,0,0,MATH/Llama,MATH/Gemma,60603,102,3,True,True,True,False,False,baseline,,mathstral,never,NOT_ROUTED
60603,1,mathstral,never,4,0,0,MATH/Llama,MATH/Gemma,60603,102,4,True,True,True,False,False,baseline,,mathstral,never,NOT_ROUTED
60603,1,mathstral,never,4,0,0,MATH/Llama,MATH/Gemma,60603,102,5,True,True,True,False,False,baseline,,mathstral,never,NOT_ROUTED
60603,1,mathstral,never,4,0,0,MATH/Llama,MATH/Gemma,60603,102,6,True,True,True,False,False,baseline,,mathstral,never,NOT_ROUTED
60603,1,mathstral,never,4,0,0,MATH/Llama,MATH/Gemma,60603,102,7,True,True,True,False,False,baseline,,mathstral,never,NOT_ROUTED
60603,1,mathstral,never,4,0,0,MATH/Llama,MATH/Gemma,60603,103,0,True,True,True,False,False,baseline,,mathstral,never,NOT_ROUTED
60603,1,mathstral,never,4,0,0,MATH/Llama,MATH/Gemma,60603,103,1,True,True,True,False,False,baseline,,mathstral,never,NOT_ROUTED
60603,1,mathstral,never,4,0,0,MATH/Llama,MATH/Gemma,60603,103,2,True,True,True,False,False,baseline,,mathstral,never,NOT_ROUTED
60603,1,mathstral,never,4,0,0,MATH/Llama,MATH/Gemma,60603,103,3,True,True,True,False,False,baseline,,mathstral,never,NOT_ROUTED
60603,1,mathstral,never,4,0,0,MATH/Llama,MATH/Gemma,60603,103,4,True,True,True,False,False,baseline,,mathstral,never,NOT_ROUTED
60603,1,mathstral,never,4,0,0,MATH/Llama,MATH/Gemma,60603,103,5,True,True,True,False,False,baseline,,mathstral,never,NOT_ROUTED
60603,1,mathstral,never,4,0,0,MATH/Llama,MATH/Gemma,60603,103,6,True,True,True,False,False,baseline,,mathstral,never,NOT_ROUTED
60603,1,mathstral,never,4,0,0,MATH/Llama,MATH/Gemma,60603,103,7,True,True,True,False,False,baseline,,mathstral,never,NOT_ROUTED
60603,1,mathstral,never,4,0,0,MATH/Llama,MATH/Gemma,60603,104,0,True,True,True,False,False,baseline,,mathstral,never,NOT_ROUTED
60603,1,mathstral,never,4,0,0,MATH/Llama,MATH/Gemma,60603,104,1,True,True,True,False,False,baseline,,mathstral,never,NOT_ROUTED
60603,1,mathstral,never,4,0,0,MATH/Llama,MATH/Gemma,60603,104,2,True,True,True,False,False,baseline,,mathstral,never,NOT_ROUTED
60603,1,mathstral,never,4,0,0,MATH/Llama,MATH/Gemma,60603,104,3,True,True,True,False,False,baseline,,mathstral,never,NOT_ROUTED
60603,1,mathstral,never,4,0,0,MATH/Llama,MATH/Gemma,60603,104,4,True,True,True,False,False,baseline,,mathstral,never,NOT_ROUTED
60603,1,mathstral,never,4,0,0,MATH/Llama,MATH/Gemma,60603,104,5,True,True,True,False,False,baseline,,mathstral,never,NOT_ROUTED
60603,1,mathstral,never,4,0,0,MATH/Llama,MATH/Gemma,60603,104,6,True,True,True,False,False,baseline,,mathstral,never,NOT_ROUTED
60603,1,mathstral,never,4,0,0,MATH/Llama,MATH/Gemma,60603,104,7,True,True,True,False,False,baseline,,mathstral,never,NOT_ROUTED
60603,1,mathstral,never,4,0,0,MATH/Llama,MATH/Gemma,60603,107,0,True,True,True,False,False,baseline,,mathstral,never,NOT_ROUTED
60603,1,mathstral,never,4,0,0,MATH/Llama,MATH/Gemma,60603,107,1,True,True,True,False,False,baseline,,mathstral,never,NOT_ROUTED
60603,1,mathstral,never,4,0,0,MATH/Llama,MATH/Gemma,60603,107,2,True,True,True,False,False,baseline,,mathstral,never,NOT_ROUTED
60603,1,mathstral,never,4,0,0,MATH/Llama,MATH/Gemma,60603,107,3,True,True,True,False,False,baseline,,mathstral,never,NOT_ROUTED
60603,1,mathstral,never,4,0,0,MATH/Llama,MATH/Gemma,60603,107,4,True,True,True,False,False,baseline,,mathstral,never,NOT_ROUTED
60603,1,mathstral,never,4,0,0,MATH/Llama,MATH/Gemma,60603,107,5,True,True,True,False,False,baseline,,mathstral,never,NOT_ROUTED
60603,1,mathstral,never,4,0,0,MATH/Llama,MATH/Gemma,60603,107,6,True,True,True,False,False,baseline,,mathstral,never,NOT_ROUTED
60603,1,mathstral,never,4,0,0,MATH/Llama,MATH/Gemma,60603,107,7,True,True,True,False,False,baseline,,mathstral,never,NOT_ROUTED
60603,1,mathstral,never,4,0,0,MATH/Llama,MATH/Gemma,60603,109,0,True,True,True,False,False,baseline,,mathstral,never,NOT_ROUTED
60603,1,mathstral,never,4,0,0,MATH/Llama,MATH/Gemma,60603,109,1,True,True,True,False,False,baseline,,mathstral,never,NOT_ROUTED
60603,1,mathstral,never,4,0,0,MATH/Llama,MATH/Gemma,60603,109,2,True,True,True,False,False,baseline,,mathstral,never,NOT_ROUTED
60603,1,mathstral,never,4,0,0,MATH/Llama,MATH/Gemma,60603,109,3,True,True,True,False,False,baseline,,mathstral,never,NOT_ROUTED
60603,1,mathstral,never,4,0,0,MATH/Llama,MATH/Gemma,60603,109,4,True,True,True,False,False,baseline,,mathstral,never,NOT_ROUTED
60603,1,mathstral,never,4,0,0,MATH/Llama,MATH/Gemma,60603,109,5,True,True,True,False,False,baseline,,mathstral,never,NOT_ROUTED
60603,1,mathstral,never,4,0,0,MATH/Llama,MATH/Gemma,60603,109,6,True,True,True,False,False,baseline,,mathstral,never,NOT_ROUTED
60603,1,mathstral,never,4,0,0,MATH/Llama,MATH/Gemma,60603,109,7,True,True,True,False,False,baseline,,mathstral,never,NOT_ROUTED
60603,1,mathstral,never,4,0,0,MATH/Llama,MATH/Gemma,60603,110,0,False,False,False,False,False,baseline,,mathstral,never,NOT_ROUTED
60603,1,mathstral,never,4,0,0,MATH/Llama,MATH/Gemma,60603,110,1,False,False,False,False,False,baseline,,mathstral,never,NOT_ROUTED
60603,1,mathstral,never,4,0,0,MATH/Llama,MATH/Gemma,60603,110,2,False,False,False,False,False,baseline,,mathstral,never,NOT_ROUTED
60603,1,mathstral,never,4,0,0,MATH/Llama,MATH/Gemma,60603,110,3,False,False,False,False,False,baseline,,mathstral,never,NOT_ROUTED
60603,1,mathstral,never,4,0,0,MATH/Llama,MATH/Gemma,60603,110,4,False,False,False,False,False,baseline,,mathstral,never,NOT_ROUTED
60603,1,mathstral,never,4,0,0,MATH/Llama,MATH/Gemma,60603,110,5,False,False,False,False,False,baseline,,mathstral,never,NOT_ROUTED
60603,1,mathstral,never,4,0,0,MATH/Llama,MATH/Gemma,60603,110,6,False,False,False,False,False,baseline,,mathstral,never,NOT_ROUTED
60603,1,mathstral,never,4,0,0,MATH/Llama,MATH/Gemma,60603,110,7,False,False,False,False,False,baseline,,mathstral,never,NOT_ROUTED
60603,1,mathstral,never,4,0,0,MATH/Llama,MATH/Gemma,60603,111,0,True,True,True,False,False,baseline,,mathstral,never,NOT_ROUTED
60603,1,mathstral,never,4,0,0,MATH/Llama,MATH/Gemma,60603,111,1,True,False,True,True,False,target_intersection_top20,pairwise_router_v123_llama_with_gemma_budget0_all_0014_regression_s60603_p111_t1,mathstral,never,A
60603,1,mathstral,never,4,0,0,MATH/Llama,MATH/Gemma,60603,111,2,True,True,True,False,False,baseline,,mathstral,never,NOT_ROUTED
60603,1,mathstral,never,4,0,0,MATH/Llama,MATH/Gemma,60603,111,3,True,True,True,False,False,baseline,,mathstral,never,NOT_ROUTED
60603,1,mathstral,never,4,0,0,MATH/Llama,MATH/Gemma,60603,111,4,True,True,True,False,False,baseline,,mathstral,never,NOT_ROUTED
60603,1,mathstral,never,4,0,0,MATH/Llama,MATH/Gemma,60603,111,5,True,False,True,True,False,target_intersection_top20,pairwise_router_v123_llama_with_gemma_budget0_all_0015_regression_s60603_p111_t5,mathstral,never,A
60603,1,mathstral,never,4,0,0,MATH/Llama,MATH/Gemma,60603,111,6,True,True,True,False,False,baseline,,mathstral,never,NOT_ROUTED
60603,1,mathstral,never,4,0,0,MATH/Llama,MATH/Gemma,60603,111,7,True,True,True,False,False,baseline,,mathstral,never,NOT_ROUTED
60603,1,mathstral,never,4,0,0,MATH/Llama,MATH/Gemma,60603,112,0,False,False,False,False,False,baseline,,mathstral,never,NOT_ROUTED
60603,1,mathstral,never,4,0,0,MATH/Llama,MATH/Gemma,60603,112,1,False,False,False,False,False,baseline,,mathstral,never,NOT_ROUTED
60603,1,mathstral,never,4,0,0,MATH/Llama,MATH/Gemma,60603,112,2,False,False,False,False,False,baseline,,mathstral,never,NOT_ROUTED
60603,1,mathstral,never,4,0,0,MATH/Llama,MATH/Gemma,60603,112,3,False,False,False,False,False,baseline,,mathstral,never,NOT_ROUTED
60603,1,mathstral,never,4,0,0,MATH/Llama,MATH/Gemma,60603,112,4,False,False,False,False,False,baseline,,mathstral,never,NOT_ROUTED
60603,1,mathstral,never,4,0,0,MATH/Llama,MATH/Gemma,60603,112,5,False,False,False,False,False,baseline,,mathstral,never,NOT_ROUTED
60603,1,mathstral,never,4,0,0,MATH/Llama,MATH/Gemma,60603,112,6,False,False,False,False,False,baseline,,mathstral,never,NOT_ROUTED
60603,1,mathstral,never,4,0,0,MATH/Llama,MATH/Gemma,60603,112,7,False,False,False,False,False,baseline,,mathstral,never,NOT_ROUTED
60603,1,mathstral,never,4,0,0,MATH/Llama,MATH/Gemma,60603,113,0,True,True,True,False,False,baseline,,mathstral,never,NOT_ROUTED
60603,1,mathstral,never,4,0,0,MATH/Llama,MATH/Gemma,60603,113,1,False,False,False,False,False,baseline,,mathstral,never,NOT_ROUTED
60603,1,mathstral,never,4,0,0,MATH/Llama,MATH/Gemma,60603,113,2,False,False,False,False,False,baseline,,mathstral,never,NOT_ROUTED
60603,1,mathstral,never,4,0,0,MATH/Llama,MATH/Gemma,60603,113,3,False,False,False,False,False,baseline,,mathstral,never,NOT_ROUTED
60603,1,mathstral,never,4,0,0,MATH/Llama,MATH/Gemma,60603,113,4,False,False,False,False,False,baseline,,mathstral,never,NOT_ROUTED
60603,1,mathstral,never,4,0,0,MATH/Llama,MATH/Gemma,60603,113,5,False,False,False,False,False,baseline,,mathstral,never,NOT_ROUTED
60603,1,mathstral,never,4,0,0,MATH/Llama,MATH/Gemma,60603,113,6,True,True,True,False,False,baseline,,mathstral,never,NOT_ROUTED
60603,1,mathstral,never,4,0,0,MATH/Llama,MATH/Gemma,60603,113,7,False,False,False,False,False,baseline,,mathstral,never,NOT_ROUTED
60603,1,mathstral,never,4,0,0,MATH/Llama,MATH/Gemma,60603,115,0,False,False,False,False,False,baseline,,mathstral,never,NOT_ROUTED
60603,1,mathstral,never,4,0,0,MATH/Llama,MATH/Gemma,60603,115,1,False,False,False,False,False,baseline,,mathstral,never,NOT_ROUTED
60603,1,mathstral,never,4,0,0,MATH/Llama,MATH/Gemma,60603,115,2,False,False,False,False,False,baseline,,mathstral,never,NOT_ROUTED
60603,1,mathstral,never,4,0,0,MATH/Llama,MATH/Gemma,60603,115,3,False,False,False,False,False,baseline,,mathstral,never,NOT_ROUTED
60603,1,mathstral,never,4,0,0,MATH/Llama,MATH/Gemma,60603,115,4,True,True,True,False,False,baseline,,mathstral,never,NOT_ROUTED
60603,1,mathstral,never,4,0,0,MATH/Llama,MATH/Gemma,60603,115,5,False,False,False,False,False,baseline,,mathstral,never,NOT_ROUTED
60603,1,mathstral,never,4,0,0,MATH/Llama,MATH/Gemma,60603,115,6,False,False,False,False,False,baseline,,mathstral,never,NOT_ROUTED
60603,1,mathstral,never,4,0,0,MATH/Llama,MATH/Gemma,60603,115,7,False,False,False,True,False,target_intersection_top20,pairwise_router_v123_llama_with_gemma_budget0_all_0009_neither_correct_s60603_p115_t7,mathstral,never,A
60603,1,mathstral,never,4,0,0,MATH/Llama,MATH/Gemma,60603,118,0,True,True,True,False,False,baseline,,mathstral,never,NOT_ROUTED
60603,1,mathstral,never,4,0,0,MATH/Llama,MATH/Gemma,60603,118,1,False,False,False,False,False,baseline,,mathstral,never,NOT_ROUTED
60603,1,mathstral,never,4,0,0,MATH/Llama,MATH/Gemma,60603,118,2,False,False,False,False,False,baseline,,mathstral,never,NOT_ROUTED
60603,1,mathstral,never,4,0,0,MATH/Llama,MATH/Gemma,60603,118,3,True,True,True,False,False,baseline,,mathstral,never,NOT_ROUTED
60603,1,mathstral,never,4,0,0,MATH/Llama,MATH/Gemma,60603,118,4,False,False,False,False,False,baseline,,mathstral,never,NOT_ROUTED
60603,1,mathstral,never,4,0,0,MATH/Llama,MATH/Gemma,60603,118,5,False,False,False,False,False,baseline,,mathstral,never,NOT_ROUTED
60603,1,mathstral,never,4,0,0,MATH/Llama,MATH/Gemma,60603,118,6,False,False,False,False,False,baseline,,mathstral,never,NOT_ROUTED
60603,1,mathstral,never,4,0,0,MATH/Llama,MATH/Gemma,60603,118,7,False,False,False,False,False,baseline,,mathstral,never,NOT_ROUTED
60603,1,mathstral,never,4,0,0,MATH/Llama,MATH/Gemma,60603,119,0,False,False,False,False,False,baseline,,mathstral,never,NOT_ROUTED
60603,1,mathstral,never,4,0,0,MATH/Llama,MATH/Gemma,60603,119,1,False,False,False,False,False,baseline,,mathstral,never,NOT_ROUTED
60603,1,mathstral,never,4,0,0,MATH/Llama,MATH/Gemma,60603,119,2,False,False,False,False,False,baseline,,mathstral,never,NOT_ROUTED
60603,1,mathstral,never,4,0,0,MATH/Llama,MATH/Gemma,60603,119,3,False,False,False,False,False,baseline,,mathstral,never,NOT_ROUTED
60603,1,mathstral,never,4,0,0,MATH/Llama,MATH/Gemma,60603,119,4,False,False,False,False,False,baseline,,mathstral,never,NOT_ROUTED
60603,1,mathstral,never,4,0,0,MATH/Llama,MATH/Gemma,60603,119,5,False,False,False,False,False,baseline,,mathstral,never,NOT_ROUTED
60603,1,mathstral,never,4,0,0,MATH/Llama,MATH/Gemma,60603,119,6,False,False,False,False,False,baseline,,mathstral,never,NOT_ROUTED
60603,1,mathstral,never,4,0,0,MATH/Llama,MATH/Gemma,60603,119,7,False,False,False,False,False,baseline,,mathstral,never,NOT_ROUTED
60603,1,mathstral,never,4,0,0,MATH/Llama,MATH/Gemma,60603,120,0,False,False,False,False,False,baseline,,mathstral,never,NOT_ROUTED
60603,1,mathstral,never,4,0,0,MATH/Llama,MATH/Gemma,60603,120,1,False,False,False,False,False,baseline,,mathstral,never,NOT_ROUTED
60603,1,mathstral,never,4,0,0,MATH/Llama,MATH/Gemma,60603,120,2,False,False,False,False,False,baseline,,mathstral,never,NOT_ROUTED
60603,1,mathstral,never,4,0,0,MATH/Llama,MATH/Gemma,60603,120,3,False,False,False,False,False,baseline,,mathstral,never,NOT_ROUTED
60603,1,mathstral,never,4,0,0,MATH/Llama,MATH/Gemma,60603,120,4,False,False,False,False,False,baseline,,mathstral,never,NOT_ROUTED
60603,1,mathstral,never,4,0,0,MATH/Llama,MATH/Gemma,60603,120,5,False,False,False,False,False,baseline,,mathstral,never,NOT_ROUTED
60603,1,mathstral,never,4,0,0,MATH/Llama,MATH/Gemma,60603,120,6,False,False,False,False,False,baseline,,mathstral,never,NOT_ROUTED
60603,1,mathstral,never,4,0,0,MATH/Llama,MATH/Gemma,60603,120,7,False,False,False,False,False,baseline,,mathstral,never,NOT_ROUTED
60603,1,mathstral,never,4,0,0,MATH/Llama,MATH/Gemma,60603,121,0,False,False,False,False,False,baseline,,mathstral,never,NOT_ROUTED
60603,1,mathstral,never,4,0,0,MATH/Llama,MATH/Gemma,60603,121,1,False,False,False,False,False,baseline,,mathstral,never,NOT_ROUTED
60603,1,mathstral,never,4,0,0,MATH/Llama,MATH/Gemma,60603,121,2,False,False,False,False,False,baseline,,mathstral,never,NOT_ROUTED
60603,1,mathstral,never,4,0,0,MATH/Llama,MATH/Gemma,60603,121,3,False,False,False,False,False,baseline,,mathstral,never,NOT_ROUTED
60603,1,mathstral,never,4,0,0,MATH/Llama,MATH/Gemma,60603,121,4,False,False,False,False,False,baseline,,mathstral,never,NOT_ROUTED
60603,1,mathstral,never,4,0,0,MATH/Llama,MATH/Gemma,60603,121,5,False,False,False,False,False,baseline,,mathstral,never,NOT_ROUTED
60603,1,mathstral,never,4,0,0,MATH/Llama,MATH/Gemma,60603,121,6,False,False,False,False,False,baseline,,mathstral,never,NOT_ROUTED
60603,1,mathstral,never,4,0,0,MATH/Llama,MATH/Gemma,60603,121,7,False,False,False,False,False,baseline,,mathstral,never,NOT_ROUTED
60603,1,mathstral,never,4,0,0,MATH/Llama,MATH/Gemma,60603,122,0,False,False,False,False,False,baseline,,mathstral,never,NOT_ROUTED
60603,1,mathstral,never,4,0,0,MATH/Llama,MATH/Gemma,60603,122,1,False,False,False,False,False,baseline,,mathstral,never,NOT_ROUTED
60603,1,mathstral,never,4,0,0,MATH/Llama,MATH/Gemma,60603,122,2,False,False,False,False,False,baseline,,mathstral,never,NOT_ROUTED
60603,1,mathstral,never,4,0,0,MATH/Llama,MATH/Gemma,60603,122,3,False,False,False,False,False,baseline,,mathstral,never,NOT_ROUTED
60603,1,mathstral,never,4,0,0,MATH/Llama,MATH/Gemma,60603,122,4,False,False,False,False,False,baseline,,mathstral,never,NOT_ROUTED
60603,1,mathstral,never,4,0,0,MATH/Llama,MATH/Gemma,60603,122,5,False,False,False,False,False,baseline,,mathstral,never,NOT_ROUTED
60603,1,mathstral,never,4,0,0,MATH/Llama,MATH/Gemma,60603,122,6,False,False,False,False,False,baseline,,mathstral,never,NOT_ROUTED
60603,1,mathstral,never,4,0,0,MATH/Llama,MATH/Gemma,60603,122,7,False,False,False,False,False,baseline,,mathstral,never,NOT_ROUTED
60603,1,mathstral,never,4,0,0,MATH/Llama,MATH/Gemma,60603,124,0,False,False,False,False,False,baseline,,mathstral,never,NOT_ROUTED
60603,1,mathstral,never,4,0,0,MATH/Llama,MATH/Gemma,60603,124,1,False,False,False,False,False,baseline,,mathstral,never,NOT_ROUTED
60603,1,mathstral,never,4,0,0,MATH/Llama,MATH/Gemma,60603,124,2,False,False,False,False,False,baseline,,mathstral,never,NOT_ROUTED
60603,1,mathstral,never,4,0,0,MATH/Llama,MATH/Gemma,60603,124,3,False,False,False,False,False,baseline,,mathstral,never,NOT_ROUTED
60603,1,mathstral,never,4,0,0,MATH/Llama,MATH/Gemma,60603,124,4,False,False,False,False,False,baseline,,mathstral,never,NOT_ROUTED
60603,1,mathstral,never,4,0,0,MATH/Llama,MATH/Gemma,60603,124,5,False,False,False,False,False,baseline,,mathstral,never,NOT_ROUTED
60603,1,mathstral,never,4,0,0,MATH/Llama,MATH/Gemma,60603,124,6,False,False,False,False,False,baseline,,mathstral,never,NOT_ROUTED
60603,1,mathstral,never,4,0,0,MATH/Llama,MATH/Gemma,60603,124,7,False,False,False,False,False,baseline,,mathstral,never,NOT_ROUTED
60603,1,mathstral,never,4,0,0,MATH/Llama,MATH/Gemma,60603,126,0,False,False,False,False,False,baseline,,mathstral,never,NOT_ROUTED
60603,1,mathstral,never,4,0,0,MATH/Llama,MATH/Gemma,60603,126,1,False,False,False,False,False,baseline,,mathstral,never,NOT_ROUTED
60603,1,mathstral,never,4,0,0,MATH/Llama,MATH/Gemma,60603,126,2,False,False,False,False,False,baseline,,mathstral,never,NOT_ROUTED
60603,1,mathstral,never,4,0,0,MATH/Llama,MATH/Gemma,60603,126,3,False,False,False,False,False,baseline,,mathstral,never,NOT_ROUTED
60603,1,mathstral,never,4,0,0,MATH/Llama,MATH/Gemma,60603,126,4,False,False,False,False,False,baseline,,mathstral,never,NOT_ROUTED
60603,1,mathstral,never,4,0,0,MATH/Llama,MATH/Gemma,60603,126,5,False,False,False,False,False,baseline,,mathstral,never,NOT_ROUTED
60603,1,mathstral,never,4,0,0,MATH/Llama,MATH/Gemma,60603,126,6,False,False,False,False,False,baseline,,mathstral,never,NOT_ROUTED
60603,1,mathstral,never,4,0,0,MATH/Llama,MATH/Gemma,60603,126,7,False,False,False,False,False,baseline,,mathstral,never,NOT_ROUTED
60603,2,mathstral,never,4,0,0,MATH/Llama,MATH/Gemma,60603,1,0,False,False,False,False,False,baseline,,mathstral,never,NOT_ROUTED
60603,2,mathstral,never,4,0,0,MATH/Llama,MATH/Gemma,60603,1,1,False,False,False,False,False,baseline,,mathstral,never,NOT_ROUTED
60603,2,mathstral,never,4,0,0,MATH/Llama,MATH/Gemma,60603,1,2,False,False,False,False,False,baseline,,mathstral,never,NOT_ROUTED
60603,2,mathstral,never,4,0,0,MATH/Llama,MATH/Gemma,60603,1,3,False,False,False,False,False,baseline,,mathstral,never,NOT_ROUTED
60603,2,mathstral,never,4,0,0,MATH/Llama,MATH/Gemma,60603,1,4,False,False,False,False,False,baseline,,mathstral,never,NOT_ROUTED
60603,2,mathstral,never,4,0,0,MATH/Llama,MATH/Gemma,60603,1,5,False,False,False,False,False,baseline,,mathstral,never,NOT_ROUTED
60603,2,mathstral,never,4,0,0,MATH/Llama,MATH/Gemma,60603,1,6,False,False,False,False,False,baseline,,mathstral,never,NOT_ROUTED
60603,2,mathstral,never,4,0,0,MATH/Llama,MATH/Gemma,60603,1,7,False,False,False,False,False,baseline,,mathstral,never,NOT_ROUTED
60603,2,mathstral,never,4,0,0,MATH/Llama,MATH/Gemma,60603,2,0,True,True,True,False,False,baseline,,mathstral,never,NOT_ROUTED
60603,2,mathstral,never,4,0,0,MATH/Llama,MATH/Gemma,60603,2,1,True,True,True,False,False,baseline,,mathstral,never,NOT_ROUTED
60603,2,mathstral,never,4,0,0,MATH/Llama,MATH/Gemma,60603,2,2,True,True,True,False,False,baseline,,mathstral,never,NOT_ROUTED
60603,2,mathstral,never,4,0,0,MATH/Llama,MATH/Gemma,60603,2,3,True,True,True,False,False,baseline,,mathstral,never,NOT_ROUTED
60603,2,mathstral,never,4,0,0,MATH/Llama,MATH/Gemma,60603,2,4,True,True,True,False,False,baseline,,mathstral,never,NOT_ROUTED
60603,2,mathstral,never,4,0,0,MATH/Llama,MATH/Gemma,60603,2,5,True,True,True,False,False,baseline,,mathstral,never,NOT_ROUTED
60603,2,mathstral,never,4,0,0,MATH/Llama,MATH/Gemma,60603,2,6,True,True,True,False,False,baseline,,mathstral,never,NOT_ROUTED
60603,2,mathstral,never,4,0,0,MATH/Llama,MATH/Gemma,60603,2,7,True,True,True,False,False,baseline,,mathstral,never,NOT_ROUTED
60603,2,mathstral,never,4,0,0,MATH/Llama,MATH/Gemma,60603,3,0,True,True,True,False,False,baseline,,mathstral,never,NOT_ROUTED
60603,2,mathstral,never,4,0,0,MATH/Llama,MATH/Gemma,60603,3,1,True,True,True,False,False,baseline,,mathstral,never,NOT_ROUTED
60603,2,mathstral,never,4,0,0,MATH/Llama,MATH/Gemma,60603,3,2,True,True,True,False,False,baseline,,mathstral,never,NOT_ROUTED
60603,2,mathstral,never,4,0,0,MATH/Llama,MATH/Gemma,60603,3,3,True,True,True,False,False,baseline,,mathstral,never,NOT_ROUTED
60603,2,mathstral,never,4,0,0,MATH/Llama,MATH/Gemma,60603,3,4,True,True,True,False,False,baseline,,mathstral,never,NOT_ROUTED
60603,2,mathstral,never,4,0,0,MATH/Llama,MATH/Gemma,60603,3,5,True,True,True,False,False,baseline,,mathstral,never,NOT_ROUTED
60603,2,mathstral,never,4,0,0,MATH/Llama,MATH/Gemma,60603,3,6,True,True,True,False,False,baseline,,mathstral,never,NOT_ROUTED
60603,2,mathstral,never,4,0,0,MATH/Llama,MATH/Gemma,60603,3,7,True,True,True,False,False,baseline,,mathstral,never,NOT_ROUTED
60603,2,mathstral,never,4,0,0,MATH/Llama,MATH/Gemma,60603,7,0,True,True,True,False,False,baseline,,mathstral,never,NOT_ROUTED
60603,2,mathstral,never,4,0,0,MATH/Llama,MATH/Gemma,60603,7,1,True,True,True,False,False,baseline,,mathstral,never,NOT_ROUTED
60603,2,mathstral,never,4,0,0,MATH/Llama,MATH/Gemma,60603,7,2,True,True,True,False,False,baseline,,mathstral,never,NOT_ROUTED
60603,2,mathstral,never,4,0,0,MATH/Llama,MATH/Gemma,60603,7,3,True,True,True,False,False,baseline,,mathstral,never,NOT_ROUTED
60603,2,mathstral,never,4,0,0,MATH/Llama,MATH/Gemma,60603,7,4,True,True,True,False,False,baseline,,mathstral,never,NOT_ROUTED
60603,2,mathstral,never,4,0,0,MATH/Llama,MATH/Gemma,60603,7,5,True,True,True,False,False,baseline,,mathstral,never,NOT_ROUTED
60603,2,mathstral,never,4,0,0,MATH/Llama,MATH/Gemma,60603,7,6,True,True,True,False,False,baseline,,mathstral,never,NOT_ROUTED
60603,2,mathstral,never,4,0,0,MATH/Llama,MATH/Gemma,60603,7,7,True,True,True,False,False,baseline,,mathstral,never,NOT_ROUTED
60603,2,mathstral,never,4,0,0,MATH/Llama,MATH/Gemma,60603,8,0,True,True,True,False,False,baseline,,mathstral,never,NOT_ROUTED
60603,2,mathstral,never,4,0,0,MATH/Llama,MATH/Gemma,60603,8,1,True,True,True,False,False,baseline,,mathstral,never,NOT_ROUTED
60603,2,mathstral,never,4,0,0,MATH/Llama,MATH/Gemma,60603,8,2,True,True,True,False,False,baseline,,mathstral,never,NOT_ROUTED
60603,2,mathstral,never,4,0,0,MATH/Llama,MATH/Gemma,60603,8,3,True,True,True,False,False,baseline,,mathstral,never,NOT_ROUTED
60603,2,mathstral,never,4,0,0,MATH/Llama,MATH/Gemma,60603,8,4,True,True,True,False,False,baseline,,mathstral,never,NOT_ROUTED
60603,2,mathstral,never,4,0,0,MATH/Llama,MATH/Gemma,60603,8,5,True,True,True,False,False,baseline,,mathstral,never,NOT_ROUTED
60603,2,mathstral,never,4,0,0,MATH/Llama,MATH/Gemma,60603,8,6,True,True,True,False,False,baseline,,mathstral,never,NOT_ROUTED
60603,2,mathstral,never,4,0,0,MATH/Llama,MATH/Gemma,60603,8,7,True,True,True,False,False,baseline,,mathstral,never,NOT_ROUTED
60603,2,mathstral,never,4,0,0,MATH/Llama,MATH/Gemma,60603,9,0,False,False,False,False,False,baseline,,mathstral,never,NOT_ROUTED
60603,2,mathstral,never,4,0,0,MATH/Llama,MATH/Gemma,60603,9,1,True,True,True,False,False,baseline,,mathstral,never,NOT_ROUTED
60603,2,mathstral,never,4,0,0,MATH/Llama,MATH/Gemma,60603,9,2,False,False,False,False,False,baseline,,mathstral,never,NOT_ROUTED
60603,2,mathstral,never,4,0,0,MATH/Llama,MATH/Gemma,60603,9,3,True,True,True,False,False,baseline,,mathstral,never,NOT_ROUTED
60603,2,mathstral,never,4,0,0,MATH/Llama,MATH/Gemma,60603,9,4,True,True,True,False,False,baseline,,mathstral,never,NOT_ROUTED
60603,2,mathstral,never,4,0,0,MATH/Llama,MATH/Gemma,60603,9,5,True,True,True,False,False,baseline,,mathstral,never,NOT_ROUTED
60603,2,mathstral,never,4,0,0,MATH/Llama,MATH/Gemma,60603,9,6,False,False,False,False,False,baseline,,mathstral,never,NOT_ROUTED
60603,2,mathstral,never,4,0,0,MATH/Llama,MATH/Gemma,60603,9,7,True,True,True,False,False,baseline,,mathstral,never,NOT_ROUTED
60603,2,mathstral,never,4,0,0,MATH/Llama,MATH/Gemma,60603,10,0,True,True,True,False,False,baseline,,mathstral,never,NOT_ROUTED
60603,2,mathstral,never,4,0,0,MATH/Llama,MATH/Gemma,60603,10,1,True,True,True,False,False,baseline,,mathstral,never,NOT_ROUTED
60603,2,mathstral,never,4,0,0,MATH/Llama,MATH/Gemma,60603,10,2,True,True,True,False,False,baseline,,mathstral,never,NOT_ROUTED
60603,2,mathstral,never,4,0,0,MATH/Llama,MATH/Gemma,60603,10,3,True,True,True,False,False,baseline,,mathstral,never,NOT_ROUTED
60603,2,mathstral,never,4,0,0,MATH/Llama,MATH/Gemma,60603,10,4,True,True,True,False,False,baseline,,mathstral,never,NOT_ROUTED
60603,2,mathstral,never,4,0,0,MATH/Llama,MATH/Gemma,60603,10,5,True,True,True,False,False,baseline,,mathstral,never,NOT_ROUTED
60603,2,mathstral,never,4,0,0,MATH/Llama,MATH/Gemma,60603,10,6,True,True,True,False,False,baseline,,mathstral,never,NOT_ROUTED
60603,2,mathstral,never,4,0,0,MATH/Llama,MATH/Gemma,60603,10,7,True,True,True,False,False,baseline,,mathstral,never,NOT_ROUTED
60603,2,mathstral,never,4,0,0,MATH/Llama,MATH/Gemma,60603,14,0,False,False,False,False,False,baseline,,mathstral,never,NOT_ROUTED
60603,2,mathstral,never,4,0,0,MATH/Llama,MATH/Gemma,60603,14,1,False,False,False,False,False,baseline,,mathstral,never,NOT_ROUTED
60603,2,mathstral,never,4,0,0,MATH/Llama,MATH/Gemma,60603,14,2,False,False,False,False,False,baseline,,mathstral,never,NOT_ROUTED
60603,2,mathstral,never,4,0,0,MATH/Llama,MATH/Gemma,60603,14,3,False,False,False,False,False,baseline,,mathstral,never,NOT_ROUTED
60603,2,mathstral,never,4,0,0,MATH/Llama,MATH/Gemma,60603,14,4,False,False,False,False,False,baseline,,mathstral,never,NOT_ROUTED
60603,2,mathstral,never,4,0,0,MATH/Llama,MATH/Gemma,60603,14,5,False,False,False,False,False,baseline,,mathstral,never,NOT_ROUTED
60603,2,mathstral,never,4,0,0,MATH/Llama,MATH/Gemma,60603,14,6,False,False,False,False,False,baseline,,mathstral,never,NOT_ROUTED
60603,2,mathstral,never,4,0,0,MATH/Llama,MATH/Gemma,60603,14,7,False,False,False,False,False,baseline,,mathstral,never,NOT_ROUTED
60603,2,mathstral,never,4,0,0,MATH/Llama,MATH/Gemma,60603,15,0,False,False,False,False,False,baseline,,mathstral,never,NOT_ROUTED
60603,2,mathstral,never,4,0,0,MATH/Llama,MATH/Gemma,60603,15,1,False,False,False,False,False,baseline,,mathstral,never,NOT_ROUTED
60603,2,mathstral,never,4,0,0,MATH/Llama,MATH/Gemma,60603,15,2,False,False,False,False,False,baseline,,mathstral,never,NOT_ROUTED
60603,2,mathstral,never,4,0,0,MATH/Llama,MATH/Gemma,60603,15,3,False,False,False,False,False,baseline,,mathstral,never,NOT_ROUTED
60603,2,mathstral,never,4,0,0,MATH/Llama,MATH/Gemma,60603,15,4,False,False,False,False,False,baseline,,mathstral,never,NOT_ROUTED
60603,2,mathstral,never,4,0,0,MATH/Llama,MATH/Gemma,60603,15,5,False,False,False,False,False,baseline,,mathstral,never,NOT_ROUTED
60603,2,mathstral,never,4,0,0,MATH/Llama,MATH/Gemma,60603,15,6,False,False,False,False,False,baseline,,mathstral,never,NOT_ROUTED
60603,2,mathstral,never,4,0,0,MATH/Llama,MATH/Gemma,60603,15,7,False,False,False,False,False,baseline,,mathstral,never,NOT_ROUTED
60603,2,mathstral,never,4,0,0,MATH/Llama,MATH/Gemma,60603,16,0,False,False,False,False,False,baseline,,mathstral,never,NOT_ROUTED
60603,2,mathstral,never,4,0,0,MATH/Llama,MATH/Gemma,60603,16,1,False,False,False,False,False,baseline,,mathstral,never,NOT_ROUTED
60603,2,mathstral,never,4,0,0,MATH/Llama,MATH/Gemma,60603,16,2,False,False,False,False,False,baseline,,mathstral,never,NOT_ROUTED
60603,2,mathstral,never,4,0,0,MATH/Llama,MATH/Gemma,60603,16,3,False,False,False,False,False,baseline,,mathstral,never,NOT_ROUTED
60603,2,mathstral,never,4,0,0,MATH/Llama,MATH/Gemma,60603,16,4,False,False,False,False,False,baseline,,mathstral,never,NOT_ROUTED
60603,2,mathstral,never,4,0,0,MATH/Llama,MATH/Gemma,60603,16,5,False,False,False,False,False,baseline,,mathstral,never,NOT_ROUTED
60603,2,mathstral,never,4,0,0,MATH/Llama,MATH/Gemma,60603,16,6,False,False,False,False,False,baseline,,mathstral,never,NOT_ROUTED
60603,2,mathstral,never,4,0,0,MATH/Llama,MATH/Gemma,60603,16,7,False,False,False,False,False,baseline,,mathstral,never,NOT_ROUTED
60603,2,mathstral,never,4,0,0,MATH/Llama,MATH/Gemma,60603,18,0,False,False,False,False,False,baseline,,mathstral,never,NOT_ROUTED
60603,2,mathstral,never,4,0,0,MATH/Llama,MATH/Gemma,60603,18,1,False,False,False,False,False,baseline,,mathstral,never,NOT_ROUTED
60603,2,mathstral,never,4,0,0,MATH/Llama,MATH/Gemma,60603,18,2,False,False,False,False,False,baseline,,mathstral,never,NOT_ROUTED
60603,2,mathstral,never,4,0,0,MATH/Llama,MATH/Gemma,60603,18,3,False,False,False,False,False,baseline,,mathstral,never,NOT_ROUTED
60603,2,mathstral,never,4,0,0,MATH/Llama,MATH/Gemma,60603,18,4,False,False,False,False,False,baseline,,mathstral,never,NOT_ROUTED
60603,2,mathstral,never,4,0,0,MATH/Llama,MATH/Gemma,60603,18,5,False,False,False,False,False,baseline,,mathstral,never,NOT_ROUTED
60603,2,mathstral,never,4,0,0,MATH/Llama,MATH/Gemma,60603,18,6,False,False,False,False,False,baseline,,mathstral,never,NOT_ROUTED
60603,2,mathstral,never,4,0,0,MATH/Llama,MATH/Gemma,60603,18,7,False,False,False,False,False,baseline,,mathstral,never,NOT_ROUTED
60603,2,mathstral,never,4,0,0,MATH/Llama,MATH/Gemma,60603,19,0,True,True,True,False,False,baseline,,mathstral,never,NOT_ROUTED
60603,2,mathstral,never,4,0,0,MATH/Llama,MATH/Gemma,60603,19,1,True,True,True,False,False,baseline,,mathstral,never,NOT_ROUTED
60603,2,mathstral,never,4,0,0,MATH/Llama,MATH/Gemma,60603,19,2,True,True,True,False,False,baseline,,mathstral,never,NOT_ROUTED
60603,2,mathstral,never,4,0,0,MATH/Llama,MATH/Gemma,60603,19,3,True,True,True,False,False,baseline,,mathstral,never,NOT_ROUTED
60603,2,mathstral,never,4,0,0,MATH/Llama,MATH/Gemma,60603,19,4,True,False,True,True,False,target_intersection_top20,pairwise_router_v123_llama_with_gemma_budget0_all_0011_regression_s60603_p19_t4,mathstral,never,A
60603,2,mathstral,never,4,0,0,MATH/Llama,MATH/Gemma,60603,19,5,True,True,True,False,False,baseline,,mathstral,never,NOT_ROUTED
60603,2,mathstral,never,4,0,0,MATH/Llama,MATH/Gemma,60603,19,6,True,True,True,False,False,baseline,,mathstral,never,NOT_ROUTED
60603,2,mathstral,never,4,0,0,MATH/Llama,MATH/Gemma,60603,19,7,True,True,True,False,False,baseline,,mathstral,never,NOT_ROUTED
60603,2,mathstral,never,4,0,0,MATH/Llama,MATH/Gemma,60603,25,0,True,True,True,False,False,baseline,,mathstral,never,NOT_ROUTED
60603,2,mathstral,never,4,0,0,MATH/Llama,MATH/Gemma,60603,25,1,True,True,True,False,False,baseline,,mathstral,never,NOT_ROUTED
60603,2,mathstral,never,4,0,0,MATH/Llama,MATH/Gemma,60603,25,2,True,True,True,False,False,baseline,,mathstral,never,NOT_ROUTED
60603,2,mathstral,never,4,0,0,MATH/Llama,MATH/Gemma,60603,25,3,True,True,True,False,False,baseline,,mathstral,never,NOT_ROUTED
60603,2,mathstral,never,4,0,0,MATH/Llama,MATH/Gemma,60603,25,4,True,True,True,False,False,baseline,,mathstral,never,NOT_ROUTED
60603,2,mathstral,never,4,0,0,MATH/Llama,MATH/Gemma,60603,25,5,True,True,True,False,False,baseline,,mathstral,never,NOT_ROUTED
60603,2,mathstral,never,4,0,0,MATH/Llama,MATH/Gemma,60603,25,6,True,True,True,False,False,baseline,,mathstral,never,NOT_ROUTED
60603,2,mathstral,never,4,0,0,MATH/Llama,MATH/Gemma,60603,25,7,True,True,True,False,False,baseline,,mathstral,never,NOT_ROUTED
60603,2,mathstral,never,4,0,0,MATH/Llama,MATH/Gemma,60603,28,0,False,False,False,False,False,baseline,,mathstral,never,NOT_ROUTED
60603,2,mathstral,never,4,0,0,MATH/Llama,MATH/Gemma,60603,28,1,False,False,False,False,False,baseline,,mathstral,never,NOT_ROUTED
60603,2,mathstral,never,4,0,0,MATH/Llama,MATH/Gemma,60603,28,2,False,False,False,False,False,baseline,,mathstral,never,NOT_ROUTED
60603,2,mathstral,never,4,0,0,MATH/Llama,MATH/Gemma,60603,28,3,False,False,False,False,False,baseline,,mathstral,never,NOT_ROUTED
60603,2,mathstral,never,4,0,0,MATH/Llama,MATH/Gemma,60603,28,4,False,False,False,False,False,baseline,,mathstral,never,NOT_ROUTED
60603,2,mathstral,never,4,0,0,MATH/Llama,MATH/Gemma,60603,28,5,False,False,False,False,False,baseline,,mathstral,never,NOT_ROUTED
60603,2,mathstral,never,4,0,0,MATH/Llama,MATH/Gemma,60603,28,6,False,False,False,False,False,baseline,,mathstral,never,NOT_ROUTED
60603,2,mathstral,never,4,0,0,MATH/Llama,MATH/Gemma,60603,28,7,False,False,False,False,False,baseline,,mathstral,never,NOT_ROUTED
60603,2,mathstral,never,4,0,0,MATH/Llama,MATH/Gemma,60603,29,0,True,True,True,False,False,baseline,,mathstral,never,NOT_ROUTED
60603,2,mathstral,never,4,0,0,MATH/Llama,MATH/Gemma,60603,29,1,True,True,True,False,False,baseline,,mathstral,never,NOT_ROUTED
60603,2,mathstral,never,4,0,0,MATH/Llama,MATH/Gemma,60603,29,2,True,True,True,False,False,baseline,,mathstral,never,NOT_ROUTED
60603,2,mathstral,never,4,0,0,MATH/Llama,MATH/Gemma,60603,29,3,True,True,True,False,False,baseline,,mathstral,never,NOT_ROUTED
60603,2,mathstral,never,4,0,0,MATH/Llama,MATH/Gemma,60603,29,4,True,True,True,False,False,baseline,,mathstral,never,NOT_ROUTED
60603,2,mathstral,never,4,0,0,MATH/Llama,MATH/Gemma,60603,29,5,True,True,True,False,False,baseline,,mathstral,never,NOT_ROUTED
60603,2,mathstral,never,4,0,0,MATH/Llama,MATH/Gemma,60603,29,6,True,True,True,False,False,baseline,,mathstral,never,NOT_ROUTED
60603,2,mathstral,never,4,0,0,MATH/Llama,MATH/Gemma,60603,29,7,True,True,True,False,False,baseline,,mathstral,never,NOT_ROUTED
60603,2,mathstral,never,4,0,0,MATH/Llama,MATH/Gemma,60603,30,0,True,True,True,False,False,baseline,,mathstral,never,NOT_ROUTED
60603,2,mathstral,never,4,0,0,MATH/Llama,MATH/Gemma,60603,30,1,True,True,True,False,False,baseline,,mathstral,never,NOT_ROUTED
60603,2,mathstral,never,4,0,0,MATH/Llama,MATH/Gemma,60603,30,2,True,True,True,False,False,baseline,,mathstral,never,NOT_ROUTED
60603,2,mathstral,never,4,0,0,MATH/Llama,MATH/Gemma,60603,30,3,True,True,True,False,False,baseline,,mathstral,never,NOT_ROUTED
60603,2,mathstral,never,4,0,0,MATH/Llama,MATH/Gemma,60603,30,4,True,True,True,False,False,baseline,,mathstral,never,NOT_ROUTED
60603,2,mathstral,never,4,0,0,MATH/Llama,MATH/Gemma,60603,30,5,True,True,True,False,False,baseline,,mathstral,never,NOT_ROUTED
60603,2,mathstral,never,4,0,0,MATH/Llama,MATH/Gemma,60603,30,6,True,True,True,False,False,baseline,,mathstral,never,NOT_ROUTED
60603,2,mathstral,never,4,0,0,MATH/Llama,MATH/Gemma,60603,30,7,True,True,True,False,False,baseline,,mathstral,never,NOT_ROUTED
60603,2,mathstral,never,4,0,0,MATH/Llama,MATH/Gemma,60603,32,0,True,True,True,False,False,baseline,,mathstral,never,NOT_ROUTED
60603,2,mathstral,never,4,0,0,MATH/Llama,MATH/Gemma,60603,32,1,True,True,True,False,False,baseline,,mathstral,never,NOT_ROUTED
60603,2,mathstral,never,4,0,0,MATH/Llama,MATH/Gemma,60603,32,2,True,True,True,False,False,baseline,,mathstral,never,NOT_ROUTED
60603,2,mathstral,never,4,0,0,MATH/Llama,MATH/Gemma,60603,32,3,True,True,True,False,False,baseline,,mathstral,never,NOT_ROUTED
60603,2,mathstral,never,4,0,0,MATH/Llama,MATH/Gemma,60603,32,4,True,True,True,False,False,baseline,,mathstral,never,NOT_ROUTED
60603,2,mathstral,never,4,0,0,MATH/Llama,MATH/Gemma,60603,32,5,True,True,True,False,False,baseline,,mathstral,never,NOT_ROUTED
60603,2,mathstral,never,4,0,0,MATH/Llama,MATH/Gemma,60603,32,6,True,True,True,False,False,baseline,,mathstral,never,NOT_ROUTED
60603,2,mathstral,never,4,0,0,MATH/Llama,MATH/Gemma,60603,32,7,True,True,True,False,False,baseline,,mathstral,never,NOT_ROUTED
60603,2,mathstral,never,4,0,0,MATH/Llama,MATH/Gemma,60603,35,0,True,True,True,False,False,baseline,,mathstral,never,NOT_ROUTED
60603,2,mathstral,never,4,0,0,MATH/Llama,MATH/Gemma,60603,35,1,True,True,True,False,False,baseline,,mathstral,never,NOT_ROUTED
60603,2,mathstral,never,4,0,0,MATH/Llama,MATH/Gemma,60603,35,2,True,True,True,False,False,baseline,,mathstral,never,NOT_ROUTED
60603,2,mathstral,never,4,0,0,MATH/Llama,MATH/Gemma,60603,35,3,True,True,True,False,False,baseline,,mathstral,never,NOT_ROUTED
60603,2,mathstral,never,4,0,0,MATH/Llama,MATH/Gemma,60603,35,4,True,True,True,False,False,baseline,,mathstral,never,NOT_ROUTED
60603,2,mathstral,never,4,0,0,MATH/Llama,MATH/Gemma,60603,35,5,True,True,True,False,False,baseline,,mathstral,never,NOT_ROUTED
60603,2,mathstral,never,4,0,0,MATH/Llama,MATH/Gemma,60603,35,6,True,True,True,False,False,baseline,,mathstral,never,NOT_ROUTED
60603,2,mathstral,never,4,0,0,MATH/Llama,MATH/Gemma,60603,35,7,True,True,True,False,False,baseline,,mathstral,never,NOT_ROUTED
60603,2,mathstral,never,4,0,0,MATH/Llama,MATH/Gemma,60603,39,0,True,True,True,False,False,baseline,,mathstral,never,NOT_ROUTED
60603,2,mathstral,never,4,0,0,MATH/Llama,MATH/Gemma,60603,39,1,True,True,True,False,False,baseline,,mathstral,never,NOT_ROUTED
60603,2,mathstral,never,4,0,0,MATH/Llama,MATH/Gemma,60603,39,2,True,True,True,False,False,baseline,,mathstral,never,NOT_ROUTED
60603,2,mathstral,never,4,0,0,MATH/Llama,MATH/Gemma,60603,39,3,True,True,True,False,False,baseline,,mathstral,never,NOT_ROUTED
60603,2,mathstral,never,4,0,0,MATH/Llama,MATH/Gemma,60603,39,4,True,True,True,False,False,baseline,,mathstral,never,NOT_ROUTED
60603,2,mathstral,never,4,0,0,MATH/Llama,MATH/Gemma,60603,39,5,True,True,True,False,False,baseline,,mathstral,never,NOT_ROUTED
60603,2,mathstral,never,4,0,0,MATH/Llama,MATH/Gemma,60603,39,6,True,True,True,False,False,baseline,,mathstral,never,NOT_ROUTED
60603,2,mathstral,never,4,0,0,MATH/Llama,MATH/Gemma,60603,39,7,True,True,True,False,False,baseline,,mathstral,never,NOT_ROUTED
60603,2,mathstral,never,4,0,0,MATH/Llama,MATH/Gemma,60603,41,0,False,False,False,False,False,baseline,,mathstral,never,NOT_ROUTED
60603,2,mathstral,never,4,0,0,MATH/Llama,MATH/Gemma,60603,41,1,False,False,False,False,False,baseline,,mathstral,never,NOT_ROUTED
60603,2,mathstral,never,4,0,0,MATH/Llama,MATH/Gemma,60603,41,2,False,False,False,False,False,baseline,,mathstral,never,NOT_ROUTED
60603,2,mathstral,never,4,0,0,MATH/Llama,MATH/Gemma,60603,41,3,False,False,False,False,False,baseline,,mathstral,never,NOT_ROUTED
60603,2,mathstral,never,4,0,0,MATH/Llama,MATH/Gemma,60603,41,4,False,False,False,False,False,baseline,,mathstral,never,NOT_ROUTED
60603,2,mathstral,never,4,0,0,MATH/Llama,MATH/Gemma,60603,41,5,False,False,False,False,False,baseline,,mathstral,never,NOT_ROUTED
60603,2,mathstral,never,4,0,0,MATH/Llama,MATH/Gemma,60603,41,6,False,False,False,False,False,baseline,,mathstral,never,NOT_ROUTED
60603,2,mathstral,never,4,0,0,MATH/Llama,MATH/Gemma,60603,41,7,False,False,False,False,False,baseline,,mathstral,never,NOT_ROUTED
60603,2,mathstral,never,4,0,0,MATH/Llama,MATH/Gemma,60603,42,0,False,False,False,False,False,baseline,,mathstral,never,NOT_ROUTED
60603,2,mathstral,never,4,0,0,MATH/Llama,MATH/Gemma,60603,42,1,False,False,False,False,False,baseline,,mathstral,never,NOT_ROUTED
60603,2,mathstral,never,4,0,0,MATH/Llama,MATH/Gemma,60603,42,2,False,False,False,False,False,baseline,,mathstral,never,NOT_ROUTED
60603,2,mathstral,never,4,0,0,MATH/Llama,MATH/Gemma,60603,42,3,False,False,False,False,False,baseline,,mathstral,never,NOT_ROUTED
60603,2,mathstral,never,4,0,0,MATH/Llama,MATH/Gemma,60603,42,4,False,False,False,False,False,baseline,,mathstral,never,NOT_ROUTED
60603,2,mathstral,never,4,0,0,MATH/Llama,MATH/Gemma,60603,42,5,False,False,False,False,False,baseline,,mathstral,never,NOT_ROUTED
60603,2,mathstral,never,4,0,0,MATH/Llama,MATH/Gemma,60603,42,6,False,False,False,False,False,baseline,,mathstral,never,NOT_ROUTED
60603,2,mathstral,never,4,0,0,MATH/Llama,MATH/Gemma,60603,42,7,False,False,False,True,False,target_intersection_top20,pairwise_router_v123_llama_with_gemma_budget0_all_0007_neither_correct_s60603_p42_t7,mathstral,never,NEITHER
60603,2,mathstral,never,4,0,0,MATH/Llama,MATH/Gemma,60603,43,0,True,True,True,False,False,baseline,,mathstral,never,NOT_ROUTED
60603,2,mathstral,never,4,0,0,MATH/Llama,MATH/Gemma,60603,43,1,True,True,True,False,False,baseline,,mathstral,never,NOT_ROUTED
60603,2,mathstral,never,4,0,0,MATH/Llama,MATH/Gemma,60603,43,2,True,True,True,False,False,baseline,,mathstral,never,NOT_ROUTED
60603,2,mathstral,never,4,0,0,MATH/Llama,MATH/Gemma,60603,43,3,True,True,True,False,False,baseline,,mathstral,never,NOT_ROUTED
60603,2,mathstral,never,4,0,0,MATH/Llama,MATH/Gemma,60603,43,4,True,True,True,False,False,baseline,,mathstral,never,NOT_ROUTED
60603,2,mathstral,never,4,0,0,MATH/Llama,MATH/Gemma,60603,43,5,True,True,True,False,False,baseline,,mathstral,never,NOT_ROUTED
60603,2,mathstral,never,4,0,0,MATH/Llama,MATH/Gemma,60603,43,6,True,True,True,False,False,baseline,,mathstral,never,NOT_ROUTED
60603,2,mathstral,never,4,0,0,MATH/Llama,MATH/Gemma,60603,43,7,True,True,True,False,False,baseline,,mathstral,never,NOT_ROUTED
60603,2,mathstral,never,4,0,0,MATH/Llama,MATH/Gemma,60603,47,0,False,False,False,False,False,baseline,,mathstral,never,NOT_ROUTED
60603,2,mathstral,never,4,0,0,MATH/Llama,MATH/Gemma,60603,47,1,True,True,True,False,False,baseline,,mathstral,never,NOT_ROUTED
60603,2,mathstral,never,4,0,0,MATH/Llama,MATH/Gemma,60603,47,2,True,True,True,False,False,baseline,,mathstral,never,NOT_ROUTED
60603,2,mathstral,never,4,0,0,MATH/Llama,MATH/Gemma,60603,47,3,False,True,False,True,False,union_rank_top3,pairwise_router_v123_llama_with_gemma_budget0_all_0010_recovery_s60603_p47_t3,mathstral,never,A
60603,2,mathstral,never,4,0,0,MATH/Llama,MATH/Gemma,60603,47,4,True,True,True,False,False,baseline,,mathstral,never,NOT_ROUTED
60603,2,mathstral,never,4,0,0,MATH/Llama,MATH/Gemma,60603,47,5,False,False,False,False,False,baseline,,mathstral,never,NOT_ROUTED
60603,2,mathstral,never,4,0,0,MATH/Llama,MATH/Gemma,60603,47,6,True,True,True,False,False,baseline,,mathstral,never,NOT_ROUTED
60603,2,mathstral,never,4,0,0,MATH/Llama,MATH/Gemma,60603,47,7,True,True,True,False,False,baseline,,mathstral,never,NOT_ROUTED
60603,2,mathstral,never,4,0,0,MATH/Llama,MATH/Gemma,60603,49,0,False,False,False,False,False,baseline,,mathstral,never,NOT_ROUTED
60603,2,mathstral,never,4,0,0,MATH/Llama,MATH/Gemma,60603,49,1,False,False,False,False,False,baseline,,mathstral,never,NOT_ROUTED
60603,2,mathstral,never,4,0,0,MATH/Llama,MATH/Gemma,60603,49,2,False,False,False,False,False,baseline,,mathstral,never,NOT_ROUTED
60603,2,mathstral,never,4,0,0,MATH/Llama,MATH/Gemma,60603,49,3,False,False,False,False,False,baseline,,mathstral,never,NOT_ROUTED
60603,2,mathstral,never,4,0,0,MATH/Llama,MATH/Gemma,60603,49,4,False,False,False,False,False,baseline,,mathstral,never,NOT_ROUTED
60603,2,mathstral,never,4,0,0,MATH/Llama,MATH/Gemma,60603,49,5,False,False,False,False,False,baseline,,mathstral,never,NOT_ROUTED
60603,2,mathstral,never,4,0,0,MATH/Llama,MATH/Gemma,60603,49,6,False,False,False,False,False,baseline,,mathstral,never,NOT_ROUTED
60603,2,mathstral,never,4,0,0,MATH/Llama,MATH/Gemma,60603,49,7,False,False,False,False,False,baseline,,mathstral,never,NOT_ROUTED
60603,2,mathstral,never,4,0,0,MATH/Llama,MATH/Gemma,60603,50,0,False,False,False,False,False,baseline,,mathstral,never,NOT_ROUTED
60603,2,mathstral,never,4,0,0,MATH/Llama,MATH/Gemma,60603,50,1,False,False,False,False,False,baseline,,mathstral,never,NOT_ROUTED
60603,2,mathstral,never,4,0,0,MATH/Llama,MATH/Gemma,60603,50,2,False,False,False,False,False,baseline,,mathstral,never,NOT_ROUTED
60603,2,mathstral,never,4,0,0,MATH/Llama,MATH/Gemma,60603,50,3,False,False,False,False,False,baseline,,mathstral,never,NOT_ROUTED
60603,2,mathstral,never,4,0,0,MATH/Llama,MATH/Gemma,60603,50,4,True,True,True,False,False,baseline,,mathstral,never,NOT_ROUTED
60603,2,mathstral,never,4,0,0,MATH/Llama,MATH/Gemma,60603,50,5,False,False,False,False,False,baseline,,mathstral,never,NOT_ROUTED
60603,2,mathstral,never,4,0,0,MATH/Llama,MATH/Gemma,60603,50,6,False,False,False,False,False,baseline,,mathstral,never,NOT_ROUTED
60603,2,mathstral,never,4,0,0,MATH/Llama,MATH/Gemma,60603,50,7,False,False,False,False,False,baseline,,mathstral,never,NOT_ROUTED
60603,2,mathstral,never,4,0,0,MATH/Llama,MATH/Gemma,60603,51,0,False,False,False,False,False,baseline,,mathstral,never,NOT_ROUTED
60603,2,mathstral,never,4,0,0,MATH/Llama,MATH/Gemma,60603,51,1,False,False,False,False,False,baseline,,mathstral,never,NOT_ROUTED
60603,2,mathstral,never,4,0,0,MATH/Llama,MATH/Gemma,60603,51,2,False,False,False,False,False,baseline,,mathstral,never,NOT_ROUTED
60603,2,mathstral,never,4,0,0,MATH/Llama,MATH/Gemma,60603,51,3,False,False,False,False,False,baseline,,mathstral,never,NOT_ROUTED
60603,2,mathstral,never,4,0,0,MATH/Llama,MATH/Gemma,60603,51,4,False,False,False,False,False,baseline,,mathstral,never,NOT_ROUTED
60603,2,mathstral,never,4,0,0,MATH/Llama,MATH/Gemma,60603,51,5,False,False,False,False,False,baseline,,mathstral,never,NOT_ROUTED
60603,2,mathstral,never,4,0,0,MATH/Llama,MATH/Gemma,60603,51,6,False,False,False,False,False,baseline,,mathstral,never,NOT_ROUTED
60603,2,mathstral,never,4,0,0,MATH/Llama,MATH/Gemma,60603,51,7,False,False,False,False,False,baseline,,mathstral,never,NOT_ROUTED
60603,2,mathstral,never,4,0,0,MATH/Llama,MATH/Gemma,60603,53,0,False,False,False,False,False,baseline,,mathstral,never,NOT_ROUTED
60603,2,mathstral,never,4,0,0,MATH/Llama,MATH/Gemma,60603,53,1,False,False,False,False,False,baseline,,mathstral,never,NOT_ROUTED
60603,2,mathstral,never,4,0,0,MATH/Llama,MATH/Gemma,60603,53,2,False,False,False,False,False,baseline,,mathstral,never,NOT_ROUTED
60603,2,mathstral,never,4,0,0,MATH/Llama,MATH/Gemma,60603,53,3,False,False,False,False,False,baseline,,mathstral,never,NOT_ROUTED
60603,2,mathstral,never,4,0,0,MATH/Llama,MATH/Gemma,60603,53,4,False,False,False,False,False,baseline,,mathstral,never,NOT_ROUTED
60603,2,mathstral,never,4,0,0,MATH/Llama,MATH/Gemma,60603,53,5,False,False,False,False,False,baseline,,mathstral,never,NOT_ROUTED
60603,2,mathstral,never,4,0,0,MATH/Llama,MATH/Gemma,60603,53,6,False,False,False,False,False,baseline,,mathstral,never,NOT_ROUTED
60603,2,mathstral,never,4,0,0,MATH/Llama,MATH/Gemma,60603,53,7,False,False,False,False,False,baseline,,mathstral,never,NOT_ROUTED
60603,2,mathstral,never,4,0,0,MATH/Llama,MATH/Gemma,60603,54,0,False,False,False,False,False,baseline,,mathstral,never,NOT_ROUTED
60603,2,mathstral,never,4,0,0,MATH/Llama,MATH/Gemma,60603,54,1,False,False,False,False,False,baseline,,mathstral,never,NOT_ROUTED
60603,2,mathstral,never,4,0,0,MATH/Llama,MATH/Gemma,60603,54,2,False,False,False,False,False,baseline,,mathstral,never,NOT_ROUTED
60603,2,mathstral,never,4,0,0,MATH/Llama,MATH/Gemma,60603,54,3,False,False,False,False,False,baseline,,mathstral,never,NOT_ROUTED
60603,2,mathstral,never,4,0,0,MATH/Llama,MATH/Gemma,60603,54,4,False,False,False,False,False,baseline,,mathstral,never,NOT_ROUTED
60603,2,mathstral,never,4,0,0,MATH/Llama,MATH/Gemma,60603,54,5,False,False,False,False,False,baseline,,mathstral,never,NOT_ROUTED
60603,2,mathstral,never,4,0,0,MATH/Llama,MATH/Gemma,60603,54,6,False,False,False,False,False,baseline,,mathstral,never,NOT_ROUTED
60603,2,mathstral,never,4,0,0,MATH/Llama,MATH/Gemma,60603,54,7,True,True,True,False,False,baseline,,mathstral,never,NOT_ROUTED
60603,2,mathstral,never,4,0,0,MATH/Llama,MATH/Gemma,60603,56,0,False,False,False,False,False,baseline,,mathstral,never,NOT_ROUTED
60603,2,mathstral,never,4,0,0,MATH/Llama,MATH/Gemma,60603,56,1,False,False,False,False,False,baseline,,mathstral,never,NOT_ROUTED
60603,2,mathstral,never,4,0,0,MATH/Llama,MATH/Gemma,60603,56,2,False,False,False,False,False,baseline,,mathstral,never,NOT_ROUTED
60603,2,mathstral,never,4,0,0,MATH/Llama,MATH/Gemma,60603,56,3,False,False,False,False,False,baseline,,mathstral,never,NOT_ROUTED
60603,2,mathstral,never,4,0,0,MATH/Llama,MATH/Gemma,60603,56,4,False,False,False,False,False,baseline,,mathstral,never,NOT_ROUTED
60603,2,mathstral,never,4,0,0,MATH/Llama,MATH/Gemma,60603,56,5,False,False,False,False,False,baseline,,mathstral,never,NOT_ROUTED
60603,2,mathstral,never,4,0,0,MATH/Llama,MATH/Gemma,60603,56,6,False,False,False,False,False,baseline,,mathstral,never,NOT_ROUTED
60603,2,mathstral,never,4,0,0,MATH/Llama,MATH/Gemma,60603,56,7,False,False,False,False,False,baseline,,mathstral,never,NOT_ROUTED
60603,2,mathstral,never,4,0,0,MATH/Llama,MATH/Gemma,60603,57,0,False,False,False,False,False,baseline,,mathstral,never,NOT_ROUTED
60603,2,mathstral,never,4,0,0,MATH/Llama,MATH/Gemma,60603,57,1,False,False,False,False,False,baseline,,mathstral,never,NOT_ROUTED
60603,2,mathstral,never,4,0,0,MATH/Llama,MATH/Gemma,60603,57,2,False,False,False,False,False,baseline,,mathstral,never,NOT_ROUTED
60603,2,mathstral,never,4,0,0,MATH/Llama,MATH/Gemma,60603,57,3,False,False,False,False,False,baseline,,mathstral,never,NOT_ROUTED
60603,2,mathstral,never,4,0,0,MATH/Llama,MATH/Gemma,60603,57,4,False,False,False,False,False,baseline,,mathstral,never,NOT_ROUTED
60603,2,mathstral,never,4,0,0,MATH/Llama,MATH/Gemma,60603,57,5,False,False,False,False,False,baseline,,mathstral,never,NOT_ROUTED
60603,2,mathstral,never,4,0,0,MATH/Llama,MATH/Gemma,60603,57,6,False,False,False,False,False,baseline,,mathstral,never,NOT_ROUTED
60603,2,mathstral,never,4,0,0,MATH/Llama,MATH/Gemma,60603,57,7,False,False,False,False,False,baseline,,mathstral,never,NOT_ROUTED
60603,2,mathstral,never,4,0,0,MATH/Llama,MATH/Gemma,60603,59,0,False,False,False,False,False,baseline,,mathstral,never,NOT_ROUTED
60603,2,mathstral,never,4,0,0,MATH/Llama,MATH/Gemma,60603,59,1,False,False,False,False,False,baseline,,mathstral,never,NOT_ROUTED
60603,2,mathstral,never,4,0,0,MATH/Llama,MATH/Gemma,60603,59,2,False,False,False,False,False,baseline,,mathstral,never,NOT_ROUTED
60603,2,mathstral,never,4,0,0,MATH/Llama,MATH/Gemma,60603,59,3,False,False,False,False,False,baseline,,mathstral,never,NOT_ROUTED
60603,2,mathstral,never,4,0,0,MATH/Llama,MATH/Gemma,60603,59,4,False,False,False,False,False,baseline,,mathstral,never,NOT_ROUTED
60603,2,mathstral,never,4,0,0,MATH/Llama,MATH/Gemma,60603,59,5,False,False,False,False,False,baseline,,mathstral,never,NOT_ROUTED
60603,2,mathstral,never,4,0,0,MATH/Llama,MATH/Gemma,60603,59,6,False,False,False,False,False,baseline,,mathstral,never,NOT_ROUTED
60603,2,mathstral,never,4,0,0,MATH/Llama,MATH/Gemma,60603,59,7,False,False,False,False,False,baseline,,mathstral,never,NOT_ROUTED
60603,2,mathstral,never,4,0,0,MATH/Llama,MATH/Gemma,60603,60,0,False,False,False,False,False,baseline,,mathstral,never,NOT_ROUTED
60603,2,mathstral,never,4,0,0,MATH/Llama,MATH/Gemma,60603,60,1,False,False,False,False,False,baseline,,mathstral,never,NOT_ROUTED
60603,2,mathstral,never,4,0,0,MATH/Llama,MATH/Gemma,60603,60,2,False,False,False,False,False,baseline,,mathstral,never,NOT_ROUTED
60603,2,mathstral,never,4,0,0,MATH/Llama,MATH/Gemma,60603,60,3,False,False,False,False,False,baseline,,mathstral,never,NOT_ROUTED
60603,2,mathstral,never,4,0,0,MATH/Llama,MATH/Gemma,60603,60,4,False,False,False,False,False,baseline,,mathstral,never,NOT_ROUTED
60603,2,mathstral,never,4,0,0,MATH/Llama,MATH/Gemma,60603,60,5,False,False,False,False,False,baseline,,mathstral,never,NOT_ROUTED
60603,2,mathstral,never,4,0,0,MATH/Llama,MATH/Gemma,60603,60,6,False,False,False,False,False,baseline,,mathstral,never,NOT_ROUTED
60603,2,mathstral,never,4,0,0,MATH/Llama,MATH/Gemma,60603,60,7,False,False,False,False,False,baseline,,mathstral,never,NOT_ROUTED
60603,2,mathstral,never,4,0,0,MATH/Llama,MATH/Gemma,60603,61,0,False,False,False,False,False,baseline,,mathstral,never,NOT_ROUTED
60603,2,mathstral,never,4,0,0,MATH/Llama,MATH/Gemma,60603,61,1,False,False,False,False,False,baseline,,mathstral,never,NOT_ROUTED
60603,2,mathstral,never,4,0,0,MATH/Llama,MATH/Gemma,60603,61,2,False,False,False,False,False,baseline,,mathstral,never,NOT_ROUTED
60603,2,mathstral,never,4,0,0,MATH/Llama,MATH/Gemma,60603,61,3,False,False,False,False,False,baseline,,mathstral,never,NOT_ROUTED
60603,2,mathstral,never,4,0,0,MATH/Llama,MATH/Gemma,60603,61,4,False,False,False,False,False,baseline,,mathstral,never,NOT_ROUTED
60603,2,mathstral,never,4,0,0,MATH/Llama,MATH/Gemma,60603,61,5,False,False,False,False,False,baseline,,mathstral,never,NOT_ROUTED
60603,2,mathstral,never,4,0,0,MATH/Llama,MATH/Gemma,60603,61,6,False,False,False,False,False,baseline,,mathstral,never,NOT_ROUTED
60603,2,mathstral,never,4,0,0,MATH/Llama,MATH/Gemma,60603,61,7,False,False,False,False,False,baseline,,mathstral,never,NOT_ROUTED
60603,2,mathstral,never,4,0,0,MATH/Llama,MATH/Gemma,60603,62,0,False,False,False,False,False,baseline,,mathstral,never,NOT_ROUTED
60603,2,mathstral,never,4,0,0,MATH/Llama,MATH/Gemma,60603,62,1,False,False,False,False,False,baseline,,mathstral,never,NOT_ROUTED
60603,2,mathstral,never,4,0,0,MATH/Llama,MATH/Gemma,60603,62,2,False,False,False,False,False,baseline,,mathstral,never,NOT_ROUTED
60603,2,mathstral,never,4,0,0,MATH/Llama,MATH/Gemma,60603,62,3,False,False,False,False,False,baseline,,mathstral,never,NOT_ROUTED
60603,2,mathstral,never,4,0,0,MATH/Llama,MATH/Gemma,60603,62,4,False,False,False,False,False,baseline,,mathstral,never,NOT_ROUTED
60603,2,mathstral,never,4,0,0,MATH/Llama,MATH/Gemma,60603,62,5,False,False,False,False,False,baseline,,mathstral,never,NOT_ROUTED
60603,2,mathstral,never,4,0,0,MATH/Llama,MATH/Gemma,60603,62,6,False,False,False,False,False,baseline,,mathstral,never,NOT_ROUTED
60603,2,mathstral,never,4,0,0,MATH/Llama,MATH/Gemma,60603,62,7,False,False,False,False,False,baseline,,mathstral,never,NOT_ROUTED
60603,2,mathstral,never,4,0,0,MATH/Llama,MATH/Gemma,60603,63,0,True,True,True,False,False,baseline,,mathstral,never,NOT_ROUTED
60603,2,mathstral,never,4,0,0,MATH/Llama,MATH/Gemma,60603,63,1,True,True,True,False,False,baseline,,mathstral,never,NOT_ROUTED
60603,2,mathstral,never,4,0,0,MATH/Llama,MATH/Gemma,60603,63,2,True,True,True,False,False,baseline,,mathstral,never,NOT_ROUTED
60603,2,mathstral,never,4,0,0,MATH/Llama,MATH/Gemma,60603,63,3,True,True,True,False,False,baseline,,mathstral,never,NOT_ROUTED
60603,2,mathstral,never,4,0,0,MATH/Llama,MATH/Gemma,60603,63,4,True,True,True,False,False,baseline,,mathstral,never,NOT_ROUTED
60603,2,mathstral,never,4,0,0,MATH/Llama,MATH/Gemma,60603,63,5,True,True,True,False,False,baseline,,mathstral,never,NOT_ROUTED
60603,2,mathstral,never,4,0,0,MATH/Llama,MATH/Gemma,60603,63,6,True,True,True,False,False,baseline,,mathstral,never,NOT_ROUTED
60603,2,mathstral,never,4,0,0,MATH/Llama,MATH/Gemma,60603,63,7,True,True,True,False,False,baseline,,mathstral,never,NOT_ROUTED
60603,2,mathstral,never,4,0,0,MATH/Llama,MATH/Gemma,60603,65,0,False,False,False,False,False,baseline,,mathstral,never,NOT_ROUTED
60603,2,mathstral,never,4,0,0,MATH/Llama,MATH/Gemma,60603,65,1,False,False,False,False,False,baseline,,mathstral,never,NOT_ROUTED
60603,2,mathstral,never,4,0,0,MATH/Llama,MATH/Gemma,60603,65,2,False,False,False,False,False,baseline,,mathstral,never,NOT_ROUTED
60603,2,mathstral,never,4,0,0,MATH/Llama,MATH/Gemma,60603,65,3,False,False,False,False,False,baseline,,mathstral,never,NOT_ROUTED
60603,2,mathstral,never,4,0,0,MATH/Llama,MATH/Gemma,60603,65,4,False,False,False,False,False,baseline,,mathstral,never,NOT_ROUTED
60603,2,mathstral,never,4,0,0,MATH/Llama,MATH/Gemma,60603,65,5,False,False,False,False,False,baseline,,mathstral,never,NOT_ROUTED
60603,2,mathstral,never,4,0,0,MATH/Llama,MATH/Gemma,60603,65,6,False,False,False,False,False,baseline,,mathstral,never,NOT_ROUTED
60603,2,mathstral,never,4,0,0,MATH/Llama,MATH/Gemma,60603,65,7,False,False,False,False,False,baseline,,mathstral,never,NOT_ROUTED
60603,2,mathstral,never,4,0,0,MATH/Llama,MATH/Gemma,60603,67,0,True,True,True,False,False,baseline,,mathstral,never,NOT_ROUTED
60603,2,mathstral,never,4,0,0,MATH/Llama,MATH/Gemma,60603,67,1,True,True,True,False,False,baseline,,mathstral,never,NOT_ROUTED
60603,2,mathstral,never,4,0,0,MATH/Llama,MATH/Gemma,60603,67,2,True,True,True,False,False,baseline,,mathstral,never,NOT_ROUTED
60603,2,mathstral,never,4,0,0,MATH/Llama,MATH/Gemma,60603,67,3,True,True,True,False,False,baseline,,mathstral,never,NOT_ROUTED
60603,2,mathstral,never,4,0,0,MATH/Llama,MATH/Gemma,60603,67,4,True,True,True,False,False,baseline,,mathstral,never,NOT_ROUTED
60603,2,mathstral,never,4,0,0,MATH/Llama,MATH/Gemma,60603,67,5,True,True,True,False,False,baseline,,mathstral,never,NOT_ROUTED
60603,2,mathstral,never,4,0,0,MATH/Llama,MATH/Gemma,60603,67,6,True,True,True,False,False,baseline,,mathstral,never,NOT_ROUTED
60603,2,mathstral,never,4,0,0,MATH/Llama,MATH/Gemma,60603,67,7,True,True,True,False,False,baseline,,mathstral,never,NOT_ROUTED
60603,2,mathstral,never,4,0,0,MATH/Llama,MATH/Gemma,60603,69,0,False,False,False,False,False,baseline,,mathstral,never,NOT_ROUTED
60603,2,mathstral,never,4,0,0,MATH/Llama,MATH/Gemma,60603,69,1,False,False,False,False,False,baseline,,mathstral,never,NOT_ROUTED
60603,2,mathstral,never,4,0,0,MATH/Llama,MATH/Gemma,60603,69,2,False,False,False,False,False,baseline,,mathstral,never,NOT_ROUTED
60603,2,mathstral,never,4,0,0,MATH/Llama,MATH/Gemma,60603,69,3,False,False,False,False,False,baseline,,mathstral,never,NOT_ROUTED
60603,2,mathstral,never,4,0,0,MATH/Llama,MATH/Gemma,60603,69,4,False,False,False,False,False,baseline,,mathstral,never,NOT_ROUTED
60603,2,mathstral,never,4,0,0,MATH/Llama,MATH/Gemma,60603,69,5,False,False,False,False,False,baseline,,mathstral,never,NOT_ROUTED
60603,2,mathstral,never,4,0,0,MATH/Llama,MATH/Gemma,60603,69,6,False,False,False,False,False,baseline,,mathstral,never,NOT_ROUTED
60603,2,mathstral,never,4,0,0,MATH/Llama,MATH/Gemma,60603,69,7,False,False,False,False,False,baseline,,mathstral,never,NOT_ROUTED
60603,2,mathstral,never,4,0,0,MATH/Llama,MATH/Gemma,60603,70,0,False,False,False,False,False,baseline,,mathstral,never,NOT_ROUTED
60603,2,mathstral,never,4,0,0,MATH/Llama,MATH/Gemma,60603,70,1,False,False,False,False,False,baseline,,mathstral,never,NOT_ROUTED
60603,2,mathstral,never,4,0,0,MATH/Llama,MATH/Gemma,60603,70,2,False,False,False,False,False,baseline,,mathstral,never,NOT_ROUTED
60603,2,mathstral,never,4,0,0,MATH/Llama,MATH/Gemma,60603,70,3,False,False,False,False,False,baseline,,mathstral,never,NOT_ROUTED
60603,2,mathstral,never,4,0,0,MATH/Llama,MATH/Gemma,60603,70,4,False,False,False,False,False,baseline,,mathstral,never,NOT_ROUTED
60603,2,mathstral,never,4,0,0,MATH/Llama,MATH/Gemma,60603,70,5,False,False,False,False,False,baseline,,mathstral,never,NOT_ROUTED
60603,2,mathstral,never,4,0,0,MATH/Llama,MATH/Gemma,60603,70,6,False,False,False,False,False,baseline,,mathstral,never,NOT_ROUTED
60603,2,mathstral,never,4,0,0,MATH/Llama,MATH/Gemma,60603,70,7,False,False,False,False,False,baseline,,mathstral,never,NOT_ROUTED
60603,2,mathstral,never,4,0,0,MATH/Llama,MATH/Gemma,60603,71,0,False,False,False,False,False,baseline,,mathstral,never,NOT_ROUTED
60603,2,mathstral,never,4,0,0,MATH/Llama,MATH/Gemma,60603,71,1,False,False,False,False,False,baseline,,mathstral,never,NOT_ROUTED
60603,2,mathstral,never,4,0,0,MATH/Llama,MATH/Gemma,60603,71,2,False,False,False,False,False,baseline,,mathstral,never,NOT_ROUTED
60603,2,mathstral,never,4,0,0,MATH/Llama,MATH/Gemma,60603,71,3,False,False,False,False,False,baseline,,mathstral,never,NOT_ROUTED
60603,2,mathstral,never,4,0,0,MATH/Llama,MATH/Gemma,60603,71,4,False,False,False,False,False,baseline,,mathstral,never,NOT_ROUTED
60603,2,mathstral,never,4,0,0,MATH/Llama,MATH/Gemma,60603,71,5,True,True,True,False,False,baseline,,mathstral,never,NOT_ROUTED
60603,2,mathstral,never,4,0,0,MATH/Llama,MATH/Gemma,60603,71,6,False,False,False,False,False,baseline,,mathstral,never,NOT_ROUTED
60603,2,mathstral,never,4,0,0,MATH/Llama,MATH/Gemma,60603,71,7,False,False,False,False,False,baseline,,mathstral,never,NOT_ROUTED
60603,2,mathstral,never,4,0,0,MATH/Llama,MATH/Gemma,60603,77,0,False,False,False,False,False,baseline,,mathstral,never,NOT_ROUTED
60603,2,mathstral,never,4,0,0,MATH/Llama,MATH/Gemma,60603,77,1,False,False,False,False,False,baseline,,mathstral,never,NOT_ROUTED
60603,2,mathstral,never,4,0,0,MATH/Llama,MATH/Gemma,60603,77,2,False,False,False,False,False,baseline,,mathstral,never,NOT_ROUTED
60603,2,mathstral,never,4,0,0,MATH/Llama,MATH/Gemma,60603,77,3,False,False,False,False,False,baseline,,mathstral,never,NOT_ROUTED
60603,2,mathstral,never,4,0,0,MATH/Llama,MATH/Gemma,60603,77,4,False,False,False,False,False,baseline,,mathstral,never,NOT_ROUTED
60603,2,mathstral,never,4,0,0,MATH/Llama,MATH/Gemma,60603,77,5,False,False,False,False,False,baseline,,mathstral,never,NOT_ROUTED
60603,2,mathstral,never,4,0,0,MATH/Llama,MATH/Gemma,60603,77,6,False,False,False,False,False,baseline,,mathstral,never,NOT_ROUTED
60603,2,mathstral,never,4,0,0,MATH/Llama,MATH/Gemma,60603,77,7,False,False,False,False,False,baseline,,mathstral,never,NOT_ROUTED
60603,2,mathstral,never,4,0,0,MATH/Llama,MATH/Gemma,60603,78,0,False,False,False,False,False,baseline,,mathstral,never,NOT_ROUTED
60603,2,mathstral,never,4,0,0,MATH/Llama,MATH/Gemma,60603,78,1,False,False,False,False,False,baseline,,mathstral,never,NOT_ROUTED
60603,2,mathstral,never,4,0,0,MATH/Llama,MATH/Gemma,60603,78,2,False,False,False,False,False,baseline,,mathstral,never,NOT_ROUTED
60603,2,mathstral,never,4,0,0,MATH/Llama,MATH/Gemma,60603,78,3,False,False,False,False,False,baseline,,mathstral,never,NOT_ROUTED
60603,2,mathstral,never,4,0,0,MATH/Llama,MATH/Gemma,60603,78,4,False,False,False,False,False,baseline,,mathstral,never,NOT_ROUTED
60603,2,mathstral,never,4,0,0,MATH/Llama,MATH/Gemma,60603,78,5,False,False,False,False,False,baseline,,mathstral,never,NOT_ROUTED
60603,2,mathstral,never,4,0,0,MATH/Llama,MATH/Gemma,60603,78,6,False,False,False,False,False,baseline,,mathstral,never,NOT_ROUTED
60603,2,mathstral,never,4,0,0,MATH/Llama,MATH/Gemma,60603,78,7,False,False,False,False,False,baseline,,mathstral,never,NOT_ROUTED
60603,2,mathstral,never,4,0,0,MATH/Llama,MATH/Gemma,60603,79,0,True,True,True,False,False,baseline,,mathstral,never,NOT_ROUTED
60603,2,mathstral,never,4,0,0,MATH/Llama,MATH/Gemma,60603,79,1,True,True,True,False,False,baseline,,mathstral,never,NOT_ROUTED
60603,2,mathstral,never,4,0,0,MATH/Llama,MATH/Gemma,60603,79,2,True,True,True,False,False,baseline,,mathstral,never,NOT_ROUTED
60603,2,mathstral,never,4,0,0,MATH/Llama,MATH/Gemma,60603,79,3,True,True,True,False,False,baseline,,mathstral,never,NOT_ROUTED
60603,2,mathstral,never,4,0,0,MATH/Llama,MATH/Gemma,60603,79,4,True,True,True,False,False,baseline,,mathstral,never,NOT_ROUTED
60603,2,mathstral,never,4,0,0,MATH/Llama,MATH/Gemma,60603,79,5,True,True,True,False,False,baseline,,mathstral,never,NOT_ROUTED
60603,2,mathstral,never,4,0,0,MATH/Llama,MATH/Gemma,60603,79,6,True,True,True,False,False,baseline,,mathstral,never,NOT_ROUTED
60603,2,mathstral,never,4,0,0,MATH/Llama,MATH/Gemma,60603,79,7,True,True,True,False,False,baseline,,mathstral,never,NOT_ROUTED
60603,2,mathstral,never,4,0,0,MATH/Llama,MATH/Gemma,60603,81,0,False,False,False,False,False,baseline,,mathstral,never,NOT_ROUTED
60603,2,mathstral,never,4,0,0,MATH/Llama,MATH/Gemma,60603,81,1,False,False,False,False,False,baseline,,mathstral,never,NOT_ROUTED
60603,2,mathstral,never,4,0,0,MATH/Llama,MATH/Gemma,60603,81,2,False,False,False,False,False,baseline,,mathstral,never,NOT_ROUTED
60603,2,mathstral,never,4,0,0,MATH/Llama,MATH/Gemma,60603,81,3,False,False,False,False,False,baseline,,mathstral,never,NOT_ROUTED
60603,2,mathstral,never,4,0,0,MATH/Llama,MATH/Gemma,60603,81,4,False,False,False,False,False,baseline,,mathstral,never,NOT_ROUTED
60603,2,mathstral,never,4,0,0,MATH/Llama,MATH/Gemma,60603,81,5,False,False,False,False,False,baseline,,mathstral,never,NOT_ROUTED
60603,2,mathstral,never,4,0,0,MATH/Llama,MATH/Gemma,60603,81,6,False,False,False,False,False,baseline,,mathstral,never,NOT_ROUTED
60603,2,mathstral,never,4,0,0,MATH/Llama,MATH/Gemma,60603,81,7,False,False,False,False,False,baseline,,mathstral,never,NOT_ROUTED
60603,2,mathstral,never,4,0,0,MATH/Llama,MATH/Gemma,60603,82,0,False,False,False,False,False,baseline,,mathstral,never,NOT_ROUTED
60603,2,mathstral,never,4,0,0,MATH/Llama,MATH/Gemma,60603,82,1,False,False,False,False,False,baseline,,mathstral,never,NOT_ROUTED
60603,2,mathstral,never,4,0,0,MATH/Llama,MATH/Gemma,60603,82,2,False,False,False,False,False,baseline,,mathstral,never,NOT_ROUTED
60603,2,mathstral,never,4,0,0,MATH/Llama,MATH/Gemma,60603,82,3,False,False,False,False,False,baseline,,mathstral,never,NOT_ROUTED
60603,2,mathstral,never,4,0,0,MATH/Llama,MATH/Gemma,60603,82,4,False,False,False,False,False,baseline,,mathstral,never,NOT_ROUTED
60603,2,mathstral,never,4,0,0,MATH/Llama,MATH/Gemma,60603,82,5,False,False,False,False,False,baseline,,mathstral,never,NOT_ROUTED
60603,2,mathstral,never,4,0,0,MATH/Llama,MATH/Gemma,60603,82,6,False,False,False,False,False,baseline,,mathstral,never,NOT_ROUTED
60603,2,mathstral,never,4,0,0,MATH/Llama,MATH/Gemma,60603,82,7,False,False,False,False,False,baseline,,mathstral,never,NOT_ROUTED
60603,2,mathstral,never,4,0,0,MATH/Llama,MATH/Gemma,60603,83,0,True,True,True,False,False,baseline,,mathstral,never,NOT_ROUTED
60603,2,mathstral,never,4,0,0,MATH/Llama,MATH/Gemma,60603,83,1,True,True,True,False,False,baseline,,mathstral,never,NOT_ROUTED
60603,2,mathstral,never,4,0,0,MATH/Llama,MATH/Gemma,60603,83,2,True,True,True,False,False,baseline,,mathstral,never,NOT_ROUTED
60603,2,mathstral,never,4,0,0,MATH/Llama,MATH/Gemma,60603,83,3,True,True,True,False,False,baseline,,mathstral,never,NOT_ROUTED
60603,2,mathstral,never,4,0,0,MATH/Llama,MATH/Gemma,60603,83,4,True,True,True,False,False,baseline,,mathstral,never,NOT_ROUTED
60603,2,mathstral,never,4,0,0,MATH/Llama,MATH/Gemma,60603,83,5,True,True,True,False,False,baseline,,mathstral,never,NOT_ROUTED
60603,2,mathstral,never,4,0,0,MATH/Llama,MATH/Gemma,60603,83,6,True,True,True,False,False,baseline,,mathstral,never,NOT_ROUTED
60603,2,mathstral,never,4,0,0,MATH/Llama,MATH/Gemma,60603,83,7,True,True,True,False,False,baseline,,mathstral,never,NOT_ROUTED
60603,2,mathstral,never,4,0,0,MATH/Llama,MATH/Gemma,60603,85,0,True,True,True,False,False,baseline,,mathstral,never,NOT_ROUTED
60603,2,mathstral,never,4,0,0,MATH/Llama,MATH/Gemma,60603,85,1,True,True,True,False,False,baseline,,mathstral,never,NOT_ROUTED
60603,2,mathstral,never,4,0,0,MATH/Llama,MATH/Gemma,60603,85,2,True,True,True,False,False,baseline,,mathstral,never,NOT_ROUTED
60603,2,mathstral,never,4,0,0,MATH/Llama,MATH/Gemma,60603,85,3,True,True,True,False,False,baseline,,mathstral,never,NOT_ROUTED
60603,2,mathstral,never,4,0,0,MATH/Llama,MATH/Gemma,60603,85,4,False,False,False,False,False,baseline,,mathstral,never,NOT_ROUTED
60603,2,mathstral,never,4,0,0,MATH/Llama,MATH/Gemma,60603,85,5,True,True,True,False,False,baseline,,mathstral,never,NOT_ROUTED
60603,2,mathstral,never,4,0,0,MATH/Llama,MATH/Gemma,60603,85,6,True,True,True,False,False,baseline,,mathstral,never,NOT_ROUTED
60603,2,mathstral,never,4,0,0,MATH/Llama,MATH/Gemma,60603,85,7,True,True,True,False,False,baseline,,mathstral,never,NOT_ROUTED
60603,2,mathstral,never,4,0,0,MATH/Llama,MATH/Gemma,60603,86,0,True,True,True,False,False,baseline,,mathstral,never,NOT_ROUTED
60603,2,mathstral,never,4,0,0,MATH/Llama,MATH/Gemma,60603,86,1,True,True,True,False,False,baseline,,mathstral,never,NOT_ROUTED
60603,2,mathstral,never,4,0,0,MATH/Llama,MATH/Gemma,60603,86,2,True,True,True,False,False,baseline,,mathstral,never,NOT_ROUTED
60603,2,mathstral,never,4,0,0,MATH/Llama,MATH/Gemma,60603,86,3,True,True,True,False,False,baseline,,mathstral,never,NOT_ROUTED
60603,2,mathstral,never,4,0,0,MATH/Llama,MATH/Gemma,60603,86,4,True,True,True,False,False,baseline,,mathstral,never,NOT_ROUTED
60603,2,mathstral,never,4,0,0,MATH/Llama,MATH/Gemma,60603,86,5,True,True,True,False,False,baseline,,mathstral,never,NOT_ROUTED
60603,2,mathstral,never,4,0,0,MATH/Llama,MATH/Gemma,60603,86,6,True,True,True,False,False,baseline,,mathstral,never,NOT_ROUTED
60603,2,mathstral,never,4,0,0,MATH/Llama,MATH/Gemma,60603,86,7,True,True,True,False,False,baseline,,mathstral,never,NOT_ROUTED
60603,2,mathstral,never,4,0,0,MATH/Llama,MATH/Gemma,60603,87,0,False,False,False,False,False,baseline,,mathstral,never,NOT_ROUTED
60603,2,mathstral,never,4,0,0,MATH/Llama,MATH/Gemma,60603,87,1,False,False,False,False,False,baseline,,mathstral,never,NOT_ROUTED
60603,2,mathstral,never,4,0,0,MATH/Llama,MATH/Gemma,60603,87,2,False,False,False,False,False,baseline,,mathstral,never,NOT_ROUTED
60603,2,mathstral,never,4,0,0,MATH/Llama,MATH/Gemma,60603,87,3,False,False,False,False,False,baseline,,mathstral,never,NOT_ROUTED
60603,2,mathstral,never,4,0,0,MATH/Llama,MATH/Gemma,60603,87,4,False,False,False,False,False,baseline,,mathstral,never,NOT_ROUTED
60603,2,mathstral,never,4,0,0,MATH/Llama,MATH/Gemma,60603,87,5,False,False,False,False,False,baseline,,mathstral,never,NOT_ROUTED
60603,2,mathstral,never,4,0,0,MATH/Llama,MATH/Gemma,60603,87,6,False,False,False,False,False,baseline,,mathstral,never,NOT_ROUTED
60603,2,mathstral,never,4,0,0,MATH/Llama,MATH/Gemma,60603,87,7,False,False,False,False,False,baseline,,mathstral,never,NOT_ROUTED
60603,2,mathstral,never,4,0,0,MATH/Llama,MATH/Gemma,60603,88,0,False,False,False,False,False,baseline,,mathstral,never,NOT_ROUTED
60603,2,mathstral,never,4,0,0,MATH/Llama,MATH/Gemma,60603,88,1,False,False,False,False,False,baseline,,mathstral,never,NOT_ROUTED
60603,2,mathstral,never,4,0,0,MATH/Llama,MATH/Gemma,60603,88,2,False,False,False,False,False,baseline,,mathstral,never,NOT_ROUTED
60603,2,mathstral,never,4,0,0,MATH/Llama,MATH/Gemma,60603,88,3,False,False,False,False,False,baseline,,mathstral,never,NOT_ROUTED
60603,2,mathstral,never,4,0,0,MATH/Llama,MATH/Gemma,60603,88,4,False,False,False,False,False,baseline,,mathstral,never,NOT_ROUTED
60603,2,mathstral,never,4,0,0,MATH/Llama,MATH/Gemma,60603,88,5,False,False,False,False,False,baseline,,mathstral,never,NOT_ROUTED
60603,2,mathstral,never,4,0,0,MATH/Llama,MATH/Gemma,60603,88,6,False,False,False,False,False,baseline,,mathstral,never,NOT_ROUTED
60603,2,mathstral,never,4,0,0,MATH/Llama,MATH/Gemma,60603,88,7,False,False,False,False,False,baseline,,mathstral,never,NOT_ROUTED
60603,2,mathstral,never,4,0,0,MATH/Llama,MATH/Gemma,60603,90,0,True,True,True,False,False,baseline,,mathstral,never,NOT_ROUTED
60603,2,mathstral,never,4,0,0,MATH/Llama,MATH/Gemma,60603,90,1,True,True,True,False,False,baseline,,mathstral,never,NOT_ROUTED
60603,2,mathstral,never,4,0,0,MATH/Llama,MATH/Gemma,60603,90,2,True,True,True,False,False,baseline,,mathstral,never,NOT_ROUTED
60603,2,mathstral,never,4,0,0,MATH/Llama,MATH/Gemma,60603,90,3,True,True,True,False,False,baseline,,mathstral,never,NOT_ROUTED
60603,2,mathstral,never,4,0,0,MATH/Llama,MATH/Gemma,60603,90,4,True,True,True,False,False,baseline,,mathstral,never,NOT_ROUTED
60603,2,mathstral,never,4,0,0,MATH/Llama,MATH/Gemma,60603,90,5,True,True,True,False,False,baseline,,mathstral,never,NOT_ROUTED
60603,2,mathstral,never,4,0,0,MATH/Llama,MATH/Gemma,60603,90,6,True,True,True,False,False,baseline,,mathstral,never,NOT_ROUTED
60603,2,mathstral,never,4,0,0,MATH/Llama,MATH/Gemma,60603,90,7,True,True,True,False,False,baseline,,mathstral,never,NOT_ROUTED
60603,2,mathstral,never,4,0,0,MATH/Llama,MATH/Gemma,60603,91,0,True,True,True,False,False,baseline,,mathstral,never,NOT_ROUTED
60603,2,mathstral,never,4,0,0,MATH/Llama,MATH/Gemma,60603,91,1,True,True,True,False,False,baseline,,mathstral,never,NOT_ROUTED
60603,2,mathstral,never,4,0,0,MATH/Llama,MATH/Gemma,60603,91,2,True,True,True,False,False,baseline,,mathstral,never,NOT_ROUTED
60603,2,mathstral,never,4,0,0,MATH/Llama,MATH/Gemma,60603,91,3,True,True,True,False,False,baseline,,mathstral,never,NOT_ROUTED
60603,2,mathstral,never,4,0,0,MATH/Llama,MATH/Gemma,60603,91,4,True,True,True,False,False,baseline,,mathstral,never,NOT_ROUTED
60603,2,mathstral,never,4,0,0,MATH/Llama,MATH/Gemma,60603,91,5,True,True,True,False,False,baseline,,mathstral,never,NOT_ROUTED
60603,2,mathstral,never,4,0,0,MATH/Llama,MATH/Gemma,60603,91,6,True,True,True,False,False,baseline,,mathstral,never,NOT_ROUTED
60603,2,mathstral,never,4,0,0,MATH/Llama,MATH/Gemma,60603,91,7,True,True,True,False,False,baseline,,mathstral,never,NOT_ROUTED
60603,2,mathstral,never,4,0,0,MATH/Llama,MATH/Gemma,60603,94,0,False,False,False,False,False,baseline,,mathstral,never,NOT_ROUTED
60603,2,mathstral,never,4,0,0,MATH/Llama,MATH/Gemma,60603,94,1,True,True,True,False,False,baseline,,mathstral,never,NOT_ROUTED
60603,2,mathstral,never,4,0,0,MATH/Llama,MATH/Gemma,60603,94,2,False,False,False,False,False,baseline,,mathstral,never,NOT_ROUTED
60603,2,mathstral,never,4,0,0,MATH/Llama,MATH/Gemma,60603,94,3,True,False,True,True,False,target_intersection_top20,pairwise_router_v123_llama_with_gemma_budget0_all_0012_regression_s60603_p94_t3,mathstral,never,NEITHER
60603,2,mathstral,never,4,0,0,MATH/Llama,MATH/Gemma,60603,94,4,True,True,True,False,False,baseline,,mathstral,never,NOT_ROUTED
60603,2,mathstral,never,4,0,0,MATH/Llama,MATH/Gemma,60603,94,5,True,True,True,False,False,baseline,,mathstral,never,NOT_ROUTED
60603,2,mathstral,never,4,0,0,MATH/Llama,MATH/Gemma,60603,94,6,True,True,True,False,False,baseline,,mathstral,never,NOT_ROUTED
60603,2,mathstral,never,4,0,0,MATH/Llama,MATH/Gemma,60603,94,7,True,True,True,False,False,baseline,,mathstral,never,NOT_ROUTED
60603,2,mathstral,never,4,0,0,MATH/Llama,MATH/Gemma,60603,95,0,False,False,False,True,False,union_rank_top3,pairwise_router_v123_llama_with_gemma_budget0_all_0008_neither_correct_s60603_p95_t0,mathstral,never,B
60603,2,mathstral,never,4,0,0,MATH/Llama,MATH/Gemma,60603,95,1,False,False,False,False,False,baseline,,mathstral,never,NOT_ROUTED
60603,2,mathstral,never,4,0,0,MATH/Llama,MATH/Gemma,60603,95,2,False,False,False,False,False,baseline,,mathstral,never,NOT_ROUTED
60603,2,mathstral,never,4,0,0,MATH/Llama,MATH/Gemma,60603,95,3,False,False,False,False,False,baseline,,mathstral,never,NOT_ROUTED
60603,2,mathstral,never,4,0,0,MATH/Llama,MATH/Gemma,60603,95,4,False,False,False,False,False,baseline,,mathstral,never,NOT_ROUTED
60603,2,mathstral,never,4,0,0,MATH/Llama,MATH/Gemma,60603,95,5,False,False,False,False,False,baseline,,mathstral,never,NOT_ROUTED
60603,2,mathstral,never,4,0,0,MATH/Llama,MATH/Gemma,60603,95,6,False,False,False,False,False,baseline,,mathstral,never,NOT_ROUTED
60603,2,mathstral,never,4,0,0,MATH/Llama,MATH/Gemma,60603,95,7,False,False,False,False,False,baseline,,mathstral,never,NOT_ROUTED
60603,2,mathstral,never,4,0,0,MATH/Llama,MATH/Gemma,60603,96,0,True,True,True,False,False,baseline,,mathstral,never,NOT_ROUTED
60603,2,mathstral,never,4,0,0,MATH/Llama,MATH/Gemma,60603,96,1,True,True,True,False,False,baseline,,mathstral,never,NOT_ROUTED
60603,2,mathstral,never,4,0,0,MATH/Llama,MATH/Gemma,60603,96,2,True,True,True,False,False,baseline,,mathstral,never,NOT_ROUTED
60603,2,mathstral,never,4,0,0,MATH/Llama,MATH/Gemma,60603,96,3,True,True,True,False,False,baseline,,mathstral,never,NOT_ROUTED
60603,2,mathstral,never,4,0,0,MATH/Llama,MATH/Gemma,60603,96,4,True,True,True,False,False,baseline,,mathstral,never,NOT_ROUTED
60603,2,mathstral,never,4,0,0,MATH/Llama,MATH/Gemma,60603,96,5,True,True,True,False,False,baseline,,mathstral,never,NOT_ROUTED
60603,2,mathstral,never,4,0,0,MATH/Llama,MATH/Gemma,60603,96,6,True,True,True,False,False,baseline,,mathstral,never,NOT_ROUTED
60603,2,mathstral,never,4,0,0,MATH/Llama,MATH/Gemma,60603,96,7,True,True,True,False,False,baseline,,mathstral,never,NOT_ROUTED
60603,2,mathstral,never,4,0,0,MATH/Llama,MATH/Gemma,60603,99,0,True,True,True,False,False,baseline,,mathstral,never,NOT_ROUTED
60603,2,mathstral,never,4,0,0,MATH/Llama,MATH/Gemma,60603,99,1,True,True,True,False,False,baseline,,mathstral,never,NOT_ROUTED
60603,2,mathstral,never,4,0,0,MATH/Llama,MATH/Gemma,60603,99,2,True,True,True,False,False,baseline,,mathstral,never,NOT_ROUTED
60603,2,mathstral,never,4,0,0,MATH/Llama,MATH/Gemma,60603,99,3,True,True,True,False,False,baseline,,mathstral,never,NOT_ROUTED
60603,2,mathstral,never,4,0,0,MATH/Llama,MATH/Gemma,60603,99,4,True,True,True,False,False,baseline,,mathstral,never,NOT_ROUTED
60603,2,mathstral,never,4,0,0,MATH/Llama,MATH/Gemma,60603,99,5,True,True,True,False,False,baseline,,mathstral,never,NOT_ROUTED
60603,2,mathstral,never,4,0,0,MATH/Llama,MATH/Gemma,60603,99,6,True,True,True,False,False,baseline,,mathstral,never,NOT_ROUTED
60603,2,mathstral,never,4,0,0,MATH/Llama,MATH/Gemma,60603,99,7,True,True,True,False,False,baseline,,mathstral,never,NOT_ROUTED
60603,2,mathstral,never,4,0,0,MATH/Llama,MATH/Gemma,60603,101,0,True,True,True,False,False,baseline,,mathstral,never,NOT_ROUTED
60603,2,mathstral,never,4,0,0,MATH/Llama,MATH/Gemma,60603,101,1,True,True,True,False,False,baseline,,mathstral,never,NOT_ROUTED
60603,2,mathstral,never,4,0,0,MATH/Llama,MATH/Gemma,60603,101,2,True,True,True,False,False,baseline,,mathstral,never,NOT_ROUTED
60603,2,mathstral,never,4,0,0,MATH/Llama,MATH/Gemma,60603,101,3,True,True,True,False,False,baseline,,mathstral,never,NOT_ROUTED
60603,2,mathstral,never,4,0,0,MATH/Llama,MATH/Gemma,60603,101,4,True,True,True,False,False,baseline,,mathstral,never,NOT_ROUTED
60603,2,mathstral,never,4,0,0,MATH/Llama,MATH/Gemma,60603,101,5,True,True,True,False,False,baseline,,mathstral,never,NOT_ROUTED
60603,2,mathstral,never,4,0,0,MATH/Llama,MATH/Gemma,60603,101,6,True,True,True,False,False,baseline,,mathstral,never,NOT_ROUTED
60603,2,mathstral,never,4,0,0,MATH/Llama,MATH/Gemma,60603,101,7,True,True,True,False,False,baseline,,mathstral,never,NOT_ROUTED
60603,2,mathstral,never,4,0,0,MATH/Llama,MATH/Gemma,60603,102,0,True,False,True,True,False,target_intersection_top10,pairwise_router_v123_llama_with_gemma_budget0_all_0013_regression_s60603_p102_t0,mathstral,never,A
60603,2,mathstral,never,4,0,0,MATH/Llama,MATH/Gemma,60603,102,1,True,True,True,False,False,baseline,,mathstral,never,NOT_ROUTED
60603,2,mathstral,never,4,0,0,MATH/Llama,MATH/Gemma,60603,102,2,True,True,True,False,False,baseline,,mathstral,never,NOT_ROUTED
60603,2,mathstral,never,4,0,0,MATH/Llama,MATH/Gemma,60603,102,3,True,True,True,False,False,baseline,,mathstral,never,NOT_ROUTED
60603,2,mathstral,never,4,0,0,MATH/Llama,MATH/Gemma,60603,102,4,True,True,True,False,False,baseline,,mathstral,never,NOT_ROUTED
60603,2,mathstral,never,4,0,0,MATH/Llama,MATH/Gemma,60603,102,5,True,True,True,False,False,baseline,,mathstral,never,NOT_ROUTED
60603,2,mathstral,never,4,0,0,MATH/Llama,MATH/Gemma,60603,102,6,True,True,True,False,False,baseline,,mathstral,never,NOT_ROUTED
60603,2,mathstral,never,4,0,0,MATH/Llama,MATH/Gemma,60603,102,7,True,True,True,False,False,baseline,,mathstral,never,NOT_ROUTED
60603,2,mathstral,never,4,0,0,MATH/Llama,MATH/Gemma,60603,103,0,True,True,True,False,False,baseline,,mathstral,never,NOT_ROUTED
60603,2,mathstral,never,4,0,0,MATH/Llama,MATH/Gemma,60603,103,1,True,True,True,False,False,baseline,,mathstral,never,NOT_ROUTED
60603,2,mathstral,never,4,0,0,MATH/Llama,MATH/Gemma,60603,103,2,True,True,True,False,False,baseline,,mathstral,never,NOT_ROUTED
60603,2,mathstral,never,4,0,0,MATH/Llama,MATH/Gemma,60603,103,3,True,True,True,False,False,baseline,,mathstral,never,NOT_ROUTED
60603,2,mathstral,never,4,0,0,MATH/Llama,MATH/Gemma,60603,103,4,True,True,True,False,False,baseline,,mathstral,never,NOT_ROUTED
60603,2,mathstral,never,4,0,0,MATH/Llama,MATH/Gemma,60603,103,5,True,True,True,False,False,baseline,,mathstral,never,NOT_ROUTED
60603,2,mathstral,never,4,0,0,MATH/Llama,MATH/Gemma,60603,103,6,True,True,True,False,False,baseline,,mathstral,never,NOT_ROUTED
60603,2,mathstral,never,4,0,0,MATH/Llama,MATH/Gemma,60603,103,7,True,True,True,False,False,baseline,,mathstral,never,NOT_ROUTED
60603,2,mathstral,never,4,0,0,MATH/Llama,MATH/Gemma,60603,104,0,True,True,True,False,False,baseline,,mathstral,never,NOT_ROUTED
60603,2,mathstral,never,4,0,0,MATH/Llama,MATH/Gemma,60603,104,1,True,True,True,False,False,baseline,,mathstral,never,NOT_ROUTED
60603,2,mathstral,never,4,0,0,MATH/Llama,MATH/Gemma,60603,104,2,True,True,True,False,False,baseline,,mathstral,never,NOT_ROUTED
60603,2,mathstral,never,4,0,0,MATH/Llama,MATH/Gemma,60603,104,3,True,True,True,False,False,baseline,,mathstral,never,NOT_ROUTED
60603,2,mathstral,never,4,0,0,MATH/Llama,MATH/Gemma,60603,104,4,True,True,True,False,False,baseline,,mathstral,never,NOT_ROUTED
60603,2,mathstral,never,4,0,0,MATH/Llama,MATH/Gemma,60603,104,5,True,True,True,False,False,baseline,,mathstral,never,NOT_ROUTED
60603,2,mathstral,never,4,0,0,MATH/Llama,MATH/Gemma,60603,104,6,True,True,True,False,False,baseline,,mathstral,never,NOT_ROUTED
60603,2,mathstral,never,4,0,0,MATH/Llama,MATH/Gemma,60603,104,7,True,True,True,False,False,baseline,,mathstral,never,NOT_ROUTED
60603,2,mathstral,never,4,0,0,MATH/Llama,MATH/Gemma,60603,107,0,True,True,True,False,False,baseline,,mathstral,never,NOT_ROUTED
60603,2,mathstral,never,4,0,0,MATH/Llama,MATH/Gemma,60603,107,1,True,True,True,False,False,baseline,,mathstral,never,NOT_ROUTED
60603,2,mathstral,never,4,0,0,MATH/Llama,MATH/Gemma,60603,107,2,True,True,True,False,False,baseline,,mathstral,never,NOT_ROUTED
60603,2,mathstral,never,4,0,0,MATH/Llama,MATH/Gemma,60603,107,3,True,True,True,False,False,baseline,,mathstral,never,NOT_ROUTED
60603,2,mathstral,never,4,0,0,MATH/Llama,MATH/Gemma,60603,107,4,True,True,True,False,False,baseline,,mathstral,never,NOT_ROUTED
60603,2,mathstral,never,4,0,0,MATH/Llama,MATH/Gemma,60603,107,5,True,True,True,False,False,baseline,,mathstral,never,NOT_ROUTED
60603,2,mathstral,never,4,0,0,MATH/Llama,MATH/Gemma,60603,107,6,True,True,True,False,False,baseline,,mathstral,never,NOT_ROUTED
60603,2,mathstral,never,4,0,0,MATH/Llama,MATH/Gemma,60603,107,7,True,True,True,False,False,baseline,,mathstral,never,NOT_ROUTED
60603,2,mathstral,never,4,0,0,MATH/Llama,MATH/Gemma,60603,109,0,True,True,True,False,False,baseline,,mathstral,never,NOT_ROUTED
60603,2,mathstral,never,4,0,0,MATH/Llama,MATH/Gemma,60603,109,1,True,True,True,False,False,baseline,,mathstral,never,NOT_ROUTED
60603,2,mathstral,never,4,0,0,MATH/Llama,MATH/Gemma,60603,109,2,True,True,True,False,False,baseline,,mathstral,never,NOT_ROUTED
60603,2,mathstral,never,4,0,0,MATH/Llama,MATH/Gemma,60603,109,3,True,True,True,False,False,baseline,,mathstral,never,NOT_ROUTED
60603,2,mathstral,never,4,0,0,MATH/Llama,MATH/Gemma,60603,109,4,True,True,True,False,False,baseline,,mathstral,never,NOT_ROUTED
60603,2,mathstral,never,4,0,0,MATH/Llama,MATH/Gemma,60603,109,5,True,True,True,False,False,baseline,,mathstral,never,NOT_ROUTED
60603,2,mathstral,never,4,0,0,MATH/Llama,MATH/Gemma,60603,109,6,True,True,True,False,False,baseline,,mathstral,never,NOT_ROUTED
60603,2,mathstral,never,4,0,0,MATH/Llama,MATH/Gemma,60603,109,7,True,True,True,False,False,baseline,,mathstral,never,NOT_ROUTED
60603,2,mathstral,never,4,0,0,MATH/Llama,MATH/Gemma,60603,110,0,False,False,False,False,False,baseline,,mathstral,never,NOT_ROUTED
60603,2,mathstral,never,4,0,0,MATH/Llama,MATH/Gemma,60603,110,1,False,False,False,False,False,baseline,,mathstral,never,NOT_ROUTED
60603,2,mathstral,never,4,0,0,MATH/Llama,MATH/Gemma,60603,110,2,False,False,False,False,False,baseline,,mathstral,never,NOT_ROUTED
60603,2,mathstral,never,4,0,0,MATH/Llama,MATH/Gemma,60603,110,3,False,False,False,False,False,baseline,,mathstral,never,NOT_ROUTED
60603,2,mathstral,never,4,0,0,MATH/Llama,MATH/Gemma,60603,110,4,False,False,False,False,False,baseline,,mathstral,never,NOT_ROUTED
60603,2,mathstral,never,4,0,0,MATH/Llama,MATH/Gemma,60603,110,5,False,False,False,False,False,baseline,,mathstral,never,NOT_ROUTED
60603,2,mathstral,never,4,0,0,MATH/Llama,MATH/Gemma,60603,110,6,False,False,False,False,False,baseline,,mathstral,never,NOT_ROUTED
60603,2,mathstral,never,4,0,0,MATH/Llama,MATH/Gemma,60603,110,7,False,False,False,False,False,baseline,,mathstral,never,NOT_ROUTED
60603,2,mathstral,never,4,0,0,MATH/Llama,MATH/Gemma,60603,111,0,True,True,True,False,False,baseline,,mathstral,never,NOT_ROUTED
60603,2,mathstral,never,4,0,0,MATH/Llama,MATH/Gemma,60603,111,1,True,False,True,True,False,target_intersection_top20,pairwise_router_v123_llama_with_gemma_budget0_all_0014_regression_s60603_p111_t1,mathstral,never,A
60603,2,mathstral,never,4,0,0,MATH/Llama,MATH/Gemma,60603,111,2,True,True,True,False,False,baseline,,mathstral,never,NOT_ROUTED
60603,2,mathstral,never,4,0,0,MATH/Llama,MATH/Gemma,60603,111,3,True,True,True,False,False,baseline,,mathstral,never,NOT_ROUTED
60603,2,mathstral,never,4,0,0,MATH/Llama,MATH/Gemma,60603,111,4,True,True,True,False,False,baseline,,mathstral,never,NOT_ROUTED
60603,2,mathstral,never,4,0,0,MATH/Llama,MATH/Gemma,60603,111,5,True,False,True,True,False,target_intersection_top20,pairwise_router_v123_llama_with_gemma_budget0_all_0015_regression_s60603_p111_t5,mathstral,never,A
60603,2,mathstral,never,4,0,0,MATH/Llama,MATH/Gemma,60603,111,6,True,True,True,False,False,baseline,,mathstral,never,NOT_ROUTED
60603,2,mathstral,never,4,0,0,MATH/Llama,MATH/Gemma,60603,111,7,True,True,True,False,False,baseline,,mathstral,never,NOT_ROUTED
60603,2,mathstral,never,4,0,0,MATH/Llama,MATH/Gemma,60603,112,0,False,False,False,False,False,baseline,,mathstral,never,NOT_ROUTED
60603,2,mathstral,never,4,0,0,MATH/Llama,MATH/Gemma,60603,112,1,False,False,False,False,False,baseline,,mathstral,never,NOT_ROUTED
60603,2,mathstral,never,4,0,0,MATH/Llama,MATH/Gemma,60603,112,2,False,False,False,False,False,baseline,,mathstral,never,NOT_ROUTED
60603,2,mathstral,never,4,0,0,MATH/Llama,MATH/Gemma,60603,112,3,False,False,False,False,False,baseline,,mathstral,never,NOT_ROUTED
60603,2,mathstral,never,4,0,0,MATH/Llama,MATH/Gemma,60603,112,4,False,False,False,False,False,baseline,,mathstral,never,NOT_ROUTED
60603,2,mathstral,never,4,0,0,MATH/Llama,MATH/Gemma,60603,112,5,False,False,False,False,False,baseline,,mathstral,never,NOT_ROUTED
60603,2,mathstral,never,4,0,0,MATH/Llama,MATH/Gemma,60603,112,6,False,False,False,False,False,baseline,,mathstral,never,NOT_ROUTED
60603,2,mathstral,never,4,0,0,MATH/Llama,MATH/Gemma,60603,112,7,False,False,False,False,False,baseline,,mathstral,never,NOT_ROUTED
60603,2,mathstral,never,4,0,0,MATH/Llama,MATH/Gemma,60603,113,0,True,True,True,False,False,baseline,,mathstral,never,NOT_ROUTED
60603,2,mathstral,never,4,0,0,MATH/Llama,MATH/Gemma,60603,113,1,False,False,False,False,False,baseline,,mathstral,never,NOT_ROUTED
60603,2,mathstral,never,4,0,0,MATH/Llama,MATH/Gemma,60603,113,2,False,False,False,False,False,baseline,,mathstral,never,NOT_ROUTED
60603,2,mathstral,never,4,0,0,MATH/Llama,MATH/Gemma,60603,113,3,False,False,False,False,False,baseline,,mathstral,never,NOT_ROUTED
60603,2,mathstral,never,4,0,0,MATH/Llama,MATH/Gemma,60603,113,4,False,False,False,False,False,baseline,,mathstral,never,NOT_ROUTED
60603,2,mathstral,never,4,0,0,MATH/Llama,MATH/Gemma,60603,113,5,False,False,False,False,False,baseline,,mathstral,never,NOT_ROUTED
60603,2,mathstral,never,4,0,0,MATH/Llama,MATH/Gemma,60603,113,6,True,True,True,False,False,baseline,,mathstral,never,NOT_ROUTED
60603,2,mathstral,never,4,0,0,MATH/Llama,MATH/Gemma,60603,113,7,False,False,False,False,False,baseline,,mathstral,never,NOT_ROUTED
60603,2,mathstral,never,4,0,0,MATH/Llama,MATH/Gemma,60603,115,0,False,False,False,False,False,baseline,,mathstral,never,NOT_ROUTED
60603,2,mathstral,never,4,0,0,MATH/Llama,MATH/Gemma,60603,115,1,False,False,False,False,False,baseline,,mathstral,never,NOT_ROUTED
60603,2,mathstral,never,4,0,0,MATH/Llama,MATH/Gemma,60603,115,2,False,False,False,False,False,baseline,,mathstral,never,NOT_ROUTED
60603,2,mathstral,never,4,0,0,MATH/Llama,MATH/Gemma,60603,115,3,False,False,False,False,False,baseline,,mathstral,never,NOT_ROUTED
60603,2,mathstral,never,4,0,0,MATH/Llama,MATH/Gemma,60603,115,4,True,True,True,False,False,baseline,,mathstral,never,NOT_ROUTED
60603,2,mathstral,never,4,0,0,MATH/Llama,MATH/Gemma,60603,115,5,False,False,False,False,False,baseline,,mathstral,never,NOT_ROUTED
60603,2,mathstral,never,4,0,0,MATH/Llama,MATH/Gemma,60603,115,6,False,False,False,False,False,baseline,,mathstral,never,NOT_ROUTED
60603,2,mathstral,never,4,0,0,MATH/Llama,MATH/Gemma,60603,115,7,False,False,False,True,False,target_intersection_top20,pairwise_router_v123_llama_with_gemma_budget0_all_0009_neither_correct_s60603_p115_t7,mathstral,never,A
60603,2,mathstral,never,4,0,0,MATH/Llama,MATH/Gemma,60603,118,0,True,True,True,False,False,baseline,,mathstral,never,NOT_ROUTED
60603,2,mathstral,never,4,0,0,MATH/Llama,MATH/Gemma,60603,118,1,False,False,False,False,False,baseline,,mathstral,never,NOT_ROUTED
60603,2,mathstral,never,4,0,0,MATH/Llama,MATH/Gemma,60603,118,2,False,False,False,False,False,baseline,,mathstral,never,NOT_ROUTED
60603,2,mathstral,never,4,0,0,MATH/Llama,MATH/Gemma,60603,118,3,True,True,True,False,False,baseline,,mathstral,never,NOT_ROUTED
60603,2,mathstral,never,4,0,0,MATH/Llama,MATH/Gemma,60603,118,4,False,False,False,False,False,baseline,,mathstral,never,NOT_ROUTED
60603,2,mathstral,never,4,0,0,MATH/Llama,MATH/Gemma,60603,118,5,False,False,False,False,False,baseline,,mathstral,never,NOT_ROUTED
60603,2,mathstral,never,4,0,0,MATH/Llama,MATH/Gemma,60603,118,6,False,False,False,False,False,baseline,,mathstral,never,NOT_ROUTED
60603,2,mathstral,never,4,0,0,MATH/Llama,MATH/Gemma,60603,118,7,False,False,False,False,False,baseline,,mathstral,never,NOT_ROUTED
60603,2,mathstral,never,4,0,0,MATH/Llama,MATH/Gemma,60603,119,0,False,False,False,False,False,baseline,,mathstral,never,NOT_ROUTED
60603,2,mathstral,never,4,0,0,MATH/Llama,MATH/Gemma,60603,119,1,False,False,False,False,False,baseline,,mathstral,never,NOT_ROUTED
60603,2,mathstral,never,4,0,0,MATH/Llama,MATH/Gemma,60603,119,2,False,False,False,False,False,baseline,,mathstral,never,NOT_ROUTED
60603,2,mathstral,never,4,0,0,MATH/Llama,MATH/Gemma,60603,119,3,False,False,False,False,False,baseline,,mathstral,never,NOT_ROUTED
60603,2,mathstral,never,4,0,0,MATH/Llama,MATH/Gemma,60603,119,4,False,False,False,False,False,baseline,,mathstral,never,NOT_ROUTED
60603,2,mathstral,never,4,0,0,MATH/Llama,MATH/Gemma,60603,119,5,False,False,False,False,False,baseline,,mathstral,never,NOT_ROUTED
60603,2,mathstral,never,4,0,0,MATH/Llama,MATH/Gemma,60603,119,6,False,False,False,False,False,baseline,,mathstral,never,NOT_ROUTED
60603,2,mathstral,never,4,0,0,MATH/Llama,MATH/Gemma,60603,119,7,False,False,False,False,False,baseline,,mathstral,never,NOT_ROUTED
60603,2,mathstral,never,4,0,0,MATH/Llama,MATH/Gemma,60603,120,0,False,False,False,False,False,baseline,,mathstral,never,NOT_ROUTED
60603,2,mathstral,never,4,0,0,MATH/Llama,MATH/Gemma,60603,120,1,False,False,False,False,False,baseline,,mathstral,never,NOT_ROUTED
60603,2,mathstral,never,4,0,0,MATH/Llama,MATH/Gemma,60603,120,2,False,False,False,False,False,baseline,,mathstral,never,NOT_ROUTED
60603,2,mathstral,never,4,0,0,MATH/Llama,MATH/Gemma,60603,120,3,False,False,False,False,False,baseline,,mathstral,never,NOT_ROUTED
60603,2,mathstral,never,4,0,0,MATH/Llama,MATH/Gemma,60603,120,4,False,False,False,False,False,baseline,,mathstral,never,NOT_ROUTED
60603,2,mathstral,never,4,0,0,MATH/Llama,MATH/Gemma,60603,120,5,False,False,False,False,False,baseline,,mathstral,never,NOT_ROUTED
60603,2,mathstral,never,4,0,0,MATH/Llama,MATH/Gemma,60603,120,6,False,False,False,False,False,baseline,,mathstral,never,NOT_ROUTED
60603,2,mathstral,never,4,0,0,MATH/Llama,MATH/Gemma,60603,120,7,False,False,False,False,False,baseline,,mathstral,never,NOT_ROUTED
60603,2,mathstral,never,4,0,0,MATH/Llama,MATH/Gemma,60603,121,0,False,False,False,False,False,baseline,,mathstral,never,NOT_ROUTED
60603,2,mathstral,never,4,0,0,MATH/Llama,MATH/Gemma,60603,121,1,False,False,False,False,False,baseline,,mathstral,never,NOT_ROUTED
60603,2,mathstral,never,4,0,0,MATH/Llama,MATH/Gemma,60603,121,2,False,False,False,False,False,baseline,,mathstral,never,NOT_ROUTED
60603,2,mathstral,never,4,0,0,MATH/Llama,MATH/Gemma,60603,121,3,False,False,False,False,False,baseline,,mathstral,never,NOT_ROUTED
60603,2,mathstral,never,4,0,0,MATH/Llama,MATH/Gemma,60603,121,4,False,False,False,False,False,baseline,,mathstral,never,NOT_ROUTED
60603,2,mathstral,never,4,0,0,MATH/Llama,MATH/Gemma,60603,121,5,False,False,False,False,False,baseline,,mathstral,never,NOT_ROUTED
60603,2,mathstral,never,4,0,0,MATH/Llama,MATH/Gemma,60603,121,6,False,False,False,False,False,baseline,,mathstral,never,NOT_ROUTED
60603,2,mathstral,never,4,0,0,MATH/Llama,MATH/Gemma,60603,121,7,False,False,False,False,False,baseline,,mathstral,never,NOT_ROUTED
60603,2,mathstral,never,4,0,0,MATH/Llama,MATH/Gemma,60603,122,0,False,False,False,False,False,baseline,,mathstral,never,NOT_ROUTED
60603,2,mathstral,never,4,0,0,MATH/Llama,MATH/Gemma,60603,122,1,False,False,False,False,False,baseline,,mathstral,never,NOT_ROUTED
60603,2,mathstral,never,4,0,0,MATH/Llama,MATH/Gemma,60603,122,2,False,False,False,False,False,baseline,,mathstral,never,NOT_ROUTED
60603,2,mathstral,never,4,0,0,MATH/Llama,MATH/Gemma,60603,122,3,False,False,False,False,False,baseline,,mathstral,never,NOT_ROUTED
60603,2,mathstral,never,4,0,0,MATH/Llama,MATH/Gemma,60603,122,4,False,False,False,False,False,baseline,,mathstral,never,NOT_ROUTED
60603,2,mathstral,never,4,0,0,MATH/Llama,MATH/Gemma,60603,122,5,False,False,False,False,False,baseline,,mathstral,never,NOT_ROUTED
60603,2,mathstral,never,4,0,0,MATH/Llama,MATH/Gemma,60603,122,6,False,False,False,False,False,baseline,,mathstral,never,NOT_ROUTED
60603,2,mathstral,never,4,0,0,MATH/Llama,MATH/Gemma,60603,122,7,False,False,False,False,False,baseline,,mathstral,never,NOT_ROUTED
60603,2,mathstral,never,4,0,0,MATH/Llama,MATH/Gemma,60603,124,0,False,False,False,False,False,baseline,,mathstral,never,NOT_ROUTED
60603,2,mathstral,never,4,0,0,MATH/Llama,MATH/Gemma,60603,124,1,False,False,False,False,False,baseline,,mathstral,never,NOT_ROUTED
60603,2,mathstral,never,4,0,0,MATH/Llama,MATH/Gemma,60603,124,2,False,False,False,False,False,baseline,,mathstral,never,NOT_ROUTED
60603,2,mathstral,never,4,0,0,MATH/Llama,MATH/Gemma,60603,124,3,False,False,False,False,False,baseline,,mathstral,never,NOT_ROUTED
60603,2,mathstral,never,4,0,0,MATH/Llama,MATH/Gemma,60603,124,4,False,False,False,False,False,baseline,,mathstral,never,NOT_ROUTED
60603,2,mathstral,never,4,0,0,MATH/Llama,MATH/Gemma,60603,124,5,False,False,False,False,False,baseline,,mathstral,never,NOT_ROUTED
60603,2,mathstral,never,4,0,0,MATH/Llama,MATH/Gemma,60603,124,6,False,False,False,False,False,baseline,,mathstral,never,NOT_ROUTED
60603,2,mathstral,never,4,0,0,MATH/Llama,MATH/Gemma,60603,124,7,False,False,False,False,False,baseline,,mathstral,never,NOT_ROUTED
60603,2,mathstral,never,4,0,0,MATH/Llama,MATH/Gemma,60603,126,0,False,False,False,False,False,baseline,,mathstral,never,NOT_ROUTED
60603,2,mathstral,never,4,0,0,MATH/Llama,MATH/Gemma,60603,126,1,False,False,False,False,False,baseline,,mathstral,never,NOT_ROUTED
60603,2,mathstral,never,4,0,0,MATH/Llama,MATH/Gemma,60603,126,2,False,False,False,False,False,baseline,,mathstral,never,NOT_ROUTED
60603,2,mathstral,never,4,0,0,MATH/Llama,MATH/Gemma,60603,126,3,False,False,False,False,False,baseline,,mathstral,never,NOT_ROUTED
60603,2,mathstral,never,4,0,0,MATH/Llama,MATH/Gemma,60603,126,4,False,False,False,False,False,baseline,,mathstral,never,NOT_ROUTED
60603,2,mathstral,never,4,0,0,MATH/Llama,MATH/Gemma,60603,126,5,False,False,False,False,False,baseline,,mathstral,never,NOT_ROUTED
60603,2,mathstral,never,4,0,0,MATH/Llama,MATH/Gemma,60603,126,6,False,False,False,False,False,baseline,,mathstral,never,NOT_ROUTED
60603,2,mathstral,never,4,0,0,MATH/Llama,MATH/Gemma,60603,126,7,False,False,False,False,False,baseline,,mathstral,never,NOT_ROUTED
60603,5,mathstral,never,4,0,0,MATH/Llama,MATH/Gemma,60603,1,0,False,False,False,False,False,baseline,,mathstral,never,NOT_ROUTED
60603,5,mathstral,never,4,0,0,MATH/Llama,MATH/Gemma,60603,1,1,False,False,False,False,False,baseline,,mathstral,never,NOT_ROUTED
60603,5,mathstral,never,4,0,0,MATH/Llama,MATH/Gemma,60603,1,2,False,False,False,False,False,baseline,,mathstral,never,NOT_ROUTED
60603,5,mathstral,never,4,0,0,MATH/Llama,MATH/Gemma,60603,1,3,False,False,False,False,False,baseline,,mathstral,never,NOT_ROUTED
60603,5,mathstral,never,4,0,0,MATH/Llama,MATH/Gemma,60603,1,4,False,False,False,False,False,baseline,,mathstral,never,NOT_ROUTED
60603,5,mathstral,never,4,0,0,MATH/Llama,MATH/Gemma,60603,1,5,False,False,False,False,False,baseline,,mathstral,never,NOT_ROUTED
60603,5,mathstral,never,4,0,0,MATH/Llama,MATH/Gemma,60603,1,6,False,False,False,False,False,baseline,,mathstral,never,NOT_ROUTED
60603,5,mathstral,never,4,0,0,MATH/Llama,MATH/Gemma,60603,1,7,False,False,False,False,False,baseline,,mathstral,never,NOT_ROUTED
60603,5,mathstral,never,4,0,0,MATH/Llama,MATH/Gemma,60603,2,0,True,True,True,False,False,baseline,,mathstral,never,NOT_ROUTED
60603,5,mathstral,never,4,0,0,MATH/Llama,MATH/Gemma,60603,2,1,True,True,True,False,False,baseline,,mathstral,never,NOT_ROUTED
60603,5,mathstral,never,4,0,0,MATH/Llama,MATH/Gemma,60603,2,2,True,True,True,False,False,baseline,,mathstral,never,NOT_ROUTED
60603,5,mathstral,never,4,0,0,MATH/Llama,MATH/Gemma,60603,2,3,True,True,True,False,False,baseline,,mathstral,never,NOT_ROUTED
60603,5,mathstral,never,4,0,0,MATH/Llama,MATH/Gemma,60603,2,4,True,True,True,False,False,baseline,,mathstral,never,NOT_ROUTED
60603,5,mathstral,never,4,0,0,MATH/Llama,MATH/Gemma,60603,2,5,True,True,True,False,False,baseline,,mathstral,never,NOT_ROUTED
60603,5,mathstral,never,4,0,0,MATH/Llama,MATH/Gemma,60603,2,6,True,True,True,False,False,baseline,,mathstral,never,NOT_ROUTED
60603,5,mathstral,never,4,0,0,MATH/Llama,MATH/Gemma,60603,2,7,True,True,True,False,False,baseline,,mathstral,never,NOT_ROUTED
60603,5,mathstral,never,4,0,0,MATH/Llama,MATH/Gemma,60603,3,0,True,True,True,False,False,baseline,,mathstral,never,NOT_ROUTED
60603,5,mathstral,never,4,0,0,MATH/Llama,MATH/Gemma,60603,3,1,True,True,True,False,False,baseline,,mathstral,never,NOT_ROUTED
60603,5,mathstral,never,4,0,0,MATH/Llama,MATH/Gemma,60603,3,2,True,True,True,False,False,baseline,,mathstral,never,NOT_ROUTED
60603,5,mathstral,never,4,0,0,MATH/Llama,MATH/Gemma,60603,3,3,True,True,True,False,False,baseline,,mathstral,never,NOT_ROUTED
60603,5,mathstral,never,4,0,0,MATH/Llama,MATH/Gemma,60603,3,4,True,True,True,False,False,baseline,,mathstral,never,NOT_ROUTED
60603,5,mathstral,never,4,0,0,MATH/Llama,MATH/Gemma,60603,3,5,True,True,True,False,False,baseline,,mathstral,never,NOT_ROUTED
60603,5,mathstral,never,4,0,0,MATH/Llama,MATH/Gemma,60603,3,6,True,True,True,False,False,baseline,,mathstral,never,NOT_ROUTED
60603,5,mathstral,never,4,0,0,MATH/Llama,MATH/Gemma,60603,3,7,True,True,True,False,False,baseline,,mathstral,never,NOT_ROUTED
60603,5,mathstral,never,4,0,0,MATH/Llama,MATH/Gemma,60603,7,0,True,True,True,False,False,baseline,,mathstral,never,NOT_ROUTED
60603,5,mathstral,never,4,0,0,MATH/Llama,MATH/Gemma,60603,7,1,True,True,True,False,False,baseline,,mathstral,never,NOT_ROUTED
60603,5,mathstral,never,4,0,0,MATH/Llama,MATH/Gemma,60603,7,2,True,True,True,False,False,baseline,,mathstral,never,NOT_ROUTED
60603,5,mathstral,never,4,0,0,MATH/Llama,MATH/Gemma,60603,7,3,True,True,True,False,False,baseline,,mathstral,never,NOT_ROUTED
60603,5,mathstral,never,4,0,0,MATH/Llama,MATH/Gemma,60603,7,4,True,True,True,False,False,baseline,,mathstral,never,NOT_ROUTED
60603,5,mathstral,never,4,0,0,MATH/Llama,MATH/Gemma,60603,7,5,True,True,True,False,False,baseline,,mathstral,never,NOT_ROUTED
60603,5,mathstral,never,4,0,0,MATH/Llama,MATH/Gemma,60603,7,6,True,True,True,False,False,baseline,,mathstral,never,NOT_ROUTED
60603,5,mathstral,never,4,0,0,MATH/Llama,MATH/Gemma,60603,7,7,True,True,True,False,False,baseline,,mathstral,never,NOT_ROUTED
60603,5,mathstral,never,4,0,0,MATH/Llama,MATH/Gemma,60603,8,0,True,True,True,False,False,baseline,,mathstral,never,NOT_ROUTED
60603,5,mathstral,never,4,0,0,MATH/Llama,MATH/Gemma,60603,8,1,True,True,True,False,False,baseline,,mathstral,never,NOT_ROUTED
60603,5,mathstral,never,4,0,0,MATH/Llama,MATH/Gemma,60603,8,2,True,True,True,False,False,baseline,,mathstral,never,NOT_ROUTED
60603,5,mathstral,never,4,0,0,MATH/Llama,MATH/Gemma,60603,8,3,True,True,True,False,False,baseline,,mathstral,never,NOT_ROUTED
60603,5,mathstral,never,4,0,0,MATH/Llama,MATH/Gemma,60603,8,4,True,True,True,False,False,baseline,,mathstral,never,NOT_ROUTED
60603,5,mathstral,never,4,0,0,MATH/Llama,MATH/Gemma,60603,8,5,True,True,True,False,False,baseline,,mathstral,never,NOT_ROUTED
60603,5,mathstral,never,4,0,0,MATH/Llama,MATH/Gemma,60603,8,6,True,True,True,False,False,baseline,,mathstral,never,NOT_ROUTED
60603,5,mathstral,never,4,0,0,MATH/Llama,MATH/Gemma,60603,8,7,True,True,True,False,False,baseline,,mathstral,never,NOT_ROUTED
60603,5,mathstral,never,4,0,0,MATH/Llama,MATH/Gemma,60603,9,0,False,False,False,False,False,baseline,,mathstral,never,NOT_ROUTED
60603,5,mathstral,never,4,0,0,MATH/Llama,MATH/Gemma,60603,9,1,True,True,True,False,False,baseline,,mathstral,never,NOT_ROUTED
60603,5,mathstral,never,4,0,0,MATH/Llama,MATH/Gemma,60603,9,2,False,False,False,False,False,baseline,,mathstral,never,NOT_ROUTED
60603,5,mathstral,never,4,0,0,MATH/Llama,MATH/Gemma,60603,9,3,True,True,True,False,False,baseline,,mathstral,never,NOT_ROUTED
60603,5,mathstral,never,4,0,0,MATH/Llama,MATH/Gemma,60603,9,4,True,True,True,False,False,baseline,,mathstral,never,NOT_ROUTED
60603,5,mathstral,never,4,0,0,MATH/Llama,MATH/Gemma,60603,9,5,True,True,True,False,False,baseline,,mathstral,never,NOT_ROUTED
60603,5,mathstral,never,4,0,0,MATH/Llama,MATH/Gemma,60603,9,6,False,False,False,False,False,baseline,,mathstral,never,NOT_ROUTED
60603,5,mathstral,never,4,0,0,MATH/Llama,MATH/Gemma,60603,9,7,True,True,True,False,False,baseline,,mathstral,never,NOT_ROUTED
60603,5,mathstral,never,4,0,0,MATH/Llama,MATH/Gemma,60603,10,0,True,True,True,False,False,baseline,,mathstral,never,NOT_ROUTED
60603,5,mathstral,never,4,0,0,MATH/Llama,MATH/Gemma,60603,10,1,True,True,True,False,False,baseline,,mathstral,never,NOT_ROUTED
60603,5,mathstral,never,4,0,0,MATH/Llama,MATH/Gemma,60603,10,2,True,True,True,False,False,baseline,,mathstral,never,NOT_ROUTED
60603,5,mathstral,never,4,0,0,MATH/Llama,MATH/Gemma,60603,10,3,True,True,True,False,False,baseline,,mathstral,never,NOT_ROUTED
60603,5,mathstral,never,4,0,0,MATH/Llama,MATH/Gemma,60603,10,4,True,True,True,False,False,baseline,,mathstral,never,NOT_ROUTED
60603,5,mathstral,never,4,0,0,MATH/Llama,MATH/Gemma,60603,10,5,True,True,True,False,False,baseline,,mathstral,never,NOT_ROUTED
60603,5,mathstral,never,4,0,0,MATH/Llama,MATH/Gemma,60603,10,6,True,True,True,False,False,baseline,,mathstral,never,NOT_ROUTED
60603,5,mathstral,never,4,0,0,MATH/Llama,MATH/Gemma,60603,10,7,True,True,True,False,False,baseline,,mathstral,never,NOT_ROUTED
60603,5,mathstral,never,4,0,0,MATH/Llama,MATH/Gemma,60603,14,0,False,False,False,False,False,baseline,,mathstral,never,NOT_ROUTED
60603,5,mathstral,never,4,0,0,MATH/Llama,MATH/Gemma,60603,14,1,False,False,False,False,False,baseline,,mathstral,never,NOT_ROUTED
60603,5,mathstral,never,4,0,0,MATH/Llama,MATH/Gemma,60603,14,2,False,False,False,False,False,baseline,,mathstral,never,NOT_ROUTED
60603,5,mathstral,never,4,0,0,MATH/Llama,MATH/Gemma,60603,14,3,False,False,False,False,False,baseline,,mathstral,never,NOT_ROUTED
60603,5,mathstral,never,4,0,0,MATH/Llama,MATH/Gemma,60603,14,4,False,False,False,False,False,baseline,,mathstral,never,NOT_ROUTED
60603,5,mathstral,never,4,0,0,MATH/Llama,MATH/Gemma,60603,14,5,False,False,False,False,False,baseline,,mathstral,never,NOT_ROUTED
60603,5,mathstral,never,4,0,0,MATH/Llama,MATH/Gemma,60603,14,6,False,False,False,False,False,baseline,,mathstral,never,NOT_ROUTED
60603,5,mathstral,never,4,0,0,MATH/Llama,MATH/Gemma,60603,14,7,False,False,False,False,False,baseline,,mathstral,never,NOT_ROUTED
60603,5,mathstral,never,4,0,0,MATH/Llama,MATH/Gemma,60603,15,0,False,False,False,False,False,baseline,,mathstral,never,NOT_ROUTED
60603,5,mathstral,never,4,0,0,MATH/Llama,MATH/Gemma,60603,15,1,False,False,False,False,False,baseline,,mathstral,never,NOT_ROUTED
60603,5,mathstral,never,4,0,0,MATH/Llama,MATH/Gemma,60603,15,2,False,False,False,False,False,baseline,,mathstral,never,NOT_ROUTED
60603,5,mathstral,never,4,0,0,MATH/Llama,MATH/Gemma,60603,15,3,False,False,False,False,False,baseline,,mathstral,never,NOT_ROUTED
60603,5,mathstral,never,4,0,0,MATH/Llama,MATH/Gemma,60603,15,4,False,False,False,False,False,baseline,,mathstral,never,NOT_ROUTED
60603,5,mathstral,never,4,0,0,MATH/Llama,MATH/Gemma,60603,15,5,False,False,False,False,False,baseline,,mathstral,never,NOT_ROUTED
60603,5,mathstral,never,4,0,0,MATH/Llama,MATH/Gemma,60603,15,6,False,False,False,False,False,baseline,,mathstral,never,NOT_ROUTED
60603,5,mathstral,never,4,0,0,MATH/Llama,MATH/Gemma,60603,15,7,False,False,False,False,False,baseline,,mathstral,never,NOT_ROUTED
60603,5,mathstral,never,4,0,0,MATH/Llama,MATH/Gemma,60603,16,0,False,False,False,False,False,baseline,,mathstral,never,NOT_ROUTED
60603,5,mathstral,never,4,0,0,MATH/Llama,MATH/Gemma,60603,16,1,False,False,False,False,False,baseline,,mathstral,never,NOT_ROUTED
60603,5,mathstral,never,4,0,0,MATH/Llama,MATH/Gemma,60603,16,2,False,False,False,False,False,baseline,,mathstral,never,NOT_ROUTED
60603,5,mathstral,never,4,0,0,MATH/Llama,MATH/Gemma,60603,16,3,False,False,False,False,False,baseline,,mathstral,never,NOT_ROUTED
60603,5,mathstral,never,4,0,0,MATH/Llama,MATH/Gemma,60603,16,4,False,False,False,False,False,baseline,,mathstral,never,NOT_ROUTED
60603,5,mathstral,never,4,0,0,MATH/Llama,MATH/Gemma,60603,16,5,False,False,False,False,False,baseline,,mathstral,never,NOT_ROUTED
60603,5,mathstral,never,4,0,0,MATH/Llama,MATH/Gemma,60603,16,6,False,False,False,False,False,baseline,,mathstral,never,NOT_ROUTED
60603,5,mathstral,never,4,0,0,MATH/Llama,MATH/Gemma,60603,16,7,False,False,False,False,False,baseline,,mathstral,never,NOT_ROUTED
60603,5,mathstral,never,4,0,0,MATH/Llama,MATH/Gemma,60603,18,0,False,False,False,False,False,baseline,,mathstral,never,NOT_ROUTED
60603,5,mathstral,never,4,0,0,MATH/Llama,MATH/Gemma,60603,18,1,False,False,False,False,False,baseline,,mathstral,never,NOT_ROUTED
60603,5,mathstral,never,4,0,0,MATH/Llama,MATH/Gemma,60603,18,2,False,False,False,False,False,baseline,,mathstral,never,NOT_ROUTED
60603,5,mathstral,never,4,0,0,MATH/Llama,MATH/Gemma,60603,18,3,False,False,False,False,False,baseline,,mathstral,never,NOT_ROUTED
60603,5,mathstral,never,4,0,0,MATH/Llama,MATH/Gemma,60603,18,4,False,False,False,False,False,baseline,,mathstral,never,NOT_ROUTED
60603,5,mathstral,never,4,0,0,MATH/Llama,MATH/Gemma,60603,18,5,False,False,False,False,False,baseline,,mathstral,never,NOT_ROUTED
60603,5,mathstral,never,4,0,0,MATH/Llama,MATH/Gemma,60603,18,6,False,False,False,False,False,baseline,,mathstral,never,NOT_ROUTED
60603,5,mathstral,never,4,0,0,MATH/Llama,MATH/Gemma,60603,18,7,False,False,False,False,False,baseline,,mathstral,never,NOT_ROUTED
60603,5,mathstral,never,4,0,0,MATH/Llama,MATH/Gemma,60603,19,0,True,True,True,False,False,baseline,,mathstral,never,NOT_ROUTED
60603,5,mathstral,never,4,0,0,MATH/Llama,MATH/Gemma,60603,19,1,True,True,True,False,False,baseline,,mathstral,never,NOT_ROUTED
60603,5,mathstral,never,4,0,0,MATH/Llama,MATH/Gemma,60603,19,2,True,True,True,False,False,baseline,,mathstral,never,NOT_ROUTED
60603,5,mathstral,never,4,0,0,MATH/Llama,MATH/Gemma,60603,19,3,True,True,True,False,False,baseline,,mathstral,never,NOT_ROUTED
60603,5,mathstral,never,4,0,0,MATH/Llama,MATH/Gemma,60603,19,4,True,False,True,True,False,target_intersection_top20,pairwise_router_v123_llama_with_gemma_budget0_all_0011_regression_s60603_p19_t4,mathstral,never,A
60603,5,mathstral,never,4,0,0,MATH/Llama,MATH/Gemma,60603,19,5,True,True,True,False,False,baseline,,mathstral,never,NOT_ROUTED
60603,5,mathstral,never,4,0,0,MATH/Llama,MATH/Gemma,60603,19,6,True,True,True,False,False,baseline,,mathstral,never,NOT_ROUTED
60603,5,mathstral,never,4,0,0,MATH/Llama,MATH/Gemma,60603,19,7,True,True,True,False,False,baseline,,mathstral,never,NOT_ROUTED
60603,5,mathstral,never,4,0,0,MATH/Llama,MATH/Gemma,60603,25,0,True,True,True,False,False,baseline,,mathstral,never,NOT_ROUTED
60603,5,mathstral,never,4,0,0,MATH/Llama,MATH/Gemma,60603,25,1,True,True,True,False,False,baseline,,mathstral,never,NOT_ROUTED
60603,5,mathstral,never,4,0,0,MATH/Llama,MATH/Gemma,60603,25,2,True,True,True,False,False,baseline,,mathstral,never,NOT_ROUTED
60603,5,mathstral,never,4,0,0,MATH/Llama,MATH/Gemma,60603,25,3,True,True,True,False,False,baseline,,mathstral,never,NOT_ROUTED
60603,5,mathstral,never,4,0,0,MATH/Llama,MATH/Gemma,60603,25,4,True,True,True,False,False,baseline,,mathstral,never,NOT_ROUTED
60603,5,mathstral,never,4,0,0,MATH/Llama,MATH/Gemma,60603,25,5,True,True,True,False,False,baseline,,mathstral,never,NOT_ROUTED
60603,5,mathstral,never,4,0,0,MATH/Llama,MATH/Gemma,60603,25,6,True,True,True,False,False,baseline,,mathstral,never,NOT_ROUTED
60603,5,mathstral,never,4,0,0,MATH/Llama,MATH/Gemma,60603,25,7,True,True,True,False,False,baseline,,mathstral,never,NOT_ROUTED
60603,5,mathstral,never,4,0,0,MATH/Llama,MATH/Gemma,60603,28,0,False,False,False,False,False,baseline,,mathstral,never,NOT_ROUTED
60603,5,mathstral,never,4,0,0,MATH/Llama,MATH/Gemma,60603,28,1,False,False,False,False,False,baseline,,mathstral,never,NOT_ROUTED
60603,5,mathstral,never,4,0,0,MATH/Llama,MATH/Gemma,60603,28,2,False,False,False,False,False,baseline,,mathstral,never,NOT_ROUTED
60603,5,mathstral,never,4,0,0,MATH/Llama,MATH/Gemma,60603,28,3,False,False,False,False,False,baseline,,mathstral,never,NOT_ROUTED
60603,5,mathstral,never,4,0,0,MATH/Llama,MATH/Gemma,60603,28,4,False,False,False,False,False,baseline,,mathstral,never,NOT_ROUTED
60603,5,mathstral,never,4,0,0,MATH/Llama,MATH/Gemma,60603,28,5,False,False,False,False,False,baseline,,mathstral,never,NOT_ROUTED
60603,5,mathstral,never,4,0,0,MATH/Llama,MATH/Gemma,60603,28,6,False,False,False,False,False,baseline,,mathstral,never,NOT_ROUTED
60603,5,mathstral,never,4,0,0,MATH/Llama,MATH/Gemma,60603,28,7,False,False,False,False,False,baseline,,mathstral,never,NOT_ROUTED
60603,5,mathstral,never,4,0,0,MATH/Llama,MATH/Gemma,60603,29,0,True,True,True,False,False,baseline,,mathstral,never,NOT_ROUTED
60603,5,mathstral,never,4,0,0,MATH/Llama,MATH/Gemma,60603,29,1,True,True,True,False,False,baseline,,mathstral,never,NOT_ROUTED
60603,5,mathstral,never,4,0,0,MATH/Llama,MATH/Gemma,60603,29,2,True,True,True,False,False,baseline,,mathstral,never,NOT_ROUTED
60603,5,mathstral,never,4,0,0,MATH/Llama,MATH/Gemma,60603,29,3,True,True,True,False,False,baseline,,mathstral,never,NOT_ROUTED
60603,5,mathstral,never,4,0,0,MATH/Llama,MATH/Gemma,60603,29,4,True,True,True,False,False,baseline,,mathstral,never,NOT_ROUTED
60603,5,mathstral,never,4,0,0,MATH/Llama,MATH/Gemma,60603,29,5,True,True,True,False,False,baseline,,mathstral,never,NOT_ROUTED
60603,5,mathstral,never,4,0,0,MATH/Llama,MATH/Gemma,60603,29,6,True,True,True,False,False,baseline,,mathstral,never,NOT_ROUTED
60603,5,mathstral,never,4,0,0,MATH/Llama,MATH/Gemma,60603,29,7,True,True,True,False,False,baseline,,mathstral,never,NOT_ROUTED
60603,5,mathstral,never,4,0,0,MATH/Llama,MATH/Gemma,60603,30,0,True,True,True,False,False,baseline,,mathstral,never,NOT_ROUTED
60603,5,mathstral,never,4,0,0,MATH/Llama,MATH/Gemma,60603,30,1,True,True,True,False,False,baseline,,mathstral,never,NOT_ROUTED
60603,5,mathstral,never,4,0,0,MATH/Llama,MATH/Gemma,60603,30,2,True,True,True,False,False,baseline,,mathstral,never,NOT_ROUTED
60603,5,mathstral,never,4,0,0,MATH/Llama,MATH/Gemma,60603,30,3,True,True,True,False,False,baseline,,mathstral,never,NOT_ROUTED
60603,5,mathstral,never,4,0,0,MATH/Llama,MATH/Gemma,60603,30,4,True,True,True,False,False,baseline,,mathstral,never,NOT_ROUTED
60603,5,mathstral,never,4,0,0,MATH/Llama,MATH/Gemma,60603,30,5,True,True,True,False,False,baseline,,mathstral,never,NOT_ROUTED
60603,5,mathstral,never,4,0,0,MATH/Llama,MATH/Gemma,60603,30,6,True,True,True,False,False,baseline,,mathstral,never,NOT_ROUTED
60603,5,mathstral,never,4,0,0,MATH/Llama,MATH/Gemma,60603,30,7,True,True,True,False,False,baseline,,mathstral,never,NOT_ROUTED
60603,5,mathstral,never,4,0,0,MATH/Llama,MATH/Gemma,60603,32,0,True,True,True,False,False,baseline,,mathstral,never,NOT_ROUTED
60603,5,mathstral,never,4,0,0,MATH/Llama,MATH/Gemma,60603,32,1,True,True,True,False,False,baseline,,mathstral,never,NOT_ROUTED
60603,5,mathstral,never,4,0,0,MATH/Llama,MATH/Gemma,60603,32,2,True,True,True,False,False,baseline,,mathstral,never,NOT_ROUTED
60603,5,mathstral,never,4,0,0,MATH/Llama,MATH/Gemma,60603,32,3,True,True,True,False,False,baseline,,mathstral,never,NOT_ROUTED
60603,5,mathstral,never,4,0,0,MATH/Llama,MATH/Gemma,60603,32,4,True,True,True,False,False,baseline,,mathstral,never,NOT_ROUTED
60603,5,mathstral,never,4,0,0,MATH/Llama,MATH/Gemma,60603,32,5,True,True,True,False,False,baseline,,mathstral,never,NOT_ROUTED
60603,5,mathstral,never,4,0,0,MATH/Llama,MATH/Gemma,60603,32,6,True,True,True,False,False,baseline,,mathstral,never,NOT_ROUTED
60603,5,mathstral,never,4,0,0,MATH/Llama,MATH/Gemma,60603,32,7,True,True,True,False,False,baseline,,mathstral,never,NOT_ROUTED
60603,5,mathstral,never,4,0,0,MATH/Llama,MATH/Gemma,60603,35,0,True,True,True,False,False,baseline,,mathstral,never,NOT_ROUTED
60603,5,mathstral,never,4,0,0,MATH/Llama,MATH/Gemma,60603,35,1,True,True,True,False,False,baseline,,mathstral,never,NOT_ROUTED
60603,5,mathstral,never,4,0,0,MATH/Llama,MATH/Gemma,60603,35,2,True,True,True,False,False,baseline,,mathstral,never,NOT_ROUTED
60603,5,mathstral,never,4,0,0,MATH/Llama,MATH/Gemma,60603,35,3,True,True,True,False,False,baseline,,mathstral,never,NOT_ROUTED
60603,5,mathstral,never,4,0,0,MATH/Llama,MATH/Gemma,60603,35,4,True,True,True,False,False,baseline,,mathstral,never,NOT_ROUTED
60603,5,mathstral,never,4,0,0,MATH/Llama,MATH/Gemma,60603,35,5,True,True,True,False,False,baseline,,mathstral,never,NOT_ROUTED
60603,5,mathstral,never,4,0,0,MATH/Llama,MATH/Gemma,60603,35,6,True,True,True,False,False,baseline,,mathstral,never,NOT_ROUTED
60603,5,mathstral,never,4,0,0,MATH/Llama,MATH/Gemma,60603,35,7,True,True,True,False,False,baseline,,mathstral,never,NOT_ROUTED
60603,5,mathstral,never,4,0,0,MATH/Llama,MATH/Gemma,60603,39,0,True,True,True,False,False,baseline,,mathstral,never,NOT_ROUTED
60603,5,mathstral,never,4,0,0,MATH/Llama,MATH/Gemma,60603,39,1,True,True,True,False,False,baseline,,mathstral,never,NOT_ROUTED
60603,5,mathstral,never,4,0,0,MATH/Llama,MATH/Gemma,60603,39,2,True,True,True,False,False,baseline,,mathstral,never,NOT_ROUTED
60603,5,mathstral,never,4,0,0,MATH/Llama,MATH/Gemma,60603,39,3,True,True,True,False,False,baseline,,mathstral,never,NOT_ROUTED
60603,5,mathstral,never,4,0,0,MATH/Llama,MATH/Gemma,60603,39,4,True,True,True,False,False,baseline,,mathstral,never,NOT_ROUTED
60603,5,mathstral,never,4,0,0,MATH/Llama,MATH/Gemma,60603,39,5,True,True,True,False,False,baseline,,mathstral,never,NOT_ROUTED
60603,5,mathstral,never,4,0,0,MATH/Llama,MATH/Gemma,60603,39,6,True,True,True,False,False,baseline,,mathstral,never,NOT_ROUTED
60603,5,mathstral,never,4,0,0,MATH/Llama,MATH/Gemma,60603,39,7,True,True,True,False,False,baseline,,mathstral,never,NOT_ROUTED
60603,5,mathstral,never,4,0,0,MATH/Llama,MATH/Gemma,60603,41,0,False,False,False,False,False,baseline,,mathstral,never,NOT_ROUTED
60603,5,mathstral,never,4,0,0,MATH/Llama,MATH/Gemma,60603,41,1,False,False,False,False,False,baseline,,mathstral,never,NOT_ROUTED
60603,5,mathstral,never,4,0,0,MATH/Llama,MATH/Gemma,60603,41,2,False,False,False,False,False,baseline,,mathstral,never,NOT_ROUTED
60603,5,mathstral,never,4,0,0,MATH/Llama,MATH/Gemma,60603,41,3,False,False,False,False,False,baseline,,mathstral,never,NOT_ROUTED
60603,5,mathstral,never,4,0,0,MATH/Llama,MATH/Gemma,60603,41,4,False,False,False,False,False,baseline,,mathstral,never,NOT_ROUTED
60603,5,mathstral,never,4,0,0,MATH/Llama,MATH/Gemma,60603,41,5,False,False,False,False,False,baseline,,mathstral,never,NOT_ROUTED
60603,5,mathstral,never,4,0,0,MATH/Llama,MATH/Gemma,60603,41,6,False,False,False,False,False,baseline,,mathstral,never,NOT_ROUTED
60603,5,mathstral,never,4,0,0,MATH/Llama,MATH/Gemma,60603,41,7,False,False,False,False,False,baseline,,mathstral,never,NOT_ROUTED
60603,5,mathstral,never,4,0,0,MATH/Llama,MATH/Gemma,60603,42,0,False,False,False,False,False,baseline,,mathstral,never,NOT_ROUTED
60603,5,mathstral,never,4,0,0,MATH/Llama,MATH/Gemma,60603,42,1,False,False,False,False,False,baseline,,mathstral,never,NOT_ROUTED
60603,5,mathstral,never,4,0,0,MATH/Llama,MATH/Gemma,60603,42,2,False,False,False,False,False,baseline,,mathstral,never,NOT_ROUTED
60603,5,mathstral,never,4,0,0,MATH/Llama,MATH/Gemma,60603,42,3,False,False,False,False,False,baseline,,mathstral,never,NOT_ROUTED
60603,5,mathstral,never,4,0,0,MATH/Llama,MATH/Gemma,60603,42,4,False,False,False,False,False,baseline,,mathstral,never,NOT_ROUTED
60603,5,mathstral,never,4,0,0,MATH/Llama,MATH/Gemma,60603,42,5,False,False,False,False,False,baseline,,mathstral,never,NOT_ROUTED
60603,5,mathstral,never,4,0,0,MATH/Llama,MATH/Gemma,60603,42,6,False,False,False,False,False,baseline,,mathstral,never,NOT_ROUTED
60603,5,mathstral,never,4,0,0,MATH/Llama,MATH/Gemma,60603,42,7,False,False,False,True,False,target_intersection_top20,pairwise_router_v123_llama_with_gemma_budget0_all_0007_neither_correct_s60603_p42_t7,mathstral,never,NEITHER
60603,5,mathstral,never,4,0,0,MATH/Llama,MATH/Gemma,60603,43,0,True,True,True,False,False,baseline,,mathstral,never,NOT_ROUTED
60603,5,mathstral,never,4,0,0,MATH/Llama,MATH/Gemma,60603,43,1,True,True,True,False,False,baseline,,mathstral,never,NOT_ROUTED
60603,5,mathstral,never,4,0,0,MATH/Llama,MATH/Gemma,60603,43,2,True,True,True,False,False,baseline,,mathstral,never,NOT_ROUTED
60603,5,mathstral,never,4,0,0,MATH/Llama,MATH/Gemma,60603,43,3,True,True,True,False,False,baseline,,mathstral,never,NOT_ROUTED
60603,5,mathstral,never,4,0,0,MATH/Llama,MATH/Gemma,60603,43,4,True,True,True,False,False,baseline,,mathstral,never,NOT_ROUTED
60603,5,mathstral,never,4,0,0,MATH/Llama,MATH/Gemma,60603,43,5,True,True,True,False,False,baseline,,mathstral,never,NOT_ROUTED
60603,5,mathstral,never,4,0,0,MATH/Llama,MATH/Gemma,60603,43,6,True,True,True,False,False,baseline,,mathstral,never,NOT_ROUTED
60603,5,mathstral,never,4,0,0,MATH/Llama,MATH/Gemma,60603,43,7,True,True,True,False,False,baseline,,mathstral,never,NOT_ROUTED
60603,5,mathstral,never,4,0,0,MATH/Llama,MATH/Gemma,60603,47,0,False,False,False,False,False,baseline,,mathstral,never,NOT_ROUTED
60603,5,mathstral,never,4,0,0,MATH/Llama,MATH/Gemma,60603,47,1,True,True,True,False,False,baseline,,mathstral,never,NOT_ROUTED
60603,5,mathstral,never,4,0,0,MATH/Llama,MATH/Gemma,60603,47,2,True,True,True,False,False,baseline,,mathstral,never,NOT_ROUTED
60603,5,mathstral,never,4,0,0,MATH/Llama,MATH/Gemma,60603,47,3,False,True,False,True,False,union_rank_top3,pairwise_router_v123_llama_with_gemma_budget0_all_0010_recovery_s60603_p47_t3,mathstral,never,A
60603,5,mathstral,never,4,0,0,MATH/Llama,MATH/Gemma,60603,47,4,True,True,True,False,False,baseline,,mathstral,never,NOT_ROUTED
60603,5,mathstral,never,4,0,0,MATH/Llama,MATH/Gemma,60603,47,5,False,False,False,False,False,baseline,,mathstral,never,NOT_ROUTED
60603,5,mathstral,never,4,0,0,MATH/Llama,MATH/Gemma,60603,47,6,True,True,True,False,False,baseline,,mathstral,never,NOT_ROUTED
60603,5,mathstral,never,4,0,0,MATH/Llama,MATH/Gemma,60603,47,7,True,True,True,False,False,baseline,,mathstral,never,NOT_ROUTED
60603,5,mathstral,never,4,0,0,MATH/Llama,MATH/Gemma,60603,49,0,False,False,False,False,False,baseline,,mathstral,never,NOT_ROUTED
60603,5,mathstral,never,4,0,0,MATH/Llama,MATH/Gemma,60603,49,1,False,False,False,False,False,baseline,,mathstral,never,NOT_ROUTED
60603,5,mathstral,never,4,0,0,MATH/Llama,MATH/Gemma,60603,49,2,False,False,False,False,False,baseline,,mathstral,never,NOT_ROUTED
60603,5,mathstral,never,4,0,0,MATH/Llama,MATH/Gemma,60603,49,3,False,False,False,False,False,baseline,,mathstral,never,NOT_ROUTED
60603,5,mathstral,never,4,0,0,MATH/Llama,MATH/Gemma,60603,49,4,False,False,False,False,False,baseline,,mathstral,never,NOT_ROUTED
60603,5,mathstral,never,4,0,0,MATH/Llama,MATH/Gemma,60603,49,5,False,False,False,False,False,baseline,,mathstral,never,NOT_ROUTED
60603,5,mathstral,never,4,0,0,MATH/Llama,MATH/Gemma,60603,49,6,False,False,False,False,False,baseline,,mathstral,never,NOT_ROUTED
60603,5,mathstral,never,4,0,0,MATH/Llama,MATH/Gemma,60603,49,7,False,False,False,False,False,baseline,,mathstral,never,NOT_ROUTED
60603,5,mathstral,never,4,0,0,MATH/Llama,MATH/Gemma,60603,50,0,False,False,False,False,False,baseline,,mathstral,never,NOT_ROUTED
60603,5,mathstral,never,4,0,0,MATH/Llama,MATH/Gemma,60603,50,1,False,False,False,False,False,baseline,,mathstral,never,NOT_ROUTED
60603,5,mathstral,never,4,0,0,MATH/Llama,MATH/Gemma,60603,50,2,False,False,False,False,False,baseline,,mathstral,never,NOT_ROUTED
60603,5,mathstral,never,4,0,0,MATH/Llama,MATH/Gemma,60603,50,3,False,False,False,False,False,baseline,,mathstral,never,NOT_ROUTED
60603,5,mathstral,never,4,0,0,MATH/Llama,MATH/Gemma,60603,50,4,True,True,True,False,False,baseline,,mathstral,never,NOT_ROUTED
60603,5,mathstral,never,4,0,0,MATH/Llama,MATH/Gemma,60603,50,5,False,False,False,False,False,baseline,,mathstral,never,NOT_ROUTED
60603,5,mathstral,never,4,0,0,MATH/Llama,MATH/Gemma,60603,50,6,False,False,False,False,False,baseline,,mathstral,never,NOT_ROUTED
60603,5,mathstral,never,4,0,0,MATH/Llama,MATH/Gemma,60603,50,7,False,False,False,False,False,baseline,,mathstral,never,NOT_ROUTED
60603,5,mathstral,never,4,0,0,MATH/Llama,MATH/Gemma,60603,51,0,False,False,False,False,False,baseline,,mathstral,never,NOT_ROUTED
60603,5,mathstral,never,4,0,0,MATH/Llama,MATH/Gemma,60603,51,1,False,False,False,False,False,baseline,,mathstral,never,NOT_ROUTED
60603,5,mathstral,never,4,0,0,MATH/Llama,MATH/Gemma,60603,51,2,False,False,False,False,False,baseline,,mathstral,never,NOT_ROUTED
60603,5,mathstral,never,4,0,0,MATH/Llama,MATH/Gemma,60603,51,3,False,False,False,False,False,baseline,,mathstral,never,NOT_ROUTED
60603,5,mathstral,never,4,0,0,MATH/Llama,MATH/Gemma,60603,51,4,False,False,False,False,False,baseline,,mathstral,never,NOT_ROUTED
60603,5,mathstral,never,4,0,0,MATH/Llama,MATH/Gemma,60603,51,5,False,False,False,False,False,baseline,,mathstral,never,NOT_ROUTED
60603,5,mathstral,never,4,0,0,MATH/Llama,MATH/Gemma,60603,51,6,False,False,False,False,False,baseline,,mathstral,never,NOT_ROUTED
60603,5,mathstral,never,4,0,0,MATH/Llama,MATH/Gemma,60603,51,7,False,False,False,False,False,baseline,,mathstral,never,NOT_ROUTED
60603,5,mathstral,never,4,0,0,MATH/Llama,MATH/Gemma,60603,53,0,False,False,False,False,False,baseline,,mathstral,never,NOT_ROUTED
60603,5,mathstral,never,4,0,0,MATH/Llama,MATH/Gemma,60603,53,1,False,False,False,False,False,baseline,,mathstral,never,NOT_ROUTED
60603,5,mathstral,never,4,0,0,MATH/Llama,MATH/Gemma,60603,53,2,False,False,False,False,False,baseline,,mathstral,never,NOT_ROUTED
60603,5,mathstral,never,4,0,0,MATH/Llama,MATH/Gemma,60603,53,3,False,False,False,False,False,baseline,,mathstral,never,NOT_ROUTED
60603,5,mathstral,never,4,0,0,MATH/Llama,MATH/Gemma,60603,53,4,False,False,False,False,False,baseline,,mathstral,never,NOT_ROUTED
60603,5,mathstral,never,4,0,0,MATH/Llama,MATH/Gemma,60603,53,5,False,False,False,False,False,baseline,,mathstral,never,NOT_ROUTED
60603,5,mathstral,never,4,0,0,MATH/Llama,MATH/Gemma,60603,53,6,False,False,False,False,False,baseline,,mathstral,never,NOT_ROUTED
60603,5,mathstral,never,4,0,0,MATH/Llama,MATH/Gemma,60603,53,7,False,False,False,False,False,baseline,,mathstral,never,NOT_ROUTED
60603,5,mathstral,never,4,0,0,MATH/Llama,MATH/Gemma,60603,54,0,False,False,False,False,False,baseline,,mathstral,never,NOT_ROUTED
60603,5,mathstral,never,4,0,0,MATH/Llama,MATH/Gemma,60603,54,1,False,False,False,False,False,baseline,,mathstral,never,NOT_ROUTED
60603,5,mathstral,never,4,0,0,MATH/Llama,MATH/Gemma,60603,54,2,False,False,False,False,False,baseline,,mathstral,never,NOT_ROUTED
60603,5,mathstral,never,4,0,0,MATH/Llama,MATH/Gemma,60603,54,3,False,False,False,False,False,baseline,,mathstral,never,NOT_ROUTED
60603,5,mathstral,never,4,0,0,MATH/Llama,MATH/Gemma,60603,54,4,False,False,False,False,False,baseline,,mathstral,never,NOT_ROUTED
60603,5,mathstral,never,4,0,0,MATH/Llama,MATH/Gemma,60603,54,5,False,False,False,False,False,baseline,,mathstral,never,NOT_ROUTED
60603,5,mathstral,never,4,0,0,MATH/Llama,MATH/Gemma,60603,54,6,False,False,False,False,False,baseline,,mathstral,never,NOT_ROUTED
60603,5,mathstral,never,4,0,0,MATH/Llama,MATH/Gemma,60603,54,7,True,True,True,False,False,baseline,,mathstral,never,NOT_ROUTED
60603,5,mathstral,never,4,0,0,MATH/Llama,MATH/Gemma,60603,56,0,False,False,False,False,False,baseline,,mathstral,never,NOT_ROUTED
60603,5,mathstral,never,4,0,0,MATH/Llama,MATH/Gemma,60603,56,1,False,False,False,False,False,baseline,,mathstral,never,NOT_ROUTED
60603,5,mathstral,never,4,0,0,MATH/Llama,MATH/Gemma,60603,56,2,False,False,False,False,False,baseline,,mathstral,never,NOT_ROUTED
60603,5,mathstral,never,4,0,0,MATH/Llama,MATH/Gemma,60603,56,3,False,False,False,False,False,baseline,,mathstral,never,NOT_ROUTED
60603,5,mathstral,never,4,0,0,MATH/Llama,MATH/Gemma,60603,56,4,False,False,False,False,False,baseline,,mathstral,never,NOT_ROUTED
60603,5,mathstral,never,4,0,0,MATH/Llama,MATH/Gemma,60603,56,5,False,False,False,False,False,baseline,,mathstral,never,NOT_ROUTED
60603,5,mathstral,never,4,0,0,MATH/Llama,MATH/Gemma,60603,56,6,False,False,False,False,False,baseline,,mathstral,never,NOT_ROUTED
60603,5,mathstral,never,4,0,0,MATH/Llama,MATH/Gemma,60603,56,7,False,False,False,False,False,baseline,,mathstral,never,NOT_ROUTED
60603,5,mathstral,never,4,0,0,MATH/Llama,MATH/Gemma,60603,57,0,False,False,False,False,False,baseline,,mathstral,never,NOT_ROUTED
60603,5,mathstral,never,4,0,0,MATH/Llama,MATH/Gemma,60603,57,1,False,False,False,False,False,baseline,,mathstral,never,NOT_ROUTED
60603,5,mathstral,never,4,0,0,MATH/Llama,MATH/Gemma,60603,57,2,False,False,False,False,False,baseline,,mathstral,never,NOT_ROUTED
60603,5,mathstral,never,4,0,0,MATH/Llama,MATH/Gemma,60603,57,3,False,False,False,False,False,baseline,,mathstral,never,NOT_ROUTED
60603,5,mathstral,never,4,0,0,MATH/Llama,MATH/Gemma,60603,57,4,False,False,False,False,False,baseline,,mathstral,never,NOT_ROUTED
60603,5,mathstral,never,4,0,0,MATH/Llama,MATH/Gemma,60603,57,5,False,False,False,False,False,baseline,,mathstral,never,NOT_ROUTED
60603,5,mathstral,never,4,0,0,MATH/Llama,MATH/Gemma,60603,57,6,False,False,False,False,False,baseline,,mathstral,never,NOT_ROUTED
60603,5,mathstral,never,4,0,0,MATH/Llama,MATH/Gemma,60603,57,7,False,False,False,False,False,baseline,,mathstral,never,NOT_ROUTED
60603,5,mathstral,never,4,0,0,MATH/Llama,MATH/Gemma,60603,59,0,False,False,False,False,False,baseline,,mathstral,never,NOT_ROUTED
60603,5,mathstral,never,4,0,0,MATH/Llama,MATH/Gemma,60603,59,1,False,False,False,False,False,baseline,,mathstral,never,NOT_ROUTED
60603,5,mathstral,never,4,0,0,MATH/Llama,MATH/Gemma,60603,59,2,False,False,False,False,False,baseline,,mathstral,never,NOT_ROUTED
60603,5,mathstral,never,4,0,0,MATH/Llama,MATH/Gemma,60603,59,3,False,False,False,False,False,baseline,,mathstral,never,NOT_ROUTED
60603,5,mathstral,never,4,0,0,MATH/Llama,MATH/Gemma,60603,59,4,False,False,False,False,False,baseline,,mathstral,never,NOT_ROUTED
60603,5,mathstral,never,4,0,0,MATH/Llama,MATH/Gemma,60603,59,5,False,False,False,False,False,baseline,,mathstral,never,NOT_ROUTED
60603,5,mathstral,never,4,0,0,MATH/Llama,MATH/Gemma,60603,59,6,False,False,False,False,False,baseline,,mathstral,never,NOT_ROUTED
60603,5,mathstral,never,4,0,0,MATH/Llama,MATH/Gemma,60603,59,7,False,False,False,False,False,baseline,,mathstral,never,NOT_ROUTED
60603,5,mathstral,never,4,0,0,MATH/Llama,MATH/Gemma,60603,60,0,False,False,False,False,False,baseline,,mathstral,never,NOT_ROUTED
60603,5,mathstral,never,4,0,0,MATH/Llama,MATH/Gemma,60603,60,1,False,False,False,False,False,baseline,,mathstral,never,NOT_ROUTED
60603,5,mathstral,never,4,0,0,MATH/Llama,MATH/Gemma,60603,60,2,False,False,False,False,False,baseline,,mathstral,never,NOT_ROUTED
60603,5,mathstral,never,4,0,0,MATH/Llama,MATH/Gemma,60603,60,3,False,False,False,False,False,baseline,,mathstral,never,NOT_ROUTED
60603,5,mathstral,never,4,0,0,MATH/Llama,MATH/Gemma,60603,60,4,False,False,False,False,False,baseline,,mathstral,never,NOT_ROUTED
60603,5,mathstral,never,4,0,0,MATH/Llama,MATH/Gemma,60603,60,5,False,False,False,False,False,baseline,,mathstral,never,NOT_ROUTED
60603,5,mathstral,never,4,0,0,MATH/Llama,MATH/Gemma,60603,60,6,False,False,False,False,False,baseline,,mathstral,never,NOT_ROUTED
60603,5,mathstral,never,4,0,0,MATH/Llama,MATH/Gemma,60603,60,7,False,False,False,False,False,baseline,,mathstral,never,NOT_ROUTED
60603,5,mathstral,never,4,0,0,MATH/Llama,MATH/Gemma,60603,61,0,False,False,False,False,False,baseline,,mathstral,never,NOT_ROUTED
60603,5,mathstral,never,4,0,0,MATH/Llama,MATH/Gemma,60603,61,1,False,False,False,False,False,baseline,,mathstral,never,NOT_ROUTED
60603,5,mathstral,never,4,0,0,MATH/Llama,MATH/Gemma,60603,61,2,False,False,False,False,False,baseline,,mathstral,never,NOT_ROUTED
60603,5,mathstral,never,4,0,0,MATH/Llama,MATH/Gemma,60603,61,3,False,False,False,False,False,baseline,,mathstral,never,NOT_ROUTED
60603,5,mathstral,never,4,0,0,MATH/Llama,MATH/Gemma,60603,61,4,False,False,False,False,False,baseline,,mathstral,never,NOT_ROUTED
60603,5,mathstral,never,4,0,0,MATH/Llama,MATH/Gemma,60603,61,5,False,False,False,False,False,baseline,,mathstral,never,NOT_ROUTED
60603,5,mathstral,never,4,0,0,MATH/Llama,MATH/Gemma,60603,61,6,False,False,False,False,False,baseline,,mathstral,never,NOT_ROUTED
60603,5,mathstral,never,4,0,0,MATH/Llama,MATH/Gemma,60603,61,7,False,False,False,False,False,baseline,,mathstral,never,NOT_ROUTED
60603,5,mathstral,never,4,0,0,MATH/Llama,MATH/Gemma,60603,62,0,False,False,False,False,False,baseline,,mathstral,never,NOT_ROUTED
60603,5,mathstral,never,4,0,0,MATH/Llama,MATH/Gemma,60603,62,1,False,False,False,False,False,baseline,,mathstral,never,NOT_ROUTED
60603,5,mathstral,never,4,0,0,MATH/Llama,MATH/Gemma,60603,62,2,False,False,False,False,False,baseline,,mathstral,never,NOT_ROUTED
60603,5,mathstral,never,4,0,0,MATH/Llama,MATH/Gemma,60603,62,3,False,False,False,False,False,baseline,,mathstral,never,NOT_ROUTED
60603,5,mathstral,never,4,0,0,MATH/Llama,MATH/Gemma,60603,62,4,False,False,False,False,False,baseline,,mathstral,never,NOT_ROUTED
60603,5,mathstral,never,4,0,0,MATH/Llama,MATH/Gemma,60603,62,5,False,False,False,False,False,baseline,,mathstral,never,NOT_ROUTED
60603,5,mathstral,never,4,0,0,MATH/Llama,MATH/Gemma,60603,62,6,False,False,False,False,False,baseline,,mathstral,never,NOT_ROUTED
60603,5,mathstral,never,4,0,0,MATH/Llama,MATH/Gemma,60603,62,7,False,False,False,False,False,baseline,,mathstral,never,NOT_ROUTED
60603,5,mathstral,never,4,0,0,MATH/Llama,MATH/Gemma,60603,63,0,True,True,True,False,False,baseline,,mathstral,never,NOT_ROUTED
60603,5,mathstral,never,4,0,0,MATH/Llama,MATH/Gemma,60603,63,1,True,True,True,False,False,baseline,,mathstral,never,NOT_ROUTED
60603,5,mathstral,never,4,0,0,MATH/Llama,MATH/Gemma,60603,63,2,True,True,True,False,False,baseline,,mathstral,never,NOT_ROUTED
60603,5,mathstral,never,4,0,0,MATH/Llama,MATH/Gemma,60603,63,3,True,True,True,False,False,baseline,,mathstral,never,NOT_ROUTED
60603,5,mathstral,never,4,0,0,MATH/Llama,MATH/Gemma,60603,63,4,True,True,True,False,False,baseline,,mathstral,never,NOT_ROUTED
60603,5,mathstral,never,4,0,0,MATH/Llama,MATH/Gemma,60603,63,5,True,True,True,False,False,baseline,,mathstral,never,NOT_ROUTED
60603,5,mathstral,never,4,0,0,MATH/Llama,MATH/Gemma,60603,63,6,True,True,True,False,False,baseline,,mathstral,never,NOT_ROUTED
60603,5,mathstral,never,4,0,0,MATH/Llama,MATH/Gemma,60603,63,7,True,True,True,False,False,baseline,,mathstral,never,NOT_ROUTED
60603,5,mathstral,never,4,0,0,MATH/Llama,MATH/Gemma,60603,65,0,False,False,False,False,False,baseline,,mathstral,never,NOT_ROUTED
60603,5,mathstral,never,4,0,0,MATH/Llama,MATH/Gemma,60603,65,1,False,False,False,False,False,baseline,,mathstral,never,NOT_ROUTED
60603,5,mathstral,never,4,0,0,MATH/Llama,MATH/Gemma,60603,65,2,False,False,False,False,False,baseline,,mathstral,never,NOT_ROUTED
60603,5,mathstral,never,4,0,0,MATH/Llama,MATH/Gemma,60603,65,3,False,False,False,False,False,baseline,,mathstral,never,NOT_ROUTED
60603,5,mathstral,never,4,0,0,MATH/Llama,MATH/Gemma,60603,65,4,False,False,False,False,False,baseline,,mathstral,never,NOT_ROUTED
60603,5,mathstral,never,4,0,0,MATH/Llama,MATH/Gemma,60603,65,5,False,False,False,False,False,baseline,,mathstral,never,NOT_ROUTED
60603,5,mathstral,never,4,0,0,MATH/Llama,MATH/Gemma,60603,65,6,False,False,False,False,False,baseline,,mathstral,never,NOT_ROUTED
60603,5,mathstral,never,4,0,0,MATH/Llama,MATH/Gemma,60603,65,7,False,False,False,False,False,baseline,,mathstral,never,NOT_ROUTED
60603,5,mathstral,never,4,0,0,MATH/Llama,MATH/Gemma,60603,67,0,True,True,True,False,False,baseline,,mathstral,never,NOT_ROUTED
60603,5,mathstral,never,4,0,0,MATH/Llama,MATH/Gemma,60603,67,1,True,True,True,False,False,baseline,,mathstral,never,NOT_ROUTED
60603,5,mathstral,never,4,0,0,MATH/Llama,MATH/Gemma,60603,67,2,True,True,True,False,False,baseline,,mathstral,never,NOT_ROUTED
60603,5,mathstral,never,4,0,0,MATH/Llama,MATH/Gemma,60603,67,3,True,True,True,False,False,baseline,,mathstral,never,NOT_ROUTED
60603,5,mathstral,never,4,0,0,MATH/Llama,MATH/Gemma,60603,67,4,True,True,True,False,False,baseline,,mathstral,never,NOT_ROUTED
60603,5,mathstral,never,4,0,0,MATH/Llama,MATH/Gemma,60603,67,5,True,True,True,False,False,baseline,,mathstral,never,NOT_ROUTED
60603,5,mathstral,never,4,0,0,MATH/Llama,MATH/Gemma,60603,67,6,True,True,True,False,False,baseline,,mathstral,never,NOT_ROUTED
60603,5,mathstral,never,4,0,0,MATH/Llama,MATH/Gemma,60603,67,7,True,True,True,False,False,baseline,,mathstral,never,NOT_ROUTED
60603,5,mathstral,never,4,0,0,MATH/Llama,MATH/Gemma,60603,69,0,False,False,False,False,False,baseline,,mathstral,never,NOT_ROUTED
60603,5,mathstral,never,4,0,0,MATH/Llama,MATH/Gemma,60603,69,1,False,False,False,False,False,baseline,,mathstral,never,NOT_ROUTED
60603,5,mathstral,never,4,0,0,MATH/Llama,MATH/Gemma,60603,69,2,False,False,False,False,False,baseline,,mathstral,never,NOT_ROUTED
60603,5,mathstral,never,4,0,0,MATH/Llama,MATH/Gemma,60603,69,3,False,False,False,False,False,baseline,,mathstral,never,NOT_ROUTED
60603,5,mathstral,never,4,0,0,MATH/Llama,MATH/Gemma,60603,69,4,False,False,False,False,False,baseline,,mathstral,never,NOT_ROUTED
60603,5,mathstral,never,4,0,0,MATH/Llama,MATH/Gemma,60603,69,5,False,False,False,False,False,baseline,,mathstral,never,NOT_ROUTED
60603,5,mathstral,never,4,0,0,MATH/Llama,MATH/Gemma,60603,69,6,False,False,False,False,False,baseline,,mathstral,never,NOT_ROUTED
60603,5,mathstral,never,4,0,0,MATH/Llama,MATH/Gemma,60603,69,7,False,False,False,False,False,baseline,,mathstral,never,NOT_ROUTED
60603,5,mathstral,never,4,0,0,MATH/Llama,MATH/Gemma,60603,70,0,False,False,False,False,False,baseline,,mathstral,never,NOT_ROUTED
60603,5,mathstral,never,4,0,0,MATH/Llama,MATH/Gemma,60603,70,1,False,False,False,False,False,baseline,,mathstral,never,NOT_ROUTED
60603,5,mathstral,never,4,0,0,MATH/Llama,MATH/Gemma,60603,70,2,False,False,False,False,False,baseline,,mathstral,never,NOT_ROUTED
60603,5,mathstral,never,4,0,0,MATH/Llama,MATH/Gemma,60603,70,3,False,False,False,False,False,baseline,,mathstral,never,NOT_ROUTED
60603,5,mathstral,never,4,0,0,MATH/Llama,MATH/Gemma,60603,70,4,False,False,False,False,False,baseline,,mathstral,never,NOT_ROUTED
60603,5,mathstral,never,4,0,0,MATH/Llama,MATH/Gemma,60603,70,5,False,False,False,False,False,baseline,,mathstral,never,NOT_ROUTED
60603,5,mathstral,never,4,0,0,MATH/Llama,MATH/Gemma,60603,70,6,False,False,False,False,False,baseline,,mathstral,never,NOT_ROUTED
60603,5,mathstral,never,4,0,0,MATH/Llama,MATH/Gemma,60603,70,7,False,False,False,False,False,baseline,,mathstral,never,NOT_ROUTED
60603,5,mathstral,never,4,0,0,MATH/Llama,MATH/Gemma,60603,71,0,False,False,False,False,False,baseline,,mathstral,never,NOT_ROUTED
60603,5,mathstral,never,4,0,0,MATH/Llama,MATH/Gemma,60603,71,1,False,False,False,False,False,baseline,,mathstral,never,NOT_ROUTED
60603,5,mathstral,never,4,0,0,MATH/Llama,MATH/Gemma,60603,71,2,False,False,False,False,False,baseline,,mathstral,never,NOT_ROUTED
60603,5,mathstral,never,4,0,0,MATH/Llama,MATH/Gemma,60603,71,3,False,False,False,False,False,baseline,,mathstral,never,NOT_ROUTED
60603,5,mathstral,never,4,0,0,MATH/Llama,MATH/Gemma,60603,71,4,False,False,False,False,False,baseline,,mathstral,never,NOT_ROUTED
60603,5,mathstral,never,4,0,0,MATH/Llama,MATH/Gemma,60603,71,5,True,True,True,False,False,baseline,,mathstral,never,NOT_ROUTED
60603,5,mathstral,never,4,0,0,MATH/Llama,MATH/Gemma,60603,71,6,False,False,False,False,False,baseline,,mathstral,never,NOT_ROUTED
60603,5,mathstral,never,4,0,0,MATH/Llama,MATH/Gemma,60603,71,7,False,False,False,False,False,baseline,,mathstral,never,NOT_ROUTED
60603,5,mathstral,never,4,0,0,MATH/Llama,MATH/Gemma,60603,77,0,False,False,False,False,False,baseline,,mathstral,never,NOT_ROUTED
60603,5,mathstral,never,4,0,0,MATH/Llama,MATH/Gemma,60603,77,1,False,False,False,False,False,baseline,,mathstral,never,NOT_ROUTED
60603,5,mathstral,never,4,0,0,MATH/Llama,MATH/Gemma,60603,77,2,False,False,False,False,False,baseline,,mathstral,never,NOT_ROUTED
60603,5,mathstral,never,4,0,0,MATH/Llama,MATH/Gemma,60603,77,3,False,False,False,False,False,baseline,,mathstral,never,NOT_ROUTED
60603,5,mathstral,never,4,0,0,MATH/Llama,MATH/Gemma,60603,77,4,False,False,False,False,False,baseline,,mathstral,never,NOT_ROUTED
60603,5,mathstral,never,4,0,0,MATH/Llama,MATH/Gemma,60603,77,5,False,False,False,False,False,baseline,,mathstral,never,NOT_ROUTED
60603,5,mathstral,never,4,0,0,MATH/Llama,MATH/Gemma,60603,77,6,False,False,False,False,False,baseline,,mathstral,never,NOT_ROUTED
60603,5,mathstral,never,4,0,0,MATH/Llama,MATH/Gemma,60603,77,7,False,False,False,False,False,baseline,,mathstral,never,NOT_ROUTED
60603,5,mathstral,never,4,0,0,MATH/Llama,MATH/Gemma,60603,78,0,False,False,False,False,False,baseline,,mathstral,never,NOT_ROUTED
60603,5,mathstral,never,4,0,0,MATH/Llama,MATH/Gemma,60603,78,1,False,False,False,False,False,baseline,,mathstral,never,NOT_ROUTED
60603,5,mathstral,never,4,0,0,MATH/Llama,MATH/Gemma,60603,78,2,False,False,False,False,False,baseline,,mathstral,never,NOT_ROUTED
60603,5,mathstral,never,4,0,0,MATH/Llama,MATH/Gemma,60603,78,3,False,False,False,False,False,baseline,,mathstral,never,NOT_ROUTED
60603,5,mathstral,never,4,0,0,MATH/Llama,MATH/Gemma,60603,78,4,False,False,False,False,False,baseline,,mathstral,never,NOT_ROUTED
60603,5,mathstral,never,4,0,0,MATH/Llama,MATH/Gemma,60603,78,5,False,False,False,False,False,baseline,,mathstral,never,NOT_ROUTED
60603,5,mathstral,never,4,0,0,MATH/Llama,MATH/Gemma,60603,78,6,False,False,False,False,False,baseline,,mathstral,never,NOT_ROUTED
60603,5,mathstral,never,4,0,0,MATH/Llama,MATH/Gemma,60603,78,7,False,False,False,False,False,baseline,,mathstral,never,NOT_ROUTED
60603,5,mathstral,never,4,0,0,MATH/Llama,MATH/Gemma,60603,79,0,True,True,True,False,False,baseline,,mathstral,never,NOT_ROUTED
60603,5,mathstral,never,4,0,0,MATH/Llama,MATH/Gemma,60603,79,1,True,True,True,False,False,baseline,,mathstral,never,NOT_ROUTED
60603,5,mathstral,never,4,0,0,MATH/Llama,MATH/Gemma,60603,79,2,True,True,True,False,False,baseline,,mathstral,never,NOT_ROUTED
60603,5,mathstral,never,4,0,0,MATH/Llama,MATH/Gemma,60603,79,3,True,True,True,False,False,baseline,,mathstral,never,NOT_ROUTED
60603,5,mathstral,never,4,0,0,MATH/Llama,MATH/Gemma,60603,79,4,True,True,True,False,False,baseline,,mathstral,never,NOT_ROUTED
60603,5,mathstral,never,4,0,0,MATH/Llama,MATH/Gemma,60603,79,5,True,True,True,False,False,baseline,,mathstral,never,NOT_ROUTED
60603,5,mathstral,never,4,0,0,MATH/Llama,MATH/Gemma,60603,79,6,True,True,True,False,False,baseline,,mathstral,never,NOT_ROUTED
60603,5,mathstral,never,4,0,0,MATH/Llama,MATH/Gemma,60603,79,7,True,True,True,False,False,baseline,,mathstral,never,NOT_ROUTED
60603,5,mathstral,never,4,0,0,MATH/Llama,MATH/Gemma,60603,81,0,False,False,False,False,False,baseline,,mathstral,never,NOT_ROUTED
60603,5,mathstral,never,4,0,0,MATH/Llama,MATH/Gemma,60603,81,1,False,False,False,False,False,baseline,,mathstral,never,NOT_ROUTED
60603,5,mathstral,never,4,0,0,MATH/Llama,MATH/Gemma,60603,81,2,False,False,False,False,False,baseline,,mathstral,never,NOT_ROUTED
60603,5,mathstral,never,4,0,0,MATH/Llama,MATH/Gemma,60603,81,3,False,False,False,False,False,baseline,,mathstral,never,NOT_ROUTED
60603,5,mathstral,never,4,0,0,MATH/Llama,MATH/Gemma,60603,81,4,False,False,False,False,False,baseline,,mathstral,never,NOT_ROUTED
60603,5,mathstral,never,4,0,0,MATH/Llama,MATH/Gemma,60603,81,5,False,False,False,False,False,baseline,,mathstral,never,NOT_ROUTED
60603,5,mathstral,never,4,0,0,MATH/Llama,MATH/Gemma,60603,81,6,False,False,False,False,False,baseline,,mathstral,never,NOT_ROUTED
60603,5,mathstral,never,4,0,0,MATH/Llama,MATH/Gemma,60603,81,7,False,False,False,False,False,baseline,,mathstral,never,NOT_ROUTED
60603,5,mathstral,never,4,0,0,MATH/Llama,MATH/Gemma,60603,82,0,False,False,False,False,False,baseline,,mathstral,never,NOT_ROUTED
60603,5,mathstral,never,4,0,0,MATH/Llama,MATH/Gemma,60603,82,1,False,False,False,False,False,baseline,,mathstral,never,NOT_ROUTED
60603,5,mathstral,never,4,0,0,MATH/Llama,MATH/Gemma,60603,82,2,False,False,False,False,False,baseline,,mathstral,never,NOT_ROUTED
60603,5,mathstral,never,4,0,0,MATH/Llama,MATH/Gemma,60603,82,3,False,False,False,False,False,baseline,,mathstral,never,NOT_ROUTED
60603,5,mathstral,never,4,0,0,MATH/Llama,MATH/Gemma,60603,82,4,False,False,False,False,False,baseline,,mathstral,never,NOT_ROUTED
60603,5,mathstral,never,4,0,0,MATH/Llama,MATH/Gemma,60603,82,5,False,False,False,False,False,baseline,,mathstral,never,NOT_ROUTED
60603,5,mathstral,never,4,0,0,MATH/Llama,MATH/Gemma,60603,82,6,False,False,False,False,False,baseline,,mathstral,never,NOT_ROUTED
60603,5,mathstral,never,4,0,0,MATH/Llama,MATH/Gemma,60603,82,7,False,False,False,False,False,baseline,,mathstral,never,NOT_ROUTED
60603,5,mathstral,never,4,0,0,MATH/Llama,MATH/Gemma,60603,83,0,True,True,True,False,False,baseline,,mathstral,never,NOT_ROUTED
60603,5,mathstral,never,4,0,0,MATH/Llama,MATH/Gemma,60603,83,1,True,True,True,False,False,baseline,,mathstral,never,NOT_ROUTED
60603,5,mathstral,never,4,0,0,MATH/Llama,MATH/Gemma,60603,83,2,True,True,True,False,False,baseline,,mathstral,never,NOT_ROUTED
60603,5,mathstral,never,4,0,0,MATH/Llama,MATH/Gemma,60603,83,3,True,True,True,False,False,baseline,,mathstral,never,NOT_ROUTED
60603,5,mathstral,never,4,0,0,MATH/Llama,MATH/Gemma,60603,83,4,True,True,True,False,False,baseline,,mathstral,never,NOT_ROUTED
60603,5,mathstral,never,4,0,0,MATH/Llama,MATH/Gemma,60603,83,5,True,True,True,False,False,baseline,,mathstral,never,NOT_ROUTED
60603,5,mathstral,never,4,0,0,MATH/Llama,MATH/Gemma,60603,83,6,True,True,True,False,False,baseline,,mathstral,never,NOT_ROUTED
60603,5,mathstral,never,4,0,0,MATH/Llama,MATH/Gemma,60603,83,7,True,True,True,False,False,baseline,,mathstral,never,NOT_ROUTED
60603,5,mathstral,never,4,0,0,MATH/Llama,MATH/Gemma,60603,85,0,True,True,True,False,False,baseline,,mathstral,never,NOT_ROUTED
60603,5,mathstral,never,4,0,0,MATH/Llama,MATH/Gemma,60603,85,1,True,True,True,False,False,baseline,,mathstral,never,NOT_ROUTED
60603,5,mathstral,never,4,0,0,MATH/Llama,MATH/Gemma,60603,85,2,True,True,True,False,False,baseline,,mathstral,never,NOT_ROUTED
60603,5,mathstral,never,4,0,0,MATH/Llama,MATH/Gemma,60603,85,3,True,True,True,False,False,baseline,,mathstral,never,NOT_ROUTED
60603,5,mathstral,never,4,0,0,MATH/Llama,MATH/Gemma,60603,85,4,False,False,False,False,False,baseline,,mathstral,never,NOT_ROUTED
60603,5,mathstral,never,4,0,0,MATH/Llama,MATH/Gemma,60603,85,5,True,True,True,False,False,baseline,,mathstral,never,NOT_ROUTED
60603,5,mathstral,never,4,0,0,MATH/Llama,MATH/Gemma,60603,85,6,True,True,True,False,False,baseline,,mathstral,never,NOT_ROUTED
60603,5,mathstral,never,4,0,0,MATH/Llama,MATH/Gemma,60603,85,7,True,True,True,False,False,baseline,,mathstral,never,NOT_ROUTED
60603,5,mathstral,never,4,0,0,MATH/Llama,MATH/Gemma,60603,86,0,True,True,True,False,False,baseline,,mathstral,never,NOT_ROUTED
60603,5,mathstral,never,4,0,0,MATH/Llama,MATH/Gemma,60603,86,1,True,True,True,False,False,baseline,,mathstral,never,NOT_ROUTED
60603,5,mathstral,never,4,0,0,MATH/Llama,MATH/Gemma,60603,86,2,True,True,True,False,False,baseline,,mathstral,never,NOT_ROUTED
60603,5,mathstral,never,4,0,0,MATH/Llama,MATH/Gemma,60603,86,3,True,True,True,False,False,baseline,,mathstral,never,NOT_ROUTED
60603,5,mathstral,never,4,0,0,MATH/Llama,MATH/Gemma,60603,86,4,True,True,True,False,False,baseline,,mathstral,never,NOT_ROUTED
60603,5,mathstral,never,4,0,0,MATH/Llama,MATH/Gemma,60603,86,5,True,True,True,False,False,baseline,,mathstral,never,NOT_ROUTED
60603,5,mathstral,never,4,0,0,MATH/Llama,MATH/Gemma,60603,86,6,True,True,True,False,False,baseline,,mathstral,never,NOT_ROUTED
60603,5,mathstral,never,4,0,0,MATH/Llama,MATH/Gemma,60603,86,7,True,True,True,False,False,baseline,,mathstral,never,NOT_ROUTED
60603,5,mathstral,never,4,0,0,MATH/Llama,MATH/Gemma,60603,87,0,False,False,False,False,False,baseline,,mathstral,never,NOT_ROUTED
60603,5,mathstral,never,4,0,0,MATH/Llama,MATH/Gemma,60603,87,1,False,False,False,False,False,baseline,,mathstral,never,NOT_ROUTED
60603,5,mathstral,never,4,0,0,MATH/Llama,MATH/Gemma,60603,87,2,False,False,False,False,False,baseline,,mathstral,never,NOT_ROUTED
60603,5,mathstral,never,4,0,0,MATH/Llama,MATH/Gemma,60603,87,3,False,False,False,False,False,baseline,,mathstral,never,NOT_ROUTED
60603,5,mathstral,never,4,0,0,MATH/Llama,MATH/Gemma,60603,87,4,False,False,False,False,False,baseline,,mathstral,never,NOT_ROUTED
60603,5,mathstral,never,4,0,0,MATH/Llama,MATH/Gemma,60603,87,5,False,False,False,False,False,baseline,,mathstral,never,NOT_ROUTED
60603,5,mathstral,never,4,0,0,MATH/Llama,MATH/Gemma,60603,87,6,False,False,False,False,False,baseline,,mathstral,never,NOT_ROUTED
60603,5,mathstral,never,4,0,0,MATH/Llama,MATH/Gemma,60603,87,7,False,False,False,False,False,baseline,,mathstral,never,NOT_ROUTED
60603,5,mathstral,never,4,0,0,MATH/Llama,MATH/Gemma,60603,88,0,False,False,False,False,False,baseline,,mathstral,never,NOT_ROUTED
60603,5,mathstral,never,4,0,0,MATH/Llama,MATH/Gemma,60603,88,1,False,False,False,False,False,baseline,,mathstral,never,NOT_ROUTED
60603,5,mathstral,never,4,0,0,MATH/Llama,MATH/Gemma,60603,88,2,False,False,False,False,False,baseline,,mathstral,never,NOT_ROUTED
60603,5,mathstral,never,4,0,0,MATH/Llama,MATH/Gemma,60603,88,3,False,False,False,False,False,baseline,,mathstral,never,NOT_ROUTED
60603,5,mathstral,never,4,0,0,MATH/Llama,MATH/Gemma,60603,88,4,False,False,False,False,False,baseline,,mathstral,never,NOT_ROUTED
60603,5,mathstral,never,4,0,0,MATH/Llama,MATH/Gemma,60603,88,5,False,False,False,False,False,baseline,,mathstral,never,NOT_ROUTED
60603,5,mathstral,never,4,0,0,MATH/Llama,MATH/Gemma,60603,88,6,False,False,False,False,False,baseline,,mathstral,never,NOT_ROUTED
60603,5,mathstral,never,4,0,0,MATH/Llama,MATH/Gemma,60603,88,7,False,False,False,False,False,baseline,,mathstral,never,NOT_ROUTED
60603,5,mathstral,never,4,0,0,MATH/Llama,MATH/Gemma,60603,90,0,True,True,True,False,False,baseline,,mathstral,never,NOT_ROUTED
60603,5,mathstral,never,4,0,0,MATH/Llama,MATH/Gemma,60603,90,1,True,True,True,False,False,baseline,,mathstral,never,NOT_ROUTED
60603,5,mathstral,never,4,0,0,MATH/Llama,MATH/Gemma,60603,90,2,True,True,True,False,False,baseline,,mathstral,never,NOT_ROUTED
60603,5,mathstral,never,4,0,0,MATH/Llama,MATH/Gemma,60603,90,3,True,True,True,False,False,baseline,,mathstral,never,NOT_ROUTED
60603,5,mathstral,never,4,0,0,MATH/Llama,MATH/Gemma,60603,90,4,True,True,True,False,False,baseline,,mathstral,never,NOT_ROUTED
60603,5,mathstral,never,4,0,0,MATH/Llama,MATH/Gemma,60603,90,5,True,True,True,False,False,baseline,,mathstral,never,NOT_ROUTED
60603,5,mathstral,never,4,0,0,MATH/Llama,MATH/Gemma,60603,90,6,True,True,True,False,False,baseline,,mathstral,never,NOT_ROUTED
60603,5,mathstral,never,4,0,0,MATH/Llama,MATH/Gemma,60603,90,7,True,True,True,False,False,baseline,,mathstral,never,NOT_ROUTED
60603,5,mathstral,never,4,0,0,MATH/Llama,MATH/Gemma,60603,91,0,True,True,True,False,False,baseline,,mathstral,never,NOT_ROUTED
60603,5,mathstral,never,4,0,0,MATH/Llama,MATH/Gemma,60603,91,1,True,True,True,False,False,baseline,,mathstral,never,NOT_ROUTED
60603,5,mathstral,never,4,0,0,MATH/Llama,MATH/Gemma,60603,91,2,True,True,True,False,False,baseline,,mathstral,never,NOT_ROUTED
60603,5,mathstral,never,4,0,0,MATH/Llama,MATH/Gemma,60603,91,3,True,True,True,False,False,baseline,,mathstral,never,NOT_ROUTED
60603,5,mathstral,never,4,0,0,MATH/Llama,MATH/Gemma,60603,91,4,True,True,True,False,False,baseline,,mathstral,never,NOT_ROUTED
60603,5,mathstral,never,4,0,0,MATH/Llama,MATH/Gemma,60603,91,5,True,True,True,False,False,baseline,,mathstral,never,NOT_ROUTED
60603,5,mathstral,never,4,0,0,MATH/Llama,MATH/Gemma,60603,91,6,True,True,True,False,False,baseline,,mathstral,never,NOT_ROUTED
60603,5,mathstral,never,4,0,0,MATH/Llama,MATH/Gemma,60603,91,7,True,True,True,False,False,baseline,,mathstral,never,NOT_ROUTED
60603,5,mathstral,never,4,0,0,MATH/Llama,MATH/Gemma,60603,94,0,False,False,False,False,False,baseline,,mathstral,never,NOT_ROUTED
60603,5,mathstral,never,4,0,0,MATH/Llama,MATH/Gemma,60603,94,1,True,True,True,False,False,baseline,,mathstral,never,NOT_ROUTED
60603,5,mathstral,never,4,0,0,MATH/Llama,MATH/Gemma,60603,94,2,False,False,False,False,False,baseline,,mathstral,never,NOT_ROUTED
60603,5,mathstral,never,4,0,0,MATH/Llama,MATH/Gemma,60603,94,3,True,False,True,True,False,target_intersection_top20,pairwise_router_v123_llama_with_gemma_budget0_all_0012_regression_s60603_p94_t3,mathstral,never,NEITHER
60603,5,mathstral,never,4,0,0,MATH/Llama,MATH/Gemma,60603,94,4,True,True,True,False,False,baseline,,mathstral,never,NOT_ROUTED
60603,5,mathstral,never,4,0,0,MATH/Llama,MATH/Gemma,60603,94,5,True,True,True,False,False,baseline,,mathstral,never,NOT_ROUTED
60603,5,mathstral,never,4,0,0,MATH/Llama,MATH/Gemma,60603,94,6,True,True,True,False,False,baseline,,mathstral,never,NOT_ROUTED
60603,5,mathstral,never,4,0,0,MATH/Llama,MATH/Gemma,60603,94,7,True,True,True,False,False,baseline,,mathstral,never,NOT_ROUTED
60603,5,mathstral,never,4,0,0,MATH/Llama,MATH/Gemma,60603,95,0,False,False,False,True,False,union_rank_top3,pairwise_router_v123_llama_with_gemma_budget0_all_0008_neither_correct_s60603_p95_t0,mathstral,never,B
60603,5,mathstral,never,4,0,0,MATH/Llama,MATH/Gemma,60603,95,1,False,False,False,False,False,baseline,,mathstral,never,NOT_ROUTED
60603,5,mathstral,never,4,0,0,MATH/Llama,MATH/Gemma,60603,95,2,False,False,False,False,False,baseline,,mathstral,never,NOT_ROUTED
60603,5,mathstral,never,4,0,0,MATH/Llama,MATH/Gemma,60603,95,3,False,False,False,False,False,baseline,,mathstral,never,NOT_ROUTED
60603,5,mathstral,never,4,0,0,MATH/Llama,MATH/Gemma,60603,95,4,False,False,False,False,False,baseline,,mathstral,never,NOT_ROUTED
60603,5,mathstral,never,4,0,0,MATH/Llama,MATH/Gemma,60603,95,5,False,False,False,False,False,baseline,,mathstral,never,NOT_ROUTED
60603,5,mathstral,never,4,0,0,MATH/Llama,MATH/Gemma,60603,95,6,False,False,False,False,False,baseline,,mathstral,never,NOT_ROUTED
60603,5,mathstral,never,4,0,0,MATH/Llama,MATH/Gemma,60603,95,7,False,False,False,False,False,baseline,,mathstral,never,NOT_ROUTED
60603,5,mathstral,never,4,0,0,MATH/Llama,MATH/Gemma,60603,96,0,True,True,True,False,False,baseline,,mathstral,never,NOT_ROUTED
60603,5,mathstral,never,4,0,0,MATH/Llama,MATH/Gemma,60603,96,1,True,True,True,False,False,baseline,,mathstral,never,NOT_ROUTED
60603,5,mathstral,never,4,0,0,MATH/Llama,MATH/Gemma,60603,96,2,True,True,True,False,False,baseline,,mathstral,never,NOT_ROUTED
60603,5,mathstral,never,4,0,0,MATH/Llama,MATH/Gemma,60603,96,3,True,True,True,False,False,baseline,,mathstral,never,NOT_ROUTED
60603,5,mathstral,never,4,0,0,MATH/Llama,MATH/Gemma,60603,96,4,True,True,True,False,False,baseline,,mathstral,never,NOT_ROUTED
60603,5,mathstral,never,4,0,0,MATH/Llama,MATH/Gemma,60603,96,5,True,True,True,False,False,baseline,,mathstral,never,NOT_ROUTED
60603,5,mathstral,never,4,0,0,MATH/Llama,MATH/Gemma,60603,96,6,True,True,True,False,False,baseline,,mathstral,never,NOT_ROUTED
60603,5,mathstral,never,4,0,0,MATH/Llama,MATH/Gemma,60603,96,7,True,True,True,False,False,baseline,,mathstral,never,NOT_ROUTED
60603,5,mathstral,never,4,0,0,MATH/Llama,MATH/Gemma,60603,99,0,True,True,True,False,False,baseline,,mathstral,never,NOT_ROUTED
60603,5,mathstral,never,4,0,0,MATH/Llama,MATH/Gemma,60603,99,1,True,True,True,False,False,baseline,,mathstral,never,NOT_ROUTED
60603,5,mathstral,never,4,0,0,MATH/Llama,MATH/Gemma,60603,99,2,True,True,True,False,False,baseline,,mathstral,never,NOT_ROUTED
60603,5,mathstral,never,4,0,0,MATH/Llama,MATH/Gemma,60603,99,3,True,True,True,False,False,baseline,,mathstral,never,NOT_ROUTED
60603,5,mathstral,never,4,0,0,MATH/Llama,MATH/Gemma,60603,99,4,True,True,True,False,False,baseline,,mathstral,never,NOT_ROUTED
60603,5,mathstral,never,4,0,0,MATH/Llama,MATH/Gemma,60603,99,5,True,True,True,False,False,baseline,,mathstral,never,NOT_ROUTED
60603,5,mathstral,never,4,0,0,MATH/Llama,MATH/Gemma,60603,99,6,True,True,True,False,False,baseline,,mathstral,never,NOT_ROUTED
60603,5,mathstral,never,4,0,0,MATH/Llama,MATH/Gemma,60603,99,7,True,True,True,False,False,baseline,,mathstral,never,NOT_ROUTED
60603,5,mathstral,never,4,0,0,MATH/Llama,MATH/Gemma,60603,101,0,True,True,True,False,False,baseline,,mathstral,never,NOT_ROUTED
60603,5,mathstral,never,4,0,0,MATH/Llama,MATH/Gemma,60603,101,1,True,True,True,False,False,baseline,,mathstral,never,NOT_ROUTED
60603,5,mathstral,never,4,0,0,MATH/Llama,MATH/Gemma,60603,101,2,True,True,True,False,False,baseline,,mathstral,never,NOT_ROUTED
60603,5,mathstral,never,4,0,0,MATH/Llama,MATH/Gemma,60603,101,3,True,True,True,False,False,baseline,,mathstral,never,NOT_ROUTED
60603,5,mathstral,never,4,0,0,MATH/Llama,MATH/Gemma,60603,101,4,True,True,True,False,False,baseline,,mathstral,never,NOT_ROUTED
60603,5,mathstral,never,4,0,0,MATH/Llama,MATH/Gemma,60603,101,5,True,True,True,False,False,baseline,,mathstral,never,NOT_ROUTED
60603,5,mathstral,never,4,0,0,MATH/Llama,MATH/Gemma,60603,101,6,True,True,True,False,False,baseline,,mathstral,never,NOT_ROUTED
60603,5,mathstral,never,4,0,0,MATH/Llama,MATH/Gemma,60603,101,7,True,True,True,False,False,baseline,,mathstral,never,NOT_ROUTED
60603,5,mathstral,never,4,0,0,MATH/Llama,MATH/Gemma,60603,102,0,True,False,True,True,False,target_intersection_top10,pairwise_router_v123_llama_with_gemma_budget0_all_0013_regression_s60603_p102_t0,mathstral,never,A
60603,5,mathstral,never,4,0,0,MATH/Llama,MATH/Gemma,60603,102,1,True,True,True,False,False,baseline,,mathstral,never,NOT_ROUTED
60603,5,mathstral,never,4,0,0,MATH/Llama,MATH/Gemma,60603,102,2,True,True,True,False,False,baseline,,mathstral,never,NOT_ROUTED
60603,5,mathstral,never,4,0,0,MATH/Llama,MATH/Gemma,60603,102,3,True,True,True,False,False,baseline,,mathstral,never,NOT_ROUTED
60603,5,mathstral,never,4,0,0,MATH/Llama,MATH/Gemma,60603,102,4,True,True,True,False,False,baseline,,mathstral,never,NOT_ROUTED
60603,5,mathstral,never,4,0,0,MATH/Llama,MATH/Gemma,60603,102,5,True,True,True,False,False,baseline,,mathstral,never,NOT_ROUTED
60603,5,mathstral,never,4,0,0,MATH/Llama,MATH/Gemma,60603,102,6,True,True,True,False,False,baseline,,mathstral,never,NOT_ROUTED
60603,5,mathstral,never,4,0,0,MATH/Llama,MATH/Gemma,60603,102,7,True,True,True,False,False,baseline,,mathstral,never,NOT_ROUTED
60603,5,mathstral,never,4,0,0,MATH/Llama,MATH/Gemma,60603,103,0,True,True,True,False,False,baseline,,mathstral,never,NOT_ROUTED
60603,5,mathstral,never,4,0,0,MATH/Llama,MATH/Gemma,60603,103,1,True,True,True,False,False,baseline,,mathstral,never,NOT_ROUTED
60603,5,mathstral,never,4,0,0,MATH/Llama,MATH/Gemma,60603,103,2,True,True,True,False,False,baseline,,mathstral,never,NOT_ROUTED
60603,5,mathstral,never,4,0,0,MATH/Llama,MATH/Gemma,60603,103,3,True,True,True,False,False,baseline,,mathstral,never,NOT_ROUTED
60603,5,mathstral,never,4,0,0,MATH/Llama,MATH/Gemma,60603,103,4,True,True,True,False,False,baseline,,mathstral,never,NOT_ROUTED
60603,5,mathstral,never,4,0,0,MATH/Llama,MATH/Gemma,60603,103,5,True,True,True,False,False,baseline,,mathstral,never,NOT_ROUTED
60603,5,mathstral,never,4,0,0,MATH/Llama,MATH/Gemma,60603,103,6,True,True,True,False,False,baseline,,mathstral,never,NOT_ROUTED
60603,5,mathstral,never,4,0,0,MATH/Llama,MATH/Gemma,60603,103,7,True,True,True,False,False,baseline,,mathstral,never,NOT_ROUTED
60603,5,mathstral,never,4,0,0,MATH/Llama,MATH/Gemma,60603,104,0,True,True,True,False,False,baseline,,mathstral,never,NOT_ROUTED
60603,5,mathstral,never,4,0,0,MATH/Llama,MATH/Gemma,60603,104,1,True,True,True,False,False,baseline,,mathstral,never,NOT_ROUTED
60603,5,mathstral,never,4,0,0,MATH/Llama,MATH/Gemma,60603,104,2,True,True,True,False,False,baseline,,mathstral,never,NOT_ROUTED
60603,5,mathstral,never,4,0,0,MATH/Llama,MATH/Gemma,60603,104,3,True,True,True,False,False,baseline,,mathstral,never,NOT_ROUTED
60603,5,mathstral,never,4,0,0,MATH/Llama,MATH/Gemma,60603,104,4,True,True,True,False,False,baseline,,mathstral,never,NOT_ROUTED
60603,5,mathstral,never,4,0,0,MATH/Llama,MATH/Gemma,60603,104,5,True,True,True,False,False,baseline,,mathstral,never,NOT_ROUTED
60603,5,mathstral,never,4,0,0,MATH/Llama,MATH/Gemma,60603,104,6,True,True,True,False,False,baseline,,mathstral,never,NOT_ROUTED
60603,5,mathstral,never,4,0,0,MATH/Llama,MATH/Gemma,60603,104,7,True,True,True,False,False,baseline,,mathstral,never,NOT_ROUTED
60603,5,mathstral,never,4,0,0,MATH/Llama,MATH/Gemma,60603,107,0,True,True,True,False,False,baseline,,mathstral,never,NOT_ROUTED
60603,5,mathstral,never,4,0,0,MATH/Llama,MATH/Gemma,60603,107,1,True,True,True,False,False,baseline,,mathstral,never,NOT_ROUTED
60603,5,mathstral,never,4,0,0,MATH/Llama,MATH/Gemma,60603,107,2,True,True,True,False,False,baseline,,mathstral,never,NOT_ROUTED
60603,5,mathstral,never,4,0,0,MATH/Llama,MATH/Gemma,60603,107,3,True,True,True,False,False,baseline,,mathstral,never,NOT_ROUTED
60603,5,mathstral,never,4,0,0,MATH/Llama,MATH/Gemma,60603,107,4,True,True,True,False,False,baseline,,mathstral,never,NOT_ROUTED
60603,5,mathstral,never,4,0,0,MATH/Llama,MATH/Gemma,60603,107,5,True,True,True,False,False,baseline,,mathstral,never,NOT_ROUTED
60603,5,mathstral,never,4,0,0,MATH/Llama,MATH/Gemma,60603,107,6,True,True,True,False,False,baseline,,mathstral,never,NOT_ROUTED
60603,5,mathstral,never,4,0,0,MATH/Llama,MATH/Gemma,60603,107,7,True,True,True,False,False,baseline,,mathstral,never,NOT_ROUTED
60603,5,mathstral,never,4,0,0,MATH/Llama,MATH/Gemma,60603,109,0,True,True,True,False,False,baseline,,mathstral,never,NOT_ROUTED
60603,5,mathstral,never,4,0,0,MATH/Llama,MATH/Gemma,60603,109,1,True,True,True,False,False,baseline,,mathstral,never,NOT_ROUTED
60603,5,mathstral,never,4,0,0,MATH/Llama,MATH/Gemma,60603,109,2,True,True,True,False,False,baseline,,mathstral,never,NOT_ROUTED
60603,5,mathstral,never,4,0,0,MATH/Llama,MATH/Gemma,60603,109,3,True,True,True,False,False,baseline,,mathstral,never,NOT_ROUTED
60603,5,mathstral,never,4,0,0,MATH/Llama,MATH/Gemma,60603,109,4,True,True,True,False,False,baseline,,mathstral,never,NOT_ROUTED
60603,5,mathstral,never,4,0,0,MATH/Llama,MATH/Gemma,60603,109,5,True,True,True,False,False,baseline,,mathstral,never,NOT_ROUTED
60603,5,mathstral,never,4,0,0,MATH/Llama,MATH/Gemma,60603,109,6,True,True,True,False,False,baseline,,mathstral,never,NOT_ROUTED
60603,5,mathstral,never,4,0,0,MATH/Llama,MATH/Gemma,60603,109,7,True,True,True,False,False,baseline,,mathstral,never,NOT_ROUTED
60603,5,mathstral,never,4,0,0,MATH/Llama,MATH/Gemma,60603,110,0,False,False,False,False,False,baseline,,mathstral,never,NOT_ROUTED
60603,5,mathstral,never,4,0,0,MATH/Llama,MATH/Gemma,60603,110,1,False,False,False,False,False,baseline,,mathstral,never,NOT_ROUTED
60603,5,mathstral,never,4,0,0,MATH/Llama,MATH/Gemma,60603,110,2,False,False,False,False,False,baseline,,mathstral,never,NOT_ROUTED
60603,5,mathstral,never,4,0,0,MATH/Llama,MATH/Gemma,60603,110,3,False,False,False,False,False,baseline,,mathstral,never,NOT_ROUTED
60603,5,mathstral,never,4,0,0,MATH/Llama,MATH/Gemma,60603,110,4,False,False,False,False,False,baseline,,mathstral,never,NOT_ROUTED
60603,5,mathstral,never,4,0,0,MATH/Llama,MATH/Gemma,60603,110,5,False,False,False,False,False,baseline,,mathstral,never,NOT_ROUTED
60603,5,mathstral,never,4,0,0,MATH/Llama,MATH/Gemma,60603,110,6,False,False,False,False,False,baseline,,mathstral,never,NOT_ROUTED
60603,5,mathstral,never,4,0,0,MATH/Llama,MATH/Gemma,60603,110,7,False,False,False,False,False,baseline,,mathstral,never,NOT_ROUTED
60603,5,mathstral,never,4,0,0,MATH/Llama,MATH/Gemma,60603,111,0,True,True,True,False,False,baseline,,mathstral,never,NOT_ROUTED
60603,5,mathstral,never,4,0,0,MATH/Llama,MATH/Gemma,60603,111,1,True,False,True,True,False,target_intersection_top20,pairwise_router_v123_llama_with_gemma_budget0_all_0014_regression_s60603_p111_t1,mathstral,never,A
60603,5,mathstral,never,4,0,0,MATH/Llama,MATH/Gemma,60603,111,2,True,True,True,False,False,baseline,,mathstral,never,NOT_ROUTED
60603,5,mathstral,never,4,0,0,MATH/Llama,MATH/Gemma,60603,111,3,True,True,True,False,False,baseline,,mathstral,never,NOT_ROUTED
60603,5,mathstral,never,4,0,0,MATH/Llama,MATH/Gemma,60603,111,4,True,True,True,False,False,baseline,,mathstral,never,NOT_ROUTED
60603,5,mathstral,never,4,0,0,MATH/Llama,MATH/Gemma,60603,111,5,True,False,True,True,False,target_intersection_top20,pairwise_router_v123_llama_with_gemma_budget0_all_0015_regression_s60603_p111_t5,mathstral,never,A
60603,5,mathstral,never,4,0,0,MATH/Llama,MATH/Gemma,60603,111,6,True,True,True,False,False,baseline,,mathstral,never,NOT_ROUTED
60603,5,mathstral,never,4,0,0,MATH/Llama,MATH/Gemma,60603,111,7,True,True,True,False,False,baseline,,mathstral,never,NOT_ROUTED
60603,5,mathstral,never,4,0,0,MATH/Llama,MATH/Gemma,60603,112,0,False,False,False,False,False,baseline,,mathstral,never,NOT_ROUTED
60603,5,mathstral,never,4,0,0,MATH/Llama,MATH/Gemma,60603,112,1,False,False,False,False,False,baseline,,mathstral,never,NOT_ROUTED
60603,5,mathstral,never,4,0,0,MATH/Llama,MATH/Gemma,60603,112,2,False,False,False,False,False,baseline,,mathstral,never,NOT_ROUTED
60603,5,mathstral,never,4,0,0,MATH/Llama,MATH/Gemma,60603,112,3,False,False,False,False,False,baseline,,mathstral,never,NOT_ROUTED
60603,5,mathstral,never,4,0,0,MATH/Llama,MATH/Gemma,60603,112,4,False,False,False,False,False,baseline,,mathstral,never,NOT_ROUTED
60603,5,mathstral,never,4,0,0,MATH/Llama,MATH/Gemma,60603,112,5,False,False,False,False,False,baseline,,mathstral,never,NOT_ROUTED
60603,5,mathstral,never,4,0,0,MATH/Llama,MATH/Gemma,60603,112,6,False,False,False,False,False,baseline,,mathstral,never,NOT_ROUTED
60603,5,mathstral,never,4,0,0,MATH/Llama,MATH/Gemma,60603,112,7,False,False,False,False,False,baseline,,mathstral,never,NOT_ROUTED
60603,5,mathstral,never,4,0,0,MATH/Llama,MATH/Gemma,60603,113,0,True,True,True,False,False,baseline,,mathstral,never,NOT_ROUTED
60603,5,mathstral,never,4,0,0,MATH/Llama,MATH/Gemma,60603,113,1,False,False,False,False,False,baseline,,mathstral,never,NOT_ROUTED
60603,5,mathstral,never,4,0,0,MATH/Llama,MATH/Gemma,60603,113,2,False,False,False,False,False,baseline,,mathstral,never,NOT_ROUTED
60603,5,mathstral,never,4,0,0,MATH/Llama,MATH/Gemma,60603,113,3,False,False,False,False,False,baseline,,mathstral,never,NOT_ROUTED
60603,5,mathstral,never,4,0,0,MATH/Llama,MATH/Gemma,60603,113,4,False,False,False,False,False,baseline,,mathstral,never,NOT_ROUTED
60603,5,mathstral,never,4,0,0,MATH/Llama,MATH/Gemma,60603,113,5,False,False,False,False,False,baseline,,mathstral,never,NOT_ROUTED
60603,5,mathstral,never,4,0,0,MATH/Llama,MATH/Gemma,60603,113,6,True,True,True,False,False,baseline,,mathstral,never,NOT_ROUTED
60603,5,mathstral,never,4,0,0,MATH/Llama,MATH/Gemma,60603,113,7,False,False,False,False,False,baseline,,mathstral,never,NOT_ROUTED
60603,5,mathstral,never,4,0,0,MATH/Llama,MATH/Gemma,60603,115,0,False,False,False,False,False,baseline,,mathstral,never,NOT_ROUTED
60603,5,mathstral,never,4,0,0,MATH/Llama,MATH/Gemma,60603,115,1,False,False,False,False,False,baseline,,mathstral,never,NOT_ROUTED
60603,5,mathstral,never,4,0,0,MATH/Llama,MATH/Gemma,60603,115,2,False,False,False,False,False,baseline,,mathstral,never,NOT_ROUTED
60603,5,mathstral,never,4,0,0,MATH/Llama,MATH/Gemma,60603,115,3,False,False,False,False,False,baseline,,mathstral,never,NOT_ROUTED
60603,5,mathstral,never,4,0,0,MATH/Llama,MATH/Gemma,60603,115,4,True,True,True,False,False,baseline,,mathstral,never,NOT_ROUTED
60603,5,mathstral,never,4,0,0,MATH/Llama,MATH/Gemma,60603,115,5,False,False,False,False,False,baseline,,mathstral,never,NOT_ROUTED
60603,5,mathstral,never,4,0,0,MATH/Llama,MATH/Gemma,60603,115,6,False,False,False,False,False,baseline,,mathstral,never,NOT_ROUTED
60603,5,mathstral,never,4,0,0,MATH/Llama,MATH/Gemma,60603,115,7,False,False,False,True,False,target_intersection_top20,pairwise_router_v123_llama_with_gemma_budget0_all_0009_neither_correct_s60603_p115_t7,mathstral,never,A
60603,5,mathstral,never,4,0,0,MATH/Llama,MATH/Gemma,60603,118,0,True,True,True,False,False,baseline,,mathstral,never,NOT_ROUTED
60603,5,mathstral,never,4,0,0,MATH/Llama,MATH/Gemma,60603,118,1,False,False,False,False,False,baseline,,mathstral,never,NOT_ROUTED
60603,5,mathstral,never,4,0,0,MATH/Llama,MATH/Gemma,60603,118,2,False,False,False,False,False,baseline,,mathstral,never,NOT_ROUTED
60603,5,mathstral,never,4,0,0,MATH/Llama,MATH/Gemma,60603,118,3,True,True,True,False,False,baseline,,mathstral,never,NOT_ROUTED
60603,5,mathstral,never,4,0,0,MATH/Llama,MATH/Gemma,60603,118,4,False,False,False,False,False,baseline,,mathstral,never,NOT_ROUTED
60603,5,mathstral,never,4,0,0,MATH/Llama,MATH/Gemma,60603,118,5,False,False,False,False,False,baseline,,mathstral,never,NOT_ROUTED
60603,5,mathstral,never,4,0,0,MATH/Llama,MATH/Gemma,60603,118,6,False,False,False,False,False,baseline,,mathstral,never,NOT_ROUTED
60603,5,mathstral,never,4,0,0,MATH/Llama,MATH/Gemma,60603,118,7,False,False,False,False,False,baseline,,mathstral,never,NOT_ROUTED
60603,5,mathstral,never,4,0,0,MATH/Llama,MATH/Gemma,60603,119,0,False,False,False,False,False,baseline,,mathstral,never,NOT_ROUTED
60603,5,mathstral,never,4,0,0,MATH/Llama,MATH/Gemma,60603,119,1,False,False,False,False,False,baseline,,mathstral,never,NOT_ROUTED
60603,5,mathstral,never,4,0,0,MATH/Llama,MATH/Gemma,60603,119,2,False,False,False,False,False,baseline,,mathstral,never,NOT_ROUTED
60603,5,mathstral,never,4,0,0,MATH/Llama,MATH/Gemma,60603,119,3,False,False,False,False,False,baseline,,mathstral,never,NOT_ROUTED
60603,5,mathstral,never,4,0,0,MATH/Llama,MATH/Gemma,60603,119,4,False,False,False,False,False,baseline,,mathstral,never,NOT_ROUTED
60603,5,mathstral,never,4,0,0,MATH/Llama,MATH/Gemma,60603,119,5,False,False,False,False,False,baseline,,mathstral,never,NOT_ROUTED
60603,5,mathstral,never,4,0,0,MATH/Llama,MATH/Gemma,60603,119,6,False,False,False,False,False,baseline,,mathstral,never,NOT_ROUTED
60603,5,mathstral,never,4,0,0,MATH/Llama,MATH/Gemma,60603,119,7,False,False,False,False,False,baseline,,mathstral,never,NOT_ROUTED
60603,5,mathstral,never,4,0,0,MATH/Llama,MATH/Gemma,60603,120,0,False,False,False,False,False,baseline,,mathstral,never,NOT_ROUTED
60603,5,mathstral,never,4,0,0,MATH/Llama,MATH/Gemma,60603,120,1,False,False,False,False,False,baseline,,mathstral,never,NOT_ROUTED
60603,5,mathstral,never,4,0,0,MATH/Llama,MATH/Gemma,60603,120,2,False,False,False,False,False,baseline,,mathstral,never,NOT_ROUTED
60603,5,mathstral,never,4,0,0,MATH/Llama,MATH/Gemma,60603,120,3,False,False,False,False,False,baseline,,mathstral,never,NOT_ROUTED
60603,5,mathstral,never,4,0,0,MATH/Llama,MATH/Gemma,60603,120,4,False,False,False,False,False,baseline,,mathstral,never,NOT_ROUTED
60603,5,mathstral,never,4,0,0,MATH/Llama,MATH/Gemma,60603,120,5,False,False,False,False,False,baseline,,mathstral,never,NOT_ROUTED
60603,5,mathstral,never,4,0,0,MATH/Llama,MATH/Gemma,60603,120,6,False,False,False,False,False,baseline,,mathstral,never,NOT_ROUTED
60603,5,mathstral,never,4,0,0,MATH/Llama,MATH/Gemma,60603,120,7,False,False,False,False,False,baseline,,mathstral,never,NOT_ROUTED
60603,5,mathstral,never,4,0,0,MATH/Llama,MATH/Gemma,60603,121,0,False,False,False,False,False,baseline,,mathstral,never,NOT_ROUTED
60603,5,mathstral,never,4,0,0,MATH/Llama,MATH/Gemma,60603,121,1,False,False,False,False,False,baseline,,mathstral,never,NOT_ROUTED
60603,5,mathstral,never,4,0,0,MATH/Llama,MATH/Gemma,60603,121,2,False,False,False,False,False,baseline,,mathstral,never,NOT_ROUTED
60603,5,mathstral,never,4,0,0,MATH/Llama,MATH/Gemma,60603,121,3,False,False,False,False,False,baseline,,mathstral,never,NOT_ROUTED
60603,5,mathstral,never,4,0,0,MATH/Llama,MATH/Gemma,60603,121,4,False,False,False,False,False,baseline,,mathstral,never,NOT_ROUTED
60603,5,mathstral,never,4,0,0,MATH/Llama,MATH/Gemma,60603,121,5,False,False,False,False,False,baseline,,mathstral,never,NOT_ROUTED
60603,5,mathstral,never,4,0,0,MATH/Llama,MATH/Gemma,60603,121,6,False,False,False,False,False,baseline,,mathstral,never,NOT_ROUTED
60603,5,mathstral,never,4,0,0,MATH/Llama,MATH/Gemma,60603,121,7,False,False,False,False,False,baseline,,mathstral,never,NOT_ROUTED
60603,5,mathstral,never,4,0,0,MATH/Llama,MATH/Gemma,60603,122,0,False,False,False,False,False,baseline,,mathstral,never,NOT_ROUTED
60603,5,mathstral,never,4,0,0,MATH/Llama,MATH/Gemma,60603,122,1,False,False,False,False,False,baseline,,mathstral,never,NOT_ROUTED
60603,5,mathstral,never,4,0,0,MATH/Llama,MATH/Gemma,60603,122,2,False,False,False,False,False,baseline,,mathstral,never,NOT_ROUTED
60603,5,mathstral,never,4,0,0,MATH/Llama,MATH/Gemma,60603,122,3,False,False,False,False,False,baseline,,mathstral,never,NOT_ROUTED
60603,5,mathstral,never,4,0,0,MATH/Llama,MATH/Gemma,60603,122,4,False,False,False,False,False,baseline,,mathstral,never,NOT_ROUTED
60603,5,mathstral,never,4,0,0,MATH/Llama,MATH/Gemma,60603,122,5,False,False,False,False,False,baseline,,mathstral,never,NOT_ROUTED
60603,5,mathstral,never,4,0,0,MATH/Llama,MATH/Gemma,60603,122,6,False,False,False,False,False,baseline,,mathstral,never,NOT_ROUTED
60603,5,mathstral,never,4,0,0,MATH/Llama,MATH/Gemma,60603,122,7,False,False,False,False,False,baseline,,mathstral,never,NOT_ROUTED
60603,5,mathstral,never,4,0,0,MATH/Llama,MATH/Gemma,60603,124,0,False,False,False,False,False,baseline,,mathstral,never,NOT_ROUTED
60603,5,mathstral,never,4,0,0,MATH/Llama,MATH/Gemma,60603,124,1,False,False,False,False,False,baseline,,mathstral,never,NOT_ROUTED
60603,5,mathstral,never,4,0,0,MATH/Llama,MATH/Gemma,60603,124,2,False,False,False,False,False,baseline,,mathstral,never,NOT_ROUTED
60603,5,mathstral,never,4,0,0,MATH/Llama,MATH/Gemma,60603,124,3,False,False,False,False,False,baseline,,mathstral,never,NOT_ROUTED
60603,5,mathstral,never,4,0,0,MATH/Llama,MATH/Gemma,60603,124,4,False,False,False,False,False,baseline,,mathstral,never,NOT_ROUTED
60603,5,mathstral,never,4,0,0,MATH/Llama,MATH/Gemma,60603,124,5,False,False,False,False,False,baseline,,mathstral,never,NOT_ROUTED
60603,5,mathstral,never,4,0,0,MATH/Llama,MATH/Gemma,60603,124,6,False,False,False,False,False,baseline,,mathstral,never,NOT_ROUTED
60603,5,mathstral,never,4,0,0,MATH/Llama,MATH/Gemma,60603,124,7,False,False,False,False,False,baseline,,mathstral,never,NOT_ROUTED
60603,5,mathstral,never,4,0,0,MATH/Llama,MATH/Gemma,60603,126,0,False,False,False,False,False,baseline,,mathstral,never,NOT_ROUTED
60603,5,mathstral,never,4,0,0,MATH/Llama,MATH/Gemma,60603,126,1,False,False,False,False,False,baseline,,mathstral,never,NOT_ROUTED
60603,5,mathstral,never,4,0,0,MATH/Llama,MATH/Gemma,60603,126,2,False,False,False,False,False,baseline,,mathstral,never,NOT_ROUTED
60603,5,mathstral,never,4,0,0,MATH/Llama,MATH/Gemma,60603,126,3,False,False,False,False,False,baseline,,mathstral,never,NOT_ROUTED
60603,5,mathstral,never,4,0,0,MATH/Llama,MATH/Gemma,60603,126,4,False,False,False,False,False,baseline,,mathstral,never,NOT_ROUTED
60603,5,mathstral,never,4,0,0,MATH/Llama,MATH/Gemma,60603,126,5,False,False,False,False,False,baseline,,mathstral,never,NOT_ROUTED
60603,5,mathstral,never,4,0,0,MATH/Llama,MATH/Gemma,60603,126,6,False,False,False,False,False,baseline,,mathstral,never,NOT_ROUTED
60603,5,mathstral,never,4,0,0,MATH/Llama,MATH/Gemma,60603,126,7,False,False,False,False,False,baseline,,mathstral,never,NOT_ROUTED
